<?xml version="1.0"?>
<SystemCheckTestResultDetails xmlns:xsd="http://www.w3.org/2001/XMLSchema" xmlns:xsi="http://www.w3.org/2001/XMLSchema-instance">
  <TestResultDetails>
    <item>
      <key>
        <string>Bsm</string>
      </key>
      <value>
        <TestResultDetails>
          <TestOutputXmlPaths>
            <string>D:\Illumina\SystemCheckResults\BsmMechanical\NS500355 2015-03-31__10_28_44\NS500355_BSM Mechanical Test_Results.xml</string>
          </TestOutputXmlPaths>
          <Items>
            <TestResultDetail>
              <Category>BSM</Category>
              <SubCategory>Cycle 1</SubCategory>
              <Test>BSM Z Up Distance</Test>
              <ExpectedResult>149259 +/- 3635</ExpectedResult>
              <Result>149792</Result>
              <Pass>true</Pass>
              <Time>2015-03-31T10:28:44.8644951-04:00</Time>
            </TestResultDetail>
            <TestResultDetail>
              <Category>BSM</Category>
              <SubCategory>Cycle 1</SubCategory>
              <Test>BSM Z Up Avg Gain</Test>
              <ExpectedResult>62900 +/- 5000</ExpectedResult>
              <Result>62158</Result>
              <Pass>true</Pass>
              <Time>2015-03-31T10:28:44.8644951-04:00</Time>
            </TestResultDetail>
            <TestResultDetail>
              <Category>BSM</Category>
              <SubCategory>Cycle 1</SubCategory>
              <Test>BSM Z Down Distance</Test>
              <ExpectedResult>149259 +/- 3635</ExpectedResult>
              <Result>150200</Result>
              <Pass>true</Pass>
              <Time>2015-03-31T10:28:44.8644951-04:00</Time>
            </TestResultDetail>
            <TestResultDetail>
              <Category>BSM</Category>
              <SubCategory>Cycle 1</SubCategory>
              <Test>BSM Z Down Avg Gain</Test>
              <ExpectedResult>61800 +/- 5000</ExpectedResult>
              <Result>62050</Result>
              <Pass>true</Pass>
              <Time>2015-03-31T10:28:44.8644951-04:00</Time>
            </TestResultDetail>
          </Items>
        </TestResultDetails>
      </value>
    </item>
    <item>
      <key>
        <string>FclmFam</string>
      </key>
      <value>
        <TestResultDetails>
          <TestOutputXmlPaths>
            <string>D:\Illumina\SystemCheckResults\FcmlFamMechanical\NS500355 2015-03-31__10_28_55\NS500355_FCLM FAM Mechanical Test_Results.xml</string>
          </TestOutputXmlPaths>
          <Items>
            <TestResultDetail>
              <Category>FCLM FAM</Category>
              <Test>FAM Y Load Distance</Test>
              <ExpectedResult>194968 +/- 1948</ExpectedResult>
              <Result>195150</Result>
              <Pass>true</Pass>
              <Time>2015-03-31T10:31:09.1237299-04:00</Time>
            </TestResultDetail>
            <TestResultDetail>
              <Category>FCLM FAM</Category>
              <Test>FAM Y Load Avg Gain</Test>
              <ExpectedResult>58800 +/- 7200</ExpectedResult>
              <Result>59596</Result>
              <Pass>true</Pass>
              <Time>2015-03-31T10:31:09.1237299-04:00</Time>
            </TestResultDetail>
            <TestResultDetail>
              <Category>FCLM FAM</Category>
              <Test>FAM Z Load Distance</Test>
              <ExpectedResult>19089 +/- 1093</ExpectedResult>
              <Result>18949</Result>
              <Pass>true</Pass>
              <Time>2015-03-31T10:31:09.1237299-04:00</Time>
            </TestResultDetail>
            <TestResultDetail>
              <Category>FCLM FAM</Category>
              <Test>FCLM X Load Avg Gain</Test>
              <ExpectedResult>&lt;= 65000</ExpectedResult>
              <Result>51979</Result>
              <Pass>true</Pass>
              <Time>2015-03-31T10:31:09.1237299-04:00</Time>
            </TestResultDetail>
            <TestResultDetail>
              <Category>FCLM FAM</Category>
              <Test>FCLM Y Load Avg Gain</Test>
              <ExpectedResult>&lt;= 65000</ExpectedResult>
              <Result>53775</Result>
              <Pass>true</Pass>
              <Time>2015-03-31T10:31:09.1237299-04:00</Time>
            </TestResultDetail>
            <TestResultDetail>
              <Category>FCLM FAM</Category>
              <Test>FCLM Z Load Avg Gain</Test>
              <ExpectedResult>&lt;= 65000</ExpectedResult>
              <Result>62472</Result>
              <Pass>true</Pass>
              <Time>2015-03-31T10:31:09.1237299-04:00</Time>
            </TestResultDetail>
            <TestResultDetail>
              <Category>FCLM FAM</Category>
              <Test>FCLM Align Load Avg Gain</Test>
              <ExpectedResult>&lt;= 65000</ExpectedResult>
              <Result>52959</Result>
              <Pass>true</Pass>
              <Time>2015-03-31T10:31:09.1237299-04:00</Time>
            </TestResultDetail>
            <TestResultDetail>
              <Category>FCLM FAM</Category>
              <Test>FAM Y Unload Distance</Test>
              <ExpectedResult>194968 +/- 1948</ExpectedResult>
              <Result>195071</Result>
              <Pass>true</Pass>
              <Time>2015-03-31T10:31:09.1237299-04:00</Time>
            </TestResultDetail>
            <TestResultDetail>
              <Category>FCLM FAM</Category>
              <Test>FAM Y Unload Avg Gain</Test>
              <ExpectedResult>58800 +/- 7200</ExpectedResult>
              <Result>59510</Result>
              <Pass>true</Pass>
              <Time>2015-03-31T10:31:09.1237299-04:00</Time>
            </TestResultDetail>
            <TestResultDetail>
              <Category>FCLM FAM</Category>
              <Test>FAM Z Unload Distance</Test>
              <ExpectedResult>19089 +/- 1093</ExpectedResult>
              <Result>18862</Result>
              <Pass>true</Pass>
              <Time>2015-03-31T10:31:09.1237299-04:00</Time>
            </TestResultDetail>
            <TestResultDetail>
              <Category>FCLM FAM</Category>
              <Test>FCLM X Unload Avg Gain</Test>
              <ExpectedResult>&lt;= 75000</ExpectedResult>
              <Result>54837</Result>
              <Pass>true</Pass>
              <Time>2015-03-31T10:31:09.1237299-04:00</Time>
            </TestResultDetail>
            <TestResultDetail>
              <Category>FCLM FAM</Category>
              <Test>FCLM Y Unload Avg Gain</Test>
              <ExpectedResult>&lt;= 75000</ExpectedResult>
              <Result>53527</Result>
              <Pass>true</Pass>
              <Time>2015-03-31T10:31:09.1237299-04:00</Time>
            </TestResultDetail>
            <TestResultDetail>
              <Category>FCLM FAM</Category>
              <Test>FCLM Z Unload Avg Gain</Test>
              <ExpectedResult>&lt;= 75000</ExpectedResult>
              <Result>65968</Result>
              <Pass>true</Pass>
              <Time>2015-03-31T10:31:09.1237299-04:00</Time>
            </TestResultDetail>
            <TestResultDetail>
              <Category>FCLM FAM</Category>
              <Test>FCLM Align Unload Avg Gain</Test>
              <ExpectedResult>&lt;= 75000</ExpectedResult>
              <Result>55156</Result>
              <Pass>true</Pass>
              <Time>2015-03-31T10:31:09.1237299-04:00</Time>
            </TestResultDetail>
          </Items>
        </TestResultDetails>
      </value>
    </item>
    <item>
      <key>
        <string>MotionStage</string>
      </key>
      <value>
        <TestResultDetails>
          <TestOutputXmlPaths>
            <string>D:\Illumina\SystemCheckResults\MotionStageTests\NS500355 2015-03-31__10_31_34\NS500355_Motion Stage Tests_Results.xml</string>
          </TestOutputXmlPaths>
          <Items>
            <TestResultDetail>
              <Category>Z Travel Limits Test</Category>
              <SubCategory>Camera 1</SubCategory>
              <Test>Z_min_range</Test>
              <ExpectedResult>X &gt;= 299.0</ExpectedResult>
              <Result>299.957</Result>
              <Pass>true</Pass>
              <Time>2015-03-31T10:31:45.0228242-04:00</Time>
            </TestResultDetail>
            <TestResultDetail>
              <Category>Z-Stage Step and Settle Test</Category>
              <SubCategory>Camera 1</SubCategory>
              <Test>Z_step_settle_max</Test>
              <ExpectedResult>X &lt;= 70</ExpectedResult>
              <Result>53</Result>
              <Pass>true</Pass>
              <Time>2015-03-31T10:31:45.6428251-04:00</Time>
            </TestResultDetail>
            <TestResultDetail>
              <Category>Z-Stage Step and Settle Test</Category>
              <SubCategory>Camera 1</SubCategory>
              <Test>Z_step_settle_min</Test>
              <Result>47</Result>
              <Pass xsi:nil="true" />
              <Time>2015-03-31T10:31:45.6428251-04:00</Time>
            </TestResultDetail>
            <TestResultDetail>
              <Category>Z-Stage Step and Settle Test</Category>
              <SubCategory>Camera 1</SubCategory>
              <Test>Z_stability_oper_max</Test>
              <ExpectedResult>X &lt;= 0.500</ExpectedResult>
              <Result>0.232</Result>
              <Pass>true</Pass>
              <Time>2015-03-31T10:31:45.6428251-04:00</Time>
            </TestResultDetail>
            <TestResultDetail>
              <Category>Z Travel Limits Test</Category>
              <SubCategory>Camera 2</SubCategory>
              <Test>Z_min_range</Test>
              <ExpectedResult>X &gt;= 299.0</ExpectedResult>
              <Result>299.896</Result>
              <Pass>true</Pass>
              <Time>2015-03-31T10:31:45.0228242-04:00</Time>
            </TestResultDetail>
            <TestResultDetail>
              <Category>Z-Stage Step and Settle Test</Category>
              <SubCategory>Camera 2</SubCategory>
              <Test>Z_step_settle_max</Test>
              <ExpectedResult>X &lt;= 70</ExpectedResult>
              <Result>53</Result>
              <Pass>true</Pass>
              <Time>2015-03-31T10:31:45.6428251-04:00</Time>
            </TestResultDetail>
            <TestResultDetail>
              <Category>Z-Stage Step and Settle Test</Category>
              <SubCategory>Camera 2</SubCategory>
              <Test>Z_step_settle_min</Test>
              <Result>48</Result>
              <Pass xsi:nil="true" />
              <Time>2015-03-31T10:31:45.6428251-04:00</Time>
            </TestResultDetail>
            <TestResultDetail>
              <Category>Z-Stage Step and Settle Test</Category>
              <SubCategory>Camera 2</SubCategory>
              <Test>Z_stability_oper_max</Test>
              <ExpectedResult>X &lt;= 0.500</ExpectedResult>
              <Result>0.292</Result>
              <Pass>true</Pass>
              <Time>2015-03-31T10:31:45.6428251-04:00</Time>
            </TestResultDetail>
            <TestResultDetail>
              <Category>Z Travel Limits Test</Category>
              <SubCategory>Camera 3</SubCategory>
              <Test>Z_min_range</Test>
              <ExpectedResult>X &gt;= 299.0</ExpectedResult>
              <Result>299.896</Result>
              <Pass>true</Pass>
              <Time>2015-03-31T10:31:45.0228242-04:00</Time>
            </TestResultDetail>
            <TestResultDetail>
              <Category>Z-Stage Step and Settle Test</Category>
              <SubCategory>Camera 3</SubCategory>
              <Test>Z_step_settle_max</Test>
              <ExpectedResult>X &lt;= 70</ExpectedResult>
              <Result>53</Result>
              <Pass>true</Pass>
              <Time>2015-03-31T10:31:45.6428251-04:00</Time>
            </TestResultDetail>
            <TestResultDetail>
              <Category>Z-Stage Step and Settle Test</Category>
              <SubCategory>Camera 3</SubCategory>
              <Test>Z_step_settle_min</Test>
              <Result>47</Result>
              <Pass xsi:nil="true" />
              <Time>2015-03-31T10:31:45.6428251-04:00</Time>
            </TestResultDetail>
            <TestResultDetail>
              <Category>Z-Stage Step and Settle Test</Category>
              <SubCategory>Camera 3</SubCategory>
              <Test>Z_stability_oper_max</Test>
              <ExpectedResult>X &lt;= 0.500</ExpectedResult>
              <Result>0.222</Result>
              <Pass>true</Pass>
              <Time>2015-03-31T10:31:45.6428251-04:00</Time>
            </TestResultDetail>
            <TestResultDetail>
              <Category>Z Travel Limits Test</Category>
              <SubCategory>Camera 4</SubCategory>
              <Test>Z_min_range</Test>
              <ExpectedResult>X &gt;= 299.0</ExpectedResult>
              <Result>299.988</Result>
              <Pass>true</Pass>
              <Time>2015-03-31T10:31:45.0228242-04:00</Time>
            </TestResultDetail>
            <TestResultDetail>
              <Category>Z-Stage Step and Settle Test</Category>
              <SubCategory>Camera 4</SubCategory>
              <Test>Z_step_settle_max</Test>
              <ExpectedResult>X &lt;= 70</ExpectedResult>
              <Result>53</Result>
              <Pass>true</Pass>
              <Time>2015-03-31T10:31:45.6428251-04:00</Time>
            </TestResultDetail>
            <TestResultDetail>
              <Category>Z-Stage Step and Settle Test</Category>
              <SubCategory>Camera 4</SubCategory>
              <Test>Z_step_settle_min</Test>
              <Result>48</Result>
              <Pass xsi:nil="true" />
              <Time>2015-03-31T10:31:45.6428251-04:00</Time>
            </TestResultDetail>
            <TestResultDetail>
              <Category>Z-Stage Step and Settle Test</Category>
              <SubCategory>Camera 4</SubCategory>
              <Test>Z_stability_oper_max</Test>
              <ExpectedResult>X &lt;= 0.500</ExpectedResult>
              <Result>0.278</Result>
              <Pass>true</Pass>
              <Time>2015-03-31T10:31:45.6428251-04:00</Time>
            </TestResultDetail>
            <TestResultDetail>
              <Category>Z Travel Limits Test</Category>
              <SubCategory>Camera 5</SubCategory>
              <Test>Z_min_range</Test>
              <ExpectedResult>X &gt;= 299.0</ExpectedResult>
              <Result>299.973</Result>
              <Pass>true</Pass>
              <Time>2015-03-31T10:31:45.0228242-04:00</Time>
            </TestResultDetail>
            <TestResultDetail>
              <Category>Z-Stage Step and Settle Test</Category>
              <SubCategory>Camera 5</SubCategory>
              <Test>Z_step_settle_max</Test>
              <ExpectedResult>X &lt;= 70</ExpectedResult>
              <Result>53</Result>
              <Pass>true</Pass>
              <Time>2015-03-31T10:31:45.6428251-04:00</Time>
            </TestResultDetail>
            <TestResultDetail>
              <Category>Z-Stage Step and Settle Test</Category>
              <SubCategory>Camera 5</SubCategory>
              <Test>Z_step_settle_min</Test>
              <Result>48</Result>
              <Pass xsi:nil="true" />
              <Time>2015-03-31T10:31:45.6428251-04:00</Time>
            </TestResultDetail>
            <TestResultDetail>
              <Category>Z-Stage Step and Settle Test</Category>
              <SubCategory>Camera 5</SubCategory>
              <Test>Z_stability_oper_max</Test>
              <ExpectedResult>X &lt;= 0.500</ExpectedResult>
              <Result>0.234</Result>
              <Pass>true</Pass>
              <Time>2015-03-31T10:31:45.6428251-04:00</Time>
            </TestResultDetail>
            <TestResultDetail>
              <Category>Z Travel Limits Test</Category>
              <SubCategory>Camera 6</SubCategory>
              <Test>Z_min_range</Test>
              <ExpectedResult>X &gt;= 299.0</ExpectedResult>
              <Result>300.003</Result>
              <Pass>true</Pass>
              <Time>2015-03-31T10:31:45.0228242-04:00</Time>
            </TestResultDetail>
            <TestResultDetail>
              <Category>Z-Stage Step and Settle Test</Category>
              <SubCategory>Camera 6</SubCategory>
              <Test>Z_step_settle_max</Test>
              <ExpectedResult>X &lt;= 70</ExpectedResult>
              <Result>53</Result>
              <Pass>true</Pass>
              <Time>2015-03-31T10:31:45.6428251-04:00</Time>
            </TestResultDetail>
            <TestResultDetail>
              <Category>Z-Stage Step and Settle Test</Category>
              <SubCategory>Camera 6</SubCategory>
              <Test>Z_step_settle_min</Test>
              <Result>48</Result>
              <Pass xsi:nil="true" />
              <Time>2015-03-31T10:31:45.6428251-04:00</Time>
            </TestResultDetail>
            <TestResultDetail>
              <Category>Z-Stage Step and Settle Test</Category>
              <SubCategory>Camera 6</SubCategory>
              <Test>Z_stability_oper_max</Test>
              <ExpectedResult>X &lt;= 0.500</ExpectedResult>
              <Result>0.222</Result>
              <Pass>true</Pass>
              <Time>2015-03-31T10:31:45.6428251-04:00</Time>
            </TestResultDetail>
            <TestResultDetail>
              <Category>Camera XY Travel Limits Test</Category>
              <SubCategory>Stage</SubCategory>
              <Test>X_range</Test>
              <ExpectedResult>X &gt;= 19.85</ExpectedResult>
              <Result>19.90</Result>
              <Pass>true</Pass>
              <Time>2015-03-31T10:31:34.9357997-04:00</Time>
            </TestResultDetail>
            <TestResultDetail>
              <Category>Camera XY Travel Limits Test</Category>
              <SubCategory>Stage</SubCategory>
              <Test>Y_range</Test>
              <ExpectedResult>X &gt;= 23.25</ExpectedResult>
              <Result>23.30</Result>
              <Pass>true</Pass>
              <Time>2015-03-31T10:31:34.9357997-04:00</Time>
            </TestResultDetail>
          </Items>
        </TestResultDetails>
      </value>
    </item>
    <item>
      <key>
        <string>UbertargetRegistration</string>
      </key>
      <value>
        <TestResultDetails>
          <TestOutputXmlPaths />
          <Items />
        </TestResultDetails>
      </value>
    </item>
    <item>
      <key>
        <string>Optical</string>
      </key>
      <value>
        <TestResultDetails>
          <TestOutputXmlPaths />
          <Items />
        </TestResultDetails>
      </value>
    </item>
    <item>
      <key>
        <string>OpticsStage</string>
      </key>
      <value>
        <TestResultDetails>
          <TestOutputXmlPaths />
          <Items />
        </TestResultDetails>
      </value>
    </item>
    <item>
      <key>
        <string>FlowCellRegistration</string>
      </key>
      <value>
        <TestResultDetails>
          <TestOutputXmlPaths />
          <Items />
        </TestResultDetails>
      </value>
    </item>
    <item>
      <key>
        <string>ValveResponse</string>
      </key>
      <value>
        <TestResultDetails>
          <TestOutputXmlPaths />
          <Items />
        </TestResultDetails>
      </value>
    </item>
    <item>
      <key>
        <string>PressureDecay1</string>
      </key>
      <value>
        <TestResultDetails>
          <TestOutputXmlPaths />
          <Items />
        </TestResultDetails>
      </value>
    </item>
    <item>
      <key>
        <string>FlowRate</string>
      </key>
      <value>
        <TestResultDetails>
          <TestOutputXmlPaths />
          <Items />
        </TestResultDetails>
      </value>
    </item>
    <item>
      <key>
        <string>Impedance</string>
      </key>
      <value>
        <TestResultDetails>
          <TestOutputXmlPaths />
          <Items />
        </TestResultDetails>
      </value>
    </item>
    <item>
      <key>
        <string>PressureDecay2</string>
      </key>
      <value>
        <TestResultDetails>
          <TestOutputXmlPaths />
          <Items />
        </TestResultDetails>
      </value>
    </item>
    <item>
      <key>
        <string>FlowCellThermal</string>
      </key>
      <value>
        <TestResultDetails>
          <TestOutputXmlPaths />
          <Items />
        </TestResultDetails>
      </value>
    </item>
    <item>
      <key>
        <string>Fans</string>
      </key>
      <value>
        <TestResultDetails>
          <TestOutputXmlPaths />
          <Items />
        </TestResultDetails>
      </value>
    </item>
    <item>
      <key>
        <string>Probes</string>
      </key>
      <value>
        <TestResultDetails>
          <TestOutputXmlPaths />
          <Items />
        </TestResultDetails>
      </value>
    </item>
  </TestResultDetails>
</SystemCheckTestResultDetails>