Filename,D:\Illumina\SystemCheckResults\AllResultDetails\NS500355_2020-06-16__08_21_00_SystemCheckResultDetails.csv
Application,2.2.0.2
Location,Field
Instrument ID,NS500355
Integrated Chassis ID,ICA1415024
Imaging Module ID,ICA1415024
FPGA version,r.2016.3.0

Category,Detail 1, Detail 2,Test,Expected Result,Result,Pass,Time
BSM,Cycle 1,,BSM Z Up Distance,149259 +/- 3635,147746,True,6/15/2020 6:58:33 PM
BSM,Cycle 1,,BSM Z Up Avg Gain,62900 +/- 5000,62012,True,6/15/2020 6:58:33 PM
BSM,Cycle 1,,BSM Z Down Distance,149259 +/- 3635,147545,True,6/15/2020 6:58:33 PM
BSM,Cycle 1,,BSM Z Down Avg Gain,61800 +/- 5000,62067,True,6/15/2020 6:58:33 PM
FCLM FAM,,,FAM Y Load Distance,194968 +/- 1948,194364,True,6/15/2020 7:01:44 PM
FCLM FAM,,,FAM Y Load Avg Gain,58800 +/- 7200,59990,True,6/15/2020 7:01:44 PM
FCLM FAM,,,FAM Z Load Distance,19089 +/- 1093,18960,True,6/15/2020 7:01:44 PM
FCLM FAM,,,FCLM X Load Avg Gain,<= 65000,51646,True,6/15/2020 7:01:44 PM
FCLM FAM,,,FCLM Y Load Avg Gain,<= 65000,53744,True,6/15/2020 7:01:44 PM
FCLM FAM,,,FCLM Z Load Avg Gain,<= 65000,59546,True,6/15/2020 7:01:44 PM
FCLM FAM,,,FCLM Align Load Avg Gain,<= 65000,51864,True,6/15/2020 7:01:44 PM
FCLM FAM,,,FAM Y Unload Distance,194968 +/- 1948,194338,True,6/15/2020 7:01:44 PM
FCLM FAM,,,FAM Y Unload Avg Gain,58800 +/- 7200,59488,True,6/15/2020 7:01:44 PM
FCLM FAM,,,FAM Z Unload Distance,19089 +/- 1093,18892,True,6/15/2020 7:01:44 PM
FCLM FAM,,,FCLM X Unload Avg Gain,<= 75000,54226,True,6/15/2020 7:01:44 PM
FCLM FAM,,,FCLM Y Unload Avg Gain,<= 75000,52888,True,6/15/2020 7:01:44 PM
FCLM FAM,,,FCLM Z Unload Avg Gain,<= 75000,62994,True,6/15/2020 7:01:44 PM
FCLM FAM,,,FCLM Align Unload Avg Gain,<= 75000,55293,True,6/15/2020 7:01:44 PM
Z Travel Limits Test,Camera 1,,Z_min_range,X >= 299.0,299.988,True,6/15/2020 7:02:21 PM
Z-Stage Step and Settle Test,Camera 1,,Z_step_settle_max,X <= 70,53,True,6/15/2020 7:02:23 PM
Z-Stage Step and Settle Test,Camera 1,,Z_step_settle_min,,48,,6/15/2020 7:02:23 PM
Z-Stage Step and Settle Test,Camera 1,,Z_stability_oper_max,X <= 0.500,0.160,True,6/15/2020 7:02:23 PM
Z Travel Limits Test,Camera 2,,Z_min_range,X >= 299.0,299.973,True,6/15/2020 7:02:21 PM
Z-Stage Step and Settle Test,Camera 2,,Z_step_settle_max,X <= 70,53,True,6/15/2020 7:02:23 PM
Z-Stage Step and Settle Test,Camera 2,,Z_step_settle_min,,48,,6/15/2020 7:02:23 PM
Z-Stage Step and Settle Test,Camera 2,,Z_stability_oper_max,X <= 0.500,0.189,True,6/15/2020 7:02:23 PM
Z Travel Limits Test,Camera 3,,Z_min_range,X >= 299.0,299.957,True,6/15/2020 7:02:21 PM
Z-Stage Step and Settle Test,Camera 3,,Z_step_settle_max,X <= 70,53,True,6/15/2020 7:02:23 PM
Z-Stage Step and Settle Test,Camera 3,,Z_step_settle_min,,48,,6/15/2020 7:02:23 PM
Z-Stage Step and Settle Test,Camera 3,,Z_stability_oper_max,X <= 0.500,0.207,True,6/15/2020 7:02:23 PM
Z Travel Limits Test,Camera 4,,Z_min_range,X >= 299.0,299.957,True,6/15/2020 7:02:21 PM
Z-Stage Step and Settle Test,Camera 4,,Z_step_settle_max,X <= 70,53,True,6/15/2020 7:02:23 PM
Z-Stage Step and Settle Test,Camera 4,,Z_step_settle_min,,48,,6/15/2020 7:02:23 PM
Z-Stage Step and Settle Test,Camera 4,,Z_stability_oper_max,X <= 0.500,0.130,True,6/15/2020 7:02:23 PM
Z Travel Limits Test,Camera 5,,Z_min_range,X >= 299.0,299.988,True,6/15/2020 7:02:21 PM
Z-Stage Step and Settle Test,Camera 5,,Z_step_settle_max,X <= 70,53,True,6/15/2020 7:02:23 PM
Z-Stage Step and Settle Test,Camera 5,,Z_step_settle_min,,48,,6/15/2020 7:02:23 PM
Z-Stage Step and Settle Test,Camera 5,,Z_stability_oper_max,X <= 0.500,0.126,True,6/15/2020 7:02:23 PM
Z Travel Limits Test,Camera 6,,Z_min_range,X >= 299.0,299.957,True,6/15/2020 7:02:21 PM
Z-Stage Step and Settle Test,Camera 6,,Z_step_settle_max,X <= 70,53,True,6/15/2020 7:02:23 PM
Z-Stage Step and Settle Test,Camera 6,,Z_step_settle_min,,48,,6/15/2020 7:02:23 PM
Z-Stage Step and Settle Test,Camera 6,,Z_stability_oper_max,X <= 0.500,0.141,True,6/15/2020 7:02:23 PM
Camera XY Travel Limits Test,Stage,,X_range,X >= 22.95,23.00,True,6/15/2020 7:02:10 PM
Camera XY Travel Limits Test,Stage,,Y_range,X >= 28.45,28.50,True,6/15/2020 7:02:10 PM
XY Registration Test,Camera 1,,Theta_X_Tilt,="-0.172 <= X <= 0.172",-0.002774852,True,6/15/2020 7:18:37 PM
XY Registration Test,Camera 1,,Theta_Y_Tilt,="-0.229 <= X <= 0.229",0.005352783,True,6/15/2020 7:18:37 PM
XY Registration Test,Camera 2,,Theta_X_Tilt,="-0.172 <= X <= 0.172",0.004138275,True,6/15/2020 7:18:37 PM
XY Registration Test,Camera 2,,Theta_Y_Tilt,="-0.229 <= X <= 0.229",0.02124144,True,6/15/2020 7:18:37 PM
XY Registration Test,Camera 3,,Theta_X_Tilt,="-0.172 <= X <= 0.172",-0.01253957,True,6/15/2020 7:18:37 PM
XY Registration Test,Camera 3,,Theta_Y_Tilt,="-0.229 <= X <= 0.229",0.01669055,True,6/15/2020 7:18:37 PM
XY Registration Test,Camera 4,,Theta_X_Tilt,="-0.172 <= X <= 0.172",-0.01328082,True,6/15/2020 7:18:37 PM
XY Registration Test,Camera 4,,Theta_Y_Tilt,="-0.229 <= X <= 0.229",0.03345863,True,6/15/2020 7:18:37 PM
XY Registration Test,Camera 5,,Theta_X_Tilt,="-0.172 <= X <= 0.172",-0.006928004,True,6/15/2020 7:18:37 PM
XY Registration Test,Camera 5,,Theta_Y_Tilt,="-0.229 <= X <= 0.229",0.04315171,True,6/15/2020 7:18:37 PM
XY Registration Test,Camera 6,,Theta_X_Tilt,="-0.172 <= X <= 0.172",0.0006907999,True,6/15/2020 7:18:37 PM
XY Registration Test,Camera 6,,Theta_Y_Tilt,="-0.229 <= X <= 0.229",0.06356917,True,6/15/2020 7:18:37 PM
XY Registration Test,Stage,,Y_skew,="-0.235 <= X <= 0.235",-0.09958225,True,6/15/2020 7:18:37 PM
Reagent Valve Response,Valve A,Position 1,Expected Steps,,1633,,6/15/2020 7:22:42 PM
Reagent Valve Response,Valve A,Position 1,Actual Steps,,1680,,1/1/0001 12:00:00 AM
Reagent Valve Response,Valve A,Position 1,Error Steps,< 100,47,True,1/1/0001 12:00:00 AM
Reagent Valve Response,Valve A,Position 2,Expected Steps,,204,,6/15/2020 7:22:43 PM
Reagent Valve Response,Valve A,Position 2,Actual Steps,,214,,1/1/0001 12:00:00 AM
Reagent Valve Response,Valve A,Position 2,Error Steps,< 100,10,True,1/1/0001 12:00:00 AM
Reagent Valve Response,Valve A,Position 3,Expected Steps,,204,,6/15/2020 7:22:44 PM
Reagent Valve Response,Valve A,Position 3,Actual Steps,,213,,1/1/0001 12:00:00 AM
Reagent Valve Response,Valve A,Position 3,Error Steps,< 100,9,True,1/1/0001 12:00:00 AM
Reagent Valve Response,Valve A,Position 4,Expected Steps,,204,,6/15/2020 7:22:44 PM
Reagent Valve Response,Valve A,Position 4,Actual Steps,,213,,1/1/0001 12:00:00 AM
Reagent Valve Response,Valve A,Position 4,Error Steps,< 100,9,True,1/1/0001 12:00:00 AM
Reagent Valve Response,Valve A,Position 5,Expected Steps,,204,,6/15/2020 7:22:45 PM
Reagent Valve Response,Valve A,Position 5,Actual Steps,,211,,1/1/0001 12:00:00 AM
Reagent Valve Response,Valve A,Position 5,Error Steps,< 100,7,True,1/1/0001 12:00:00 AM
Reagent Valve Response,Valve A,Position 6,Expected Steps,,204,,6/15/2020 7:22:46 PM
Reagent Valve Response,Valve A,Position 6,Actual Steps,,211,,1/1/0001 12:00:00 AM
Reagent Valve Response,Valve A,Position 6,Error Steps,< 100,7,True,1/1/0001 12:00:00 AM
Reagent Valve Response,Valve A,Position 7,Expected Steps,,204,,6/15/2020 7:22:46 PM
Reagent Valve Response,Valve A,Position 7,Actual Steps,,212,,1/1/0001 12:00:00 AM
Reagent Valve Response,Valve A,Position 7,Error Steps,< 100,8,True,1/1/0001 12:00:00 AM
Reagent Valve Response,Valve A,Position 8,Expected Steps,,204,,6/15/2020 7:22:47 PM
Reagent Valve Response,Valve A,Position 8,Actual Steps,,211,,1/1/0001 12:00:00 AM
Reagent Valve Response,Valve A,Position 8,Error Steps,< 100,7,True,1/1/0001 12:00:00 AM
Reagent Valve Response,Valve A,Position 9,Expected Steps,,204,,6/15/2020 7:22:48 PM
Reagent Valve Response,Valve A,Position 9,Actual Steps,,213,,1/1/0001 12:00:00 AM
Reagent Valve Response,Valve A,Position 9,Error Steps,< 100,9,True,1/1/0001 12:00:00 AM
Reagent Valve Response,Valve A,Position 10,Expected Steps,,204,,6/15/2020 7:22:49 PM
Reagent Valve Response,Valve A,Position 10,Actual Steps,,210,,1/1/0001 12:00:00 AM
Reagent Valve Response,Valve A,Position 10,Error Steps,< 100,6,True,1/1/0001 12:00:00 AM
Reagent Valve Response,Valve A,Position 11,Expected Steps,,204,,6/15/2020 7:22:49 PM
Reagent Valve Response,Valve A,Position 11,Actual Steps,,212,,1/1/0001 12:00:00 AM
Reagent Valve Response,Valve A,Position 11,Error Steps,< 100,8,True,1/1/0001 12:00:00 AM
Reagent Valve Response,Valve A,Position 12,Expected Steps,,204,,6/15/2020 7:22:50 PM
Reagent Valve Response,Valve A,Position 12,Actual Steps,,209,,1/1/0001 12:00:00 AM
Reagent Valve Response,Valve A,Position 12,Error Steps,< 100,5,True,1/1/0001 12:00:00 AM
Reagent Valve Response,Valve A,Position 13,Expected Steps,,204,,6/15/2020 7:22:51 PM
Reagent Valve Response,Valve A,Position 13,Actual Steps,,212,,1/1/0001 12:00:00 AM
Reagent Valve Response,Valve A,Position 13,Error Steps,< 100,8,True,1/1/0001 12:00:00 AM
Reagent Valve Response,Valve A,Position 14,Expected Steps,,204,,6/15/2020 7:22:51 PM
Reagent Valve Response,Valve A,Position 14,Actual Steps,,209,,1/1/0001 12:00:00 AM
Reagent Valve Response,Valve A,Position 14,Error Steps,< 100,5,True,1/1/0001 12:00:00 AM
Reagent Valve Response,Valve A,Position 15,Expected Steps,,204,,6/15/2020 7:22:52 PM
Reagent Valve Response,Valve A,Position 15,Actual Steps,,218,,1/1/0001 12:00:00 AM
Reagent Valve Response,Valve A,Position 15,Error Steps,< 100,14,True,1/1/0001 12:00:00 AM
Reagent Valve Response,Valve A,Position 16,Expected Steps,,204,,6/15/2020 7:22:53 PM
Reagent Valve Response,Valve A,Position 16,Actual Steps,,214,,1/1/0001 12:00:00 AM
Reagent Valve Response,Valve A,Position 16,Error Steps,< 100,10,True,1/1/0001 12:00:00 AM
Reagent Valve Response,Valve A,Position 17,Expected Steps,,204,,6/15/2020 7:22:54 PM
Reagent Valve Response,Valve A,Position 17,Actual Steps,,212,,1/1/0001 12:00:00 AM
Reagent Valve Response,Valve A,Position 17,Error Steps,< 100,8,True,1/1/0001 12:00:00 AM
Reagent Valve Response,Valve A,Position 18,Expected Steps,,204,,6/15/2020 7:22:54 PM
Reagent Valve Response,Valve A,Position 18,Actual Steps,,213,,1/1/0001 12:00:00 AM
Reagent Valve Response,Valve A,Position 18,Error Steps,< 100,9,True,1/1/0001 12:00:00 AM
Reagent Valve Response,Valve A,Position 19,Expected Steps,,204,,6/15/2020 7:22:55 PM
Reagent Valve Response,Valve A,Position 19,Actual Steps,,203,,1/1/0001 12:00:00 AM
Reagent Valve Response,Valve A,Position 19,Error Steps,< 100,-1,True,1/1/0001 12:00:00 AM
Reagent Valve Response,Valve A,Position 20,Expected Steps,,204,,6/15/2020 7:22:56 PM
Reagent Valve Response,Valve A,Position 20,Actual Steps,,216,,1/1/0001 12:00:00 AM
Reagent Valve Response,Valve A,Position 20,Error Steps,< 100,12,True,1/1/0001 12:00:00 AM
Reagent Valve Response,Valve A,Position 21,Expected Steps,,204,,6/15/2020 7:22:56 PM
Reagent Valve Response,Valve A,Position 21,Actual Steps,,211,,1/1/0001 12:00:00 AM
Reagent Valve Response,Valve A,Position 21,Error Steps,< 100,7,True,1/1/0001 12:00:00 AM
Reagent Valve Response,Valve A,Position 22,Expected Steps,,204,,6/15/2020 7:22:57 PM
Reagent Valve Response,Valve A,Position 22,Actual Steps,,213,,1/1/0001 12:00:00 AM
Reagent Valve Response,Valve A,Position 22,Error Steps,< 100,9,True,1/1/0001 12:00:00 AM
Reagent Valve Response,Valve A,Position 23,Expected Steps,,204,,6/15/2020 7:22:58 PM
Reagent Valve Response,Valve A,Position 23,Actual Steps,,224,,1/1/0001 12:00:00 AM
Reagent Valve Response,Valve A,Position 23,Error Steps,< 100,20,True,1/1/0001 12:00:00 AM
Reagent Valve Response,Valve A,Position 24,Expected Steps,,204,,6/15/2020 7:22:58 PM
Reagent Valve Response,Valve A,Position 24,Actual Steps,,208,,1/1/0001 12:00:00 AM
Reagent Valve Response,Valve A,Position 24,Error Steps,< 100,4,True,1/1/0001 12:00:00 AM
Reagent Valve Response,Valve B,Position 1,Expected Steps,,2450,,6/15/2020 7:23:00 PM
Reagent Valve Response,Valve B,Position 1,Actual Steps,,2485,,1/1/0001 12:00:00 AM
Reagent Valve Response,Valve B,Position 1,Error Steps,< 100,35,True,1/1/0001 12:00:00 AM
Reagent Valve Response,Valve B,Position 2,Expected Steps,,204,,6/15/2020 7:23:01 PM
Reagent Valve Response,Valve B,Position 2,Actual Steps,,241,,1/1/0001 12:00:00 AM
Reagent Valve Response,Valve B,Position 2,Error Steps,< 100,37,True,1/1/0001 12:00:00 AM
Reagent Valve Response,Valve B,Position 3,Expected Steps,,204,,6/15/2020 7:23:01 PM
Reagent Valve Response,Valve B,Position 3,Actual Steps,,206,,1/1/0001 12:00:00 AM
Reagent Valve Response,Valve B,Position 3,Error Steps,< 100,2,True,1/1/0001 12:00:00 AM
Reagent Valve Response,Valve B,Position 4,Expected Steps,,204,,6/15/2020 7:23:02 PM
Reagent Valve Response,Valve B,Position 4,Actual Steps,,215,,1/1/0001 12:00:00 AM
Reagent Valve Response,Valve B,Position 4,Error Steps,< 100,11,True,1/1/0001 12:00:00 AM
Reagent Valve Response,Valve B,Position 5,Expected Steps,,204,,6/15/2020 7:23:03 PM
Reagent Valve Response,Valve B,Position 5,Actual Steps,,212,,1/1/0001 12:00:00 AM
Reagent Valve Response,Valve B,Position 5,Error Steps,< 100,8,True,1/1/0001 12:00:00 AM
Reagent Valve Response,Valve B,Position 6,Expected Steps,,204,,6/15/2020 7:23:03 PM
Reagent Valve Response,Valve B,Position 6,Actual Steps,,210,,1/1/0001 12:00:00 AM
Reagent Valve Response,Valve B,Position 6,Error Steps,< 100,6,True,1/1/0001 12:00:00 AM
Reagent Valve Response,Valve B,Position 7,Expected Steps,,204,,6/15/2020 7:23:04 PM
Reagent Valve Response,Valve B,Position 7,Actual Steps,,211,,1/1/0001 12:00:00 AM
Reagent Valve Response,Valve B,Position 7,Error Steps,< 100,7,True,1/1/0001 12:00:00 AM
Reagent Valve Response,Valve B,Position 8,Expected Steps,,204,,6/15/2020 7:23:05 PM
Reagent Valve Response,Valve B,Position 8,Actual Steps,,212,,1/1/0001 12:00:00 AM
Reagent Valve Response,Valve B,Position 8,Error Steps,< 100,8,True,1/1/0001 12:00:00 AM
Reagent Valve Response,Valve B,Position 9,Expected Steps,,204,,6/15/2020 7:23:06 PM
Reagent Valve Response,Valve B,Position 9,Actual Steps,,212,,1/1/0001 12:00:00 AM
Reagent Valve Response,Valve B,Position 9,Error Steps,< 100,8,True,1/1/0001 12:00:00 AM
Reagent Valve Response,Valve B,Position 10,Expected Steps,,204,,6/15/2020 7:23:06 PM
Reagent Valve Response,Valve B,Position 10,Actual Steps,,210,,1/1/0001 12:00:00 AM
Reagent Valve Response,Valve B,Position 10,Error Steps,< 100,6,True,1/1/0001 12:00:00 AM
Reagent Valve Response,Valve B,Position 11,Expected Steps,,204,,6/15/2020 7:23:07 PM
Reagent Valve Response,Valve B,Position 11,Actual Steps,,222,,1/1/0001 12:00:00 AM
Reagent Valve Response,Valve B,Position 11,Error Steps,< 100,18,True,1/1/0001 12:00:00 AM
Reagent Valve Response,Valve B,Position 12,Expected Steps,,204,,6/15/2020 7:23:08 PM
Reagent Valve Response,Valve B,Position 12,Actual Steps,,212,,1/1/0001 12:00:00 AM
Reagent Valve Response,Valve B,Position 12,Error Steps,< 100,8,True,1/1/0001 12:00:00 AM
Reagent Valve Response,Valve B,Position 13,Expected Steps,,204,,6/15/2020 7:23:08 PM
Reagent Valve Response,Valve B,Position 13,Actual Steps,,210,,1/1/0001 12:00:00 AM
Reagent Valve Response,Valve B,Position 13,Error Steps,< 100,6,True,1/1/0001 12:00:00 AM
Reagent Valve Response,Valve B,Position 14,Expected Steps,,204,,6/15/2020 7:23:09 PM
Reagent Valve Response,Valve B,Position 14,Actual Steps,,200,,1/1/0001 12:00:00 AM
Reagent Valve Response,Valve B,Position 14,Error Steps,< 100,-4,True,1/1/0001 12:00:00 AM
Reagent Valve Response,Valve B,Position 15,Expected Steps,,204,,6/15/2020 7:23:10 PM
Reagent Valve Response,Valve B,Position 15,Actual Steps,,205,,1/1/0001 12:00:00 AM
Reagent Valve Response,Valve B,Position 15,Error Steps,< 100,1,True,1/1/0001 12:00:00 AM
Reagent Valve Response,Valve B,Position 16,Expected Steps,,204,,6/15/2020 7:23:10 PM
Reagent Valve Response,Valve B,Position 16,Actual Steps,,213,,1/1/0001 12:00:00 AM
Reagent Valve Response,Valve B,Position 16,Error Steps,< 100,9,True,1/1/0001 12:00:00 AM
Reagent Valve Response,Valve B,Position 17,Expected Steps,,204,,6/15/2020 7:23:11 PM
Reagent Valve Response,Valve B,Position 17,Actual Steps,,204,,1/1/0001 12:00:00 AM
Reagent Valve Response,Valve B,Position 17,Error Steps,< 100,0,True,1/1/0001 12:00:00 AM
Reagent Valve Response,Valve B,Position 18,Expected Steps,,204,,6/15/2020 7:23:12 PM
Reagent Valve Response,Valve B,Position 18,Actual Steps,,202,,1/1/0001 12:00:00 AM
Reagent Valve Response,Valve B,Position 18,Error Steps,< 100,-2,True,1/1/0001 12:00:00 AM
Reagent Valve Response,Valve B,Position 19,Expected Steps,,204,,6/15/2020 7:23:13 PM
Reagent Valve Response,Valve B,Position 19,Actual Steps,,205,,1/1/0001 12:00:00 AM
Reagent Valve Response,Valve B,Position 19,Error Steps,< 100,1,True,1/1/0001 12:00:00 AM
Reagent Valve Response,Valve B,Position 20,Expected Steps,,204,,6/15/2020 7:23:14 PM
Reagent Valve Response,Valve B,Position 20,Actual Steps,,215,,1/1/0001 12:00:00 AM
Reagent Valve Response,Valve B,Position 20,Error Steps,< 100,11,True,1/1/0001 12:00:00 AM
Reagent Valve Response,Valve B,Position 21,Expected Steps,,204,,6/15/2020 7:23:14 PM
Reagent Valve Response,Valve B,Position 21,Actual Steps,,203,,1/1/0001 12:00:00 AM
Reagent Valve Response,Valve B,Position 21,Error Steps,< 100,-1,True,1/1/0001 12:00:00 AM
Reagent Valve Response,Valve B,Position 22,Expected Steps,,204,,6/15/2020 7:23:15 PM
Reagent Valve Response,Valve B,Position 22,Actual Steps,,205,,1/1/0001 12:00:00 AM
Reagent Valve Response,Valve B,Position 22,Error Steps,< 100,1,True,1/1/0001 12:00:00 AM
Reagent Valve Response,Valve B,Position 23,Expected Steps,,204,,6/15/2020 7:23:16 PM
Reagent Valve Response,Valve B,Position 23,Actual Steps,,207,,1/1/0001 12:00:00 AM
Reagent Valve Response,Valve B,Position 23,Error Steps,< 100,3,True,1/1/0001 12:00:00 AM
Reagent Valve Response,Valve B,Position 24,Expected Steps,,204,,6/15/2020 7:23:16 PM
Reagent Valve Response,Valve B,Position 24,Actual Steps,,215,,1/1/0001 12:00:00 AM
Reagent Valve Response,Valve B,Position 24,Error Steps,< 100,11,True,1/1/0001 12:00:00 AM
Pump Valve Response,Pump A,Position 3000,Syringe Positions,3000,,True,6/15/2020 7:23:29 PM
Pump Valve Response,Pump A,Position 0,Syringe Positions,0,,True,1/1/0001 12:00:00 AM
Pump Valve Response,Pump A,Position 1,Valve Positions,1,,True,1/1/0001 12:00:00 AM
Pump Valve Response,Pump A,Position 2,Valve Positions,2,,True,1/1/0001 12:00:00 AM
Pump Valve Response,Pump A,Position 3,Valve Positions,3,,True,1/1/0001 12:00:00 AM
Pump Valve Response,Pump A,Position 4,Valve Positions,4,,True,1/1/0001 12:00:00 AM
Pump Valve Response,Pump A,Position 5,Valve Positions,5,,True,1/1/0001 12:00:00 AM
Pump Valve Response,Pump A,Position 6,Valve Positions,6,,True,1/1/0001 12:00:00 AM
Pump Valve Response,Pump B,Position 3000,Syringe Positions,3000,,True,6/15/2020 7:24:01 PM
Pump Valve Response,Pump B,Position 0,Syringe Positions,0,,True,1/1/0001 12:00:00 AM
Pump Valve Response,Pump B,Position 1,Valve Positions,1,,True,1/1/0001 12:00:00 AM
Pump Valve Response,Pump B,Position 2,Valve Positions,2,,True,1/1/0001 12:00:00 AM
Pump Valve Response,Pump B,Position 3,Valve Positions,3,,True,1/1/0001 12:00:00 AM
Pump Valve Response,Pump B,Position 4,Valve Positions,4,,True,1/1/0001 12:00:00 AM
Pump Valve Response,Pump B,Position 5,Valve Positions,5,,True,1/1/0001 12:00:00 AM
Pump Valve Response,Pump B,Position 6,Valve Positions,6,,True,1/1/0001 12:00:00 AM
PressureDecay1,Fluidic System Pressure Decay Test - NSS v1.2,,,,,False,6/15/2020 7:24:20 PM
PressureDecay1,Fluidic System Pressure Decay Test - NSS v1.2,Lane A,First Sample,,00:00:00.000,,6/15/2020 7:35:02 PM
PressureDecay1,Fluidic System Pressure Decay Test - NSS v1.2,Lane A,First Pressure,,NaN,,1/1/0001 12:00:00 AM
PressureDecay1,Fluidic System Pressure Decay Test - NSS v1.2,Lane A,Second Sample,,00:00:00.000,,1/1/0001 12:00:00 AM
PressureDecay1,Fluidic System Pressure Decay Test - NSS v1.2,Lane A,Second Pressure,,NaN,,1/1/0001 12:00:00 AM
PressureDecay1,Fluidic System Pressure Decay Test - NSS v1.2,Lane A,Leak Rate,< 5,NaN,False,1/1/0001 12:00:00 AM
PressureDecay1,Fluidic System Pressure Decay Test - NSS v1.2,Lane A,Target Pressure,,NaN,,1/1/0001 12:00:00 AM
PressureDecay1,Fluidic System Pressure Decay Test - NSS v1.2,Lane B,First Sample,,00:00:00.000,,6/15/2020 7:35:02 PM
PressureDecay1,Fluidic System Pressure Decay Test - NSS v1.2,Lane B,First Pressure,,NaN,,1/1/0001 12:00:00 AM
PressureDecay1,Fluidic System Pressure Decay Test - NSS v1.2,Lane B,Second Sample,,00:00:00.000,,1/1/0001 12:00:00 AM
PressureDecay1,Fluidic System Pressure Decay Test - NSS v1.2,Lane B,Second Pressure,,NaN,,1/1/0001 12:00:00 AM
PressureDecay1,Fluidic System Pressure Decay Test - NSS v1.2,Lane B,Leak Rate,< 5,NaN,False,1/1/0001 12:00:00 AM
PressureDecay1,Fluidic System Pressure Decay Test - NSS v1.2,Lane B,Target Pressure,,NaN,,1/1/0001 12:00:00 AM
PressureDecay1,Diagnostic Line Pressure Decay Test - NSS v1.2,,,,,False,6/15/2020 7:35:02 PM
PressureDecay1,Diagnostic Line Pressure Decay Test - NSS v1.2,Lane A,First Sample,,00:00:00.000,,6/15/2020 7:39:15 PM
PressureDecay1,Diagnostic Line Pressure Decay Test - NSS v1.2,Lane A,First Pressure,,NaN,,1/1/0001 12:00:00 AM
PressureDecay1,Diagnostic Line Pressure Decay Test - NSS v1.2,Lane A,Second Sample,,00:00:00.000,,1/1/0001 12:00:00 AM
PressureDecay1,Diagnostic Line Pressure Decay Test - NSS v1.2,Lane A,Second Pressure,,NaN,,1/1/0001 12:00:00 AM
PressureDecay1,Diagnostic Line Pressure Decay Test - NSS v1.2,Lane A,Leak Rate,< 5,NaN,False,1/1/0001 12:00:00 AM
PressureDecay1,Diagnostic Line Pressure Decay Test - NSS v1.2,Lane A,Target Pressure,,NaN,,1/1/0001 12:00:00 AM
PressureDecay1,Diagnostic Line Pressure Decay Test - NSS v1.2,Lane B,First Sample,,00:00:00.000,,6/15/2020 7:39:15 PM
PressureDecay1,Diagnostic Line Pressure Decay Test - NSS v1.2,Lane B,First Pressure,,NaN,,1/1/0001 12:00:00 AM
PressureDecay1,Diagnostic Line Pressure Decay Test - NSS v1.2,Lane B,Second Sample,,00:00:00.000,,1/1/0001 12:00:00 AM
PressureDecay1,Diagnostic Line Pressure Decay Test - NSS v1.2,Lane B,Second Pressure,,NaN,,1/1/0001 12:00:00 AM
PressureDecay1,Diagnostic Line Pressure Decay Test - NSS v1.2,Lane B,Leak Rate,< 5,NaN,False,1/1/0001 12:00:00 AM
PressureDecay1,Diagnostic Line Pressure Decay Test - NSS v1.2,Lane B,Target Pressure,,NaN,,1/1/0001 12:00:00 AM
Bubble Count,Lane A,Base Line to Post Aspirate Delta,Waste 1,0,0,True,6/15/2020 7:42:43 PM
Bubble Count,Lane A,Base Line to Post Aspirate Delta,Waste 2,0,0,True,6/15/2020 7:42:43 PM
Bubble Count,Lane A,Base Line to Post Aspirate Delta,Lane A1,>0,0,False,6/15/2020 7:42:43 PM
Bubble Count,Lane A,Base Line to Post Aspirate Delta,Lane B1,0,0,True,6/15/2020 7:42:43 PM
Bubble Count,Lane A,Post Aspirate to Post Dispense Delta,Waste 1,>10,2,False,6/15/2020 7:42:43 PM
Bubble Count,Lane A,Post Aspirate to Post Dispense Delta,Waste 2,>10,2,False,6/15/2020 7:42:43 PM
Bubble Count,Lane A,Post Aspirate to Post Dispense Delta,Lane A1,,202,,6/15/2020 7:42:43 PM
Bubble Count,Lane A,Post Aspirate to Post Dispense Delta,Lane B1,0,0,True,6/15/2020 7:42:43 PM
Bubble Count,Lane B,Base Line to Post Aspirate Delta,Waste 1,0,0,True,6/15/2020 7:42:43 PM
Bubble Count,Lane B,Base Line to Post Aspirate Delta,Waste 2,0,0,True,6/15/2020 7:42:43 PM
Bubble Count,Lane B,Base Line to Post Aspirate Delta,Lane A1,0,0,True,6/15/2020 7:42:43 PM
Bubble Count,Lane B,Base Line to Post Aspirate Delta,Lane B1,>0,0,False,6/15/2020 7:42:43 PM
Bubble Count,Lane B,Post Aspirate to Post Dispense Delta,Waste 1,>10,2,False,6/15/2020 7:42:43 PM
Bubble Count,Lane B,Post Aspirate to Post Dispense Delta,Waste 2,>10,2,False,6/15/2020 7:42:43 PM
Bubble Count,Lane B,Post Aspirate to Post Dispense Delta,Lane A1,0,0,True,6/15/2020 7:42:43 PM
Bubble Count,Lane B,Post Aspirate to Post Dispense Delta,Lane B1,,84,,6/15/2020 7:42:43 PM
Flow Rate,,,,,,False,1/1/0001 12:00:00 AM
Fan Test,Fan 0 - LED,,Speed (PPM),>= 5,8420,True,1/1/0001 12:00:00 AM
Fan Test,Fan 2 - Ebox1,,Speed (PPM),>= 5,32633,True,1/1/0001 12:00:00 AM
Fan Test,Fan 3 - Exhaust0,,Speed (PPM),>= 5,8232,True,1/1/0001 12:00:00 AM
Fan Test,Fan 4 - Exhaust1,,Speed (PPM),>= 5,8314,True,1/1/0001 12:00:00 AM
Fan Test,Fan 5 - Exhaust2,,Speed (PPM),>= 5,8070,True,1/1/0001 12:00:00 AM
Fan Test,Fan 6 - Flowcell,,Speed (PPM),>= 5,17782,True,1/1/0001 12:00:00 AM
Temp Probe Test,Probe 0 - Board0,,Temperature (C),>= 0,27.752,True,1/1/0001 12:00:00 AM
Temp Probe Test,Probe 1 - Board1,,Temperature (C),>= 0,41.333,True,1/1/0001 12:00:00 AM
Temp Probe Test,Probe 2 - Camera0,,Temperature (C),>= 0,29.7878,True,1/1/0001 12:00:00 AM
Temp Probe Test,Probe 3 - Camera1,,Temperature (C),>= 0,29.8254,True,1/1/0001 12:00:00 AM
Temp Probe Test,Probe 4 - Camera2,,Temperature (C),>= 0,29.5,True,1/1/0001 12:00:00 AM
Temp Probe Test,Probe 5 - Camera3,,Temperature (C),>= 0,29.563,True,1/1/0001 12:00:00 AM
Temp Probe Test,Probe 6 - Camera4,,Temperature (C),>= 0,29.938,True,1/1/0001 12:00:00 AM
Temp Probe Test,Probe 7 - Camera5,,Temperature (C),>= 0,29.875,True,1/1/0001 12:00:00 AM
Temp Probe Test,Probe 8 - ThermoCouple_Side,,Temperature (C),>= 0,27.05,True,1/1/0001 12:00:00 AM
Temp Probe Test,Probe 9 - ThermoCouple_Rear,,Temperature (C),>= 0,31.5,True,1/1/0001 12:00:00 AM
