<?xml version="1.0"?>
<SystemCheckTestResultDetails xmlns:xsd="http://www.w3.org/2001/XMLSchema" xmlns:xsi="http://www.w3.org/2001/XMLSchema-instance">
  <TestResultDetails>
    <item>
      <key>
        <string>Bsm</string>
      </key>
      <value>
        <TestResultDetails>
          <TestOutputXmlPaths />
          <Items />
        </TestResultDetails>
      </value>
    </item>
    <item>
      <key>
        <string>FclmFam</string>
      </key>
      <value>
        <TestResultDetails>
          <TestOutputXmlPaths />
          <Items />
        </TestResultDetails>
      </value>
    </item>
    <item>
      <key>
        <string>MotionStage</string>
      </key>
      <value>
        <TestResultDetails>
          <TestOutputXmlPaths />
          <Items />
        </TestResultDetails>
      </value>
    </item>
    <item>
      <key>
        <string>UbertargetRegistration</string>
      </key>
      <value>
        <TestResultDetails>
          <TestOutputXmlPaths />
          <Items />
        </TestResultDetails>
      </value>
    </item>
    <item>
      <key>
        <string>Optical</string>
      </key>
      <value>
        <TestResultDetails>
          <TestOutputXmlPaths />
          <Items />
        </TestResultDetails>
      </value>
    </item>
    <item>
      <key>
        <string>OpticsStage</string>
      </key>
      <value>
        <TestResultDetails>
          <TestOutputXmlPaths />
          <Items />
        </TestResultDetails>
      </value>
    </item>
    <item>
      <key>
        <string>FlowCellRegistration</string>
      </key>
      <value>
        <TestResultDetails>
          <TestOutputXmlPaths />
          <Items />
        </TestResultDetails>
      </value>
    </item>
    <item>
      <key>
        <string>BeadChipTests</string>
      </key>
      <value>
        <TestResultDetails>
          <TestOutputXmlPaths />
          <Items />
        </TestResultDetails>
      </value>
    </item>
    <item>
      <key>
        <string>ValveResponse</string>
      </key>
      <value>
        <TestResultDetails>
          <TestOutputXmlPaths>
            <string>D:\Illumina\SystemCheckResults\Valve Response Test\NS500355 2018-10-18__14_16_17\NS500355_Reagent Valve Response Test_Results.xml</string>
            <string>D:\Illumina\SystemCheckResults\Valve Response Test\NS500355 2018-10-18__14_16_53\NS500355_Pump Valve Response Test_Results.xml</string>
          </TestOutputXmlPaths>
          <Items>
            <TestResultDetail>
              <Category>Reagent Valve Response</Category>
              <SubCategory>Valve A</SubCategory>
              <SubSubCategory>Position 1</SubSubCategory>
              <Test>Expected Steps</Test>
              <Result>1633</Result>
              <Pass xsi:nil="true" />
              <Time>2018-10-18T14:16:19.2515151-04:00</Time>
            </TestResultDetail>
            <TestResultDetail>
              <Category>Reagent Valve Response</Category>
              <SubCategory>Valve A</SubCategory>
              <SubSubCategory>Position 1</SubSubCategory>
              <Test>Actual Steps</Test>
              <Result>1653</Result>
              <Pass xsi:nil="true" />
              <Time>0001-01-01T00:00:00</Time>
            </TestResultDetail>
            <TestResultDetail>
              <Category>Reagent Valve Response</Category>
              <SubCategory>Valve A</SubCategory>
              <SubSubCategory>Position 1</SubSubCategory>
              <Test>Error Steps</Test>
              <ExpectedResult>&lt; 100</ExpectedResult>
              <Result>20</Result>
              <Pass>true</Pass>
              <Time>0001-01-01T00:00:00</Time>
            </TestResultDetail>
            <TestResultDetail>
              <Category>Reagent Valve Response</Category>
              <SubCategory>Valve A</SubCategory>
              <SubSubCategory>Position 2</SubSubCategory>
              <Test>Expected Steps</Test>
              <Result>204</Result>
              <Pass xsi:nil="true" />
              <Time>2018-10-18T14:16:19.9615161-04:00</Time>
            </TestResultDetail>
            <TestResultDetail>
              <Category>Reagent Valve Response</Category>
              <SubCategory>Valve A</SubCategory>
              <SubSubCategory>Position 2</SubSubCategory>
              <Test>Actual Steps</Test>
              <Result>209</Result>
              <Pass xsi:nil="true" />
              <Time>0001-01-01T00:00:00</Time>
            </TestResultDetail>
            <TestResultDetail>
              <Category>Reagent Valve Response</Category>
              <SubCategory>Valve A</SubCategory>
              <SubSubCategory>Position 2</SubSubCategory>
              <Test>Error Steps</Test>
              <ExpectedResult>&lt; 100</ExpectedResult>
              <Result>5</Result>
              <Pass>true</Pass>
              <Time>0001-01-01T00:00:00</Time>
            </TestResultDetail>
            <TestResultDetail>
              <Category>Reagent Valve Response</Category>
              <SubCategory>Valve A</SubCategory>
              <SubSubCategory>Position 3</SubSubCategory>
              <Test>Expected Steps</Test>
              <Result>204</Result>
              <Pass xsi:nil="true" />
              <Time>2018-10-18T14:16:20.6615171-04:00</Time>
            </TestResultDetail>
            <TestResultDetail>
              <Category>Reagent Valve Response</Category>
              <SubCategory>Valve A</SubCategory>
              <SubSubCategory>Position 3</SubSubCategory>
              <Test>Actual Steps</Test>
              <Result>213</Result>
              <Pass xsi:nil="true" />
              <Time>0001-01-01T00:00:00</Time>
            </TestResultDetail>
            <TestResultDetail>
              <Category>Reagent Valve Response</Category>
              <SubCategory>Valve A</SubCategory>
              <SubSubCategory>Position 3</SubSubCategory>
              <Test>Error Steps</Test>
              <ExpectedResult>&lt; 100</ExpectedResult>
              <Result>9</Result>
              <Pass>true</Pass>
              <Time>0001-01-01T00:00:00</Time>
            </TestResultDetail>
            <TestResultDetail>
              <Category>Reagent Valve Response</Category>
              <SubCategory>Valve A</SubCategory>
              <SubSubCategory>Position 4</SubSubCategory>
              <Test>Expected Steps</Test>
              <Result>204</Result>
              <Pass xsi:nil="true" />
              <Time>2018-10-18T14:16:21.3715181-04:00</Time>
            </TestResultDetail>
            <TestResultDetail>
              <Category>Reagent Valve Response</Category>
              <SubCategory>Valve A</SubCategory>
              <SubSubCategory>Position 4</SubSubCategory>
              <Test>Actual Steps</Test>
              <Result>214</Result>
              <Pass xsi:nil="true" />
              <Time>0001-01-01T00:00:00</Time>
            </TestResultDetail>
            <TestResultDetail>
              <Category>Reagent Valve Response</Category>
              <SubCategory>Valve A</SubCategory>
              <SubSubCategory>Position 4</SubSubCategory>
              <Test>Error Steps</Test>
              <ExpectedResult>&lt; 100</ExpectedResult>
              <Result>10</Result>
              <Pass>true</Pass>
              <Time>0001-01-01T00:00:00</Time>
            </TestResultDetail>
            <TestResultDetail>
              <Category>Reagent Valve Response</Category>
              <SubCategory>Valve A</SubCategory>
              <SubSubCategory>Position 5</SubSubCategory>
              <Test>Expected Steps</Test>
              <Result>204</Result>
              <Pass xsi:nil="true" />
              <Time>2018-10-18T14:16:22.0715191-04:00</Time>
            </TestResultDetail>
            <TestResultDetail>
              <Category>Reagent Valve Response</Category>
              <SubCategory>Valve A</SubCategory>
              <SubSubCategory>Position 5</SubSubCategory>
              <Test>Actual Steps</Test>
              <Result>213</Result>
              <Pass xsi:nil="true" />
              <Time>0001-01-01T00:00:00</Time>
            </TestResultDetail>
            <TestResultDetail>
              <Category>Reagent Valve Response</Category>
              <SubCategory>Valve A</SubCategory>
              <SubSubCategory>Position 5</SubSubCategory>
              <Test>Error Steps</Test>
              <ExpectedResult>&lt; 100</ExpectedResult>
              <Result>9</Result>
              <Pass>true</Pass>
              <Time>0001-01-01T00:00:00</Time>
            </TestResultDetail>
            <TestResultDetail>
              <Category>Reagent Valve Response</Category>
              <SubCategory>Valve A</SubCategory>
              <SubSubCategory>Position 6</SubSubCategory>
              <Test>Expected Steps</Test>
              <Result>204</Result>
              <Pass xsi:nil="true" />
              <Time>2018-10-18T14:16:22.7715201-04:00</Time>
            </TestResultDetail>
            <TestResultDetail>
              <Category>Reagent Valve Response</Category>
              <SubCategory>Valve A</SubCategory>
              <SubSubCategory>Position 6</SubSubCategory>
              <Test>Actual Steps</Test>
              <Result>211</Result>
              <Pass xsi:nil="true" />
              <Time>0001-01-01T00:00:00</Time>
            </TestResultDetail>
            <TestResultDetail>
              <Category>Reagent Valve Response</Category>
              <SubCategory>Valve A</SubCategory>
              <SubSubCategory>Position 6</SubSubCategory>
              <Test>Error Steps</Test>
              <ExpectedResult>&lt; 100</ExpectedResult>
              <Result>7</Result>
              <Pass>true</Pass>
              <Time>0001-01-01T00:00:00</Time>
            </TestResultDetail>
            <TestResultDetail>
              <Category>Reagent Valve Response</Category>
              <SubCategory>Valve A</SubCategory>
              <SubSubCategory>Position 7</SubSubCategory>
              <Test>Expected Steps</Test>
              <Result>204</Result>
              <Pass xsi:nil="true" />
              <Time>2018-10-18T14:16:23.471521-04:00</Time>
            </TestResultDetail>
            <TestResultDetail>
              <Category>Reagent Valve Response</Category>
              <SubCategory>Valve A</SubCategory>
              <SubSubCategory>Position 7</SubSubCategory>
              <Test>Actual Steps</Test>
              <Result>214</Result>
              <Pass xsi:nil="true" />
              <Time>0001-01-01T00:00:00</Time>
            </TestResultDetail>
            <TestResultDetail>
              <Category>Reagent Valve Response</Category>
              <SubCategory>Valve A</SubCategory>
              <SubSubCategory>Position 7</SubSubCategory>
              <Test>Error Steps</Test>
              <ExpectedResult>&lt; 100</ExpectedResult>
              <Result>10</Result>
              <Pass>true</Pass>
              <Time>0001-01-01T00:00:00</Time>
            </TestResultDetail>
            <TestResultDetail>
              <Category>Reagent Valve Response</Category>
              <SubCategory>Valve A</SubCategory>
              <SubSubCategory>Position 8</SubSubCategory>
              <Test>Expected Steps</Test>
              <Result>204</Result>
              <Pass xsi:nil="true" />
              <Time>2018-10-18T14:16:24.151522-04:00</Time>
            </TestResultDetail>
            <TestResultDetail>
              <Category>Reagent Valve Response</Category>
              <SubCategory>Valve A</SubCategory>
              <SubSubCategory>Position 8</SubSubCategory>
              <Test>Actual Steps</Test>
              <Result>214</Result>
              <Pass xsi:nil="true" />
              <Time>0001-01-01T00:00:00</Time>
            </TestResultDetail>
            <TestResultDetail>
              <Category>Reagent Valve Response</Category>
              <SubCategory>Valve A</SubCategory>
              <SubSubCategory>Position 8</SubSubCategory>
              <Test>Error Steps</Test>
              <ExpectedResult>&lt; 100</ExpectedResult>
              <Result>10</Result>
              <Pass>true</Pass>
              <Time>0001-01-01T00:00:00</Time>
            </TestResultDetail>
            <TestResultDetail>
              <Category>Reagent Valve Response</Category>
              <SubCategory>Valve A</SubCategory>
              <SubSubCategory>Position 9</SubSubCategory>
              <Test>Expected Steps</Test>
              <Result>204</Result>
              <Pass xsi:nil="true" />
              <Time>2018-10-18T14:16:24.851523-04:00</Time>
            </TestResultDetail>
            <TestResultDetail>
              <Category>Reagent Valve Response</Category>
              <SubCategory>Valve A</SubCategory>
              <SubSubCategory>Position 9</SubSubCategory>
              <Test>Actual Steps</Test>
              <Result>211</Result>
              <Pass xsi:nil="true" />
              <Time>0001-01-01T00:00:00</Time>
            </TestResultDetail>
            <TestResultDetail>
              <Category>Reagent Valve Response</Category>
              <SubCategory>Valve A</SubCategory>
              <SubSubCategory>Position 9</SubSubCategory>
              <Test>Error Steps</Test>
              <ExpectedResult>&lt; 100</ExpectedResult>
              <Result>7</Result>
              <Pass>true</Pass>
              <Time>0001-01-01T00:00:00</Time>
            </TestResultDetail>
            <TestResultDetail>
              <Category>Reagent Valve Response</Category>
              <SubCategory>Valve A</SubCategory>
              <SubSubCategory>Position 10</SubSubCategory>
              <Test>Expected Steps</Test>
              <Result>204</Result>
              <Pass xsi:nil="true" />
              <Time>2018-10-18T14:16:25.5415239-04:00</Time>
            </TestResultDetail>
            <TestResultDetail>
              <Category>Reagent Valve Response</Category>
              <SubCategory>Valve A</SubCategory>
              <SubSubCategory>Position 10</SubSubCategory>
              <Test>Actual Steps</Test>
              <Result>209</Result>
              <Pass xsi:nil="true" />
              <Time>0001-01-01T00:00:00</Time>
            </TestResultDetail>
            <TestResultDetail>
              <Category>Reagent Valve Response</Category>
              <SubCategory>Valve A</SubCategory>
              <SubSubCategory>Position 10</SubSubCategory>
              <Test>Error Steps</Test>
              <ExpectedResult>&lt; 100</ExpectedResult>
              <Result>5</Result>
              <Pass>true</Pass>
              <Time>0001-01-01T00:00:00</Time>
            </TestResultDetail>
            <TestResultDetail>
              <Category>Reagent Valve Response</Category>
              <SubCategory>Valve A</SubCategory>
              <SubSubCategory>Position 11</SubSubCategory>
              <Test>Expected Steps</Test>
              <Result>204</Result>
              <Pass xsi:nil="true" />
              <Time>2018-10-18T14:16:26.271525-04:00</Time>
            </TestResultDetail>
            <TestResultDetail>
              <Category>Reagent Valve Response</Category>
              <SubCategory>Valve A</SubCategory>
              <SubSubCategory>Position 11</SubSubCategory>
              <Test>Actual Steps</Test>
              <Result>213</Result>
              <Pass xsi:nil="true" />
              <Time>0001-01-01T00:00:00</Time>
            </TestResultDetail>
            <TestResultDetail>
              <Category>Reagent Valve Response</Category>
              <SubCategory>Valve A</SubCategory>
              <SubSubCategory>Position 11</SubSubCategory>
              <Test>Error Steps</Test>
              <ExpectedResult>&lt; 100</ExpectedResult>
              <Result>9</Result>
              <Pass>true</Pass>
              <Time>0001-01-01T00:00:00</Time>
            </TestResultDetail>
            <TestResultDetail>
              <Category>Reagent Valve Response</Category>
              <SubCategory>Valve A</SubCategory>
              <SubSubCategory>Position 12</SubSubCategory>
              <Test>Expected Steps</Test>
              <Result>204</Result>
              <Pass xsi:nil="true" />
              <Time>2018-10-18T14:16:26.9415259-04:00</Time>
            </TestResultDetail>
            <TestResultDetail>
              <Category>Reagent Valve Response</Category>
              <SubCategory>Valve A</SubCategory>
              <SubSubCategory>Position 12</SubSubCategory>
              <Test>Actual Steps</Test>
              <Result>213</Result>
              <Pass xsi:nil="true" />
              <Time>0001-01-01T00:00:00</Time>
            </TestResultDetail>
            <TestResultDetail>
              <Category>Reagent Valve Response</Category>
              <SubCategory>Valve A</SubCategory>
              <SubSubCategory>Position 12</SubSubCategory>
              <Test>Error Steps</Test>
              <ExpectedResult>&lt; 100</ExpectedResult>
              <Result>9</Result>
              <Pass>true</Pass>
              <Time>0001-01-01T00:00:00</Time>
            </TestResultDetail>
            <TestResultDetail>
              <Category>Reagent Valve Response</Category>
              <SubCategory>Valve A</SubCategory>
              <SubSubCategory>Position 13</SubSubCategory>
              <Test>Expected Steps</Test>
              <Result>204</Result>
              <Pass xsi:nil="true" />
              <Time>2018-10-18T14:16:27.6215269-04:00</Time>
            </TestResultDetail>
            <TestResultDetail>
              <Category>Reagent Valve Response</Category>
              <SubCategory>Valve A</SubCategory>
              <SubSubCategory>Position 13</SubSubCategory>
              <Test>Actual Steps</Test>
              <Result>213</Result>
              <Pass xsi:nil="true" />
              <Time>0001-01-01T00:00:00</Time>
            </TestResultDetail>
            <TestResultDetail>
              <Category>Reagent Valve Response</Category>
              <SubCategory>Valve A</SubCategory>
              <SubSubCategory>Position 13</SubSubCategory>
              <Test>Error Steps</Test>
              <ExpectedResult>&lt; 100</ExpectedResult>
              <Result>9</Result>
              <Pass>true</Pass>
              <Time>0001-01-01T00:00:00</Time>
            </TestResultDetail>
            <TestResultDetail>
              <Category>Reagent Valve Response</Category>
              <SubCategory>Valve A</SubCategory>
              <SubSubCategory>Position 14</SubSubCategory>
              <Test>Expected Steps</Test>
              <Result>204</Result>
              <Pass xsi:nil="true" />
              <Time>2018-10-18T14:16:28.3215278-04:00</Time>
            </TestResultDetail>
            <TestResultDetail>
              <Category>Reagent Valve Response</Category>
              <SubCategory>Valve A</SubCategory>
              <SubSubCategory>Position 14</SubSubCategory>
              <Test>Actual Steps</Test>
              <Result>210</Result>
              <Pass xsi:nil="true" />
              <Time>0001-01-01T00:00:00</Time>
            </TestResultDetail>
            <TestResultDetail>
              <Category>Reagent Valve Response</Category>
              <SubCategory>Valve A</SubCategory>
              <SubSubCategory>Position 14</SubSubCategory>
              <Test>Error Steps</Test>
              <ExpectedResult>&lt; 100</ExpectedResult>
              <Result>6</Result>
              <Pass>true</Pass>
              <Time>0001-01-01T00:00:00</Time>
            </TestResultDetail>
            <TestResultDetail>
              <Category>Reagent Valve Response</Category>
              <SubCategory>Valve A</SubCategory>
              <SubSubCategory>Position 15</SubSubCategory>
              <Test>Expected Steps</Test>
              <Result>204</Result>
              <Pass xsi:nil="true" />
              <Time>2018-10-18T14:16:29.0215288-04:00</Time>
            </TestResultDetail>
            <TestResultDetail>
              <Category>Reagent Valve Response</Category>
              <SubCategory>Valve A</SubCategory>
              <SubSubCategory>Position 15</SubSubCategory>
              <Test>Actual Steps</Test>
              <Result>212</Result>
              <Pass xsi:nil="true" />
              <Time>0001-01-01T00:00:00</Time>
            </TestResultDetail>
            <TestResultDetail>
              <Category>Reagent Valve Response</Category>
              <SubCategory>Valve A</SubCategory>
              <SubSubCategory>Position 15</SubSubCategory>
              <Test>Error Steps</Test>
              <ExpectedResult>&lt; 100</ExpectedResult>
              <Result>8</Result>
              <Pass>true</Pass>
              <Time>0001-01-01T00:00:00</Time>
            </TestResultDetail>
            <TestResultDetail>
              <Category>Reagent Valve Response</Category>
              <SubCategory>Valve A</SubCategory>
              <SubSubCategory>Position 16</SubSubCategory>
              <Test>Expected Steps</Test>
              <Result>204</Result>
              <Pass xsi:nil="true" />
              <Time>2018-10-18T14:16:29.7015298-04:00</Time>
            </TestResultDetail>
            <TestResultDetail>
              <Category>Reagent Valve Response</Category>
              <SubCategory>Valve A</SubCategory>
              <SubSubCategory>Position 16</SubSubCategory>
              <Test>Actual Steps</Test>
              <Result>212</Result>
              <Pass xsi:nil="true" />
              <Time>0001-01-01T00:00:00</Time>
            </TestResultDetail>
            <TestResultDetail>
              <Category>Reagent Valve Response</Category>
              <SubCategory>Valve A</SubCategory>
              <SubSubCategory>Position 16</SubSubCategory>
              <Test>Error Steps</Test>
              <ExpectedResult>&lt; 100</ExpectedResult>
              <Result>8</Result>
              <Pass>true</Pass>
              <Time>0001-01-01T00:00:00</Time>
            </TestResultDetail>
            <TestResultDetail>
              <Category>Reagent Valve Response</Category>
              <SubCategory>Valve A</SubCategory>
              <SubSubCategory>Position 17</SubSubCategory>
              <Test>Expected Steps</Test>
              <Result>204</Result>
              <Pass xsi:nil="true" />
              <Time>2018-10-18T14:16:30.3815307-04:00</Time>
            </TestResultDetail>
            <TestResultDetail>
              <Category>Reagent Valve Response</Category>
              <SubCategory>Valve A</SubCategory>
              <SubSubCategory>Position 17</SubSubCategory>
              <Test>Actual Steps</Test>
              <Result>212</Result>
              <Pass xsi:nil="true" />
              <Time>0001-01-01T00:00:00</Time>
            </TestResultDetail>
            <TestResultDetail>
              <Category>Reagent Valve Response</Category>
              <SubCategory>Valve A</SubCategory>
              <SubSubCategory>Position 17</SubSubCategory>
              <Test>Error Steps</Test>
              <ExpectedResult>&lt; 100</ExpectedResult>
              <Result>8</Result>
              <Pass>true</Pass>
              <Time>0001-01-01T00:00:00</Time>
            </TestResultDetail>
            <TestResultDetail>
              <Category>Reagent Valve Response</Category>
              <SubCategory>Valve A</SubCategory>
              <SubSubCategory>Position 18</SubSubCategory>
              <Test>Expected Steps</Test>
              <Result>204</Result>
              <Pass xsi:nil="true" />
              <Time>2018-10-18T14:16:31.0815317-04:00</Time>
            </TestResultDetail>
            <TestResultDetail>
              <Category>Reagent Valve Response</Category>
              <SubCategory>Valve A</SubCategory>
              <SubSubCategory>Position 18</SubSubCategory>
              <Test>Actual Steps</Test>
              <Result>211</Result>
              <Pass xsi:nil="true" />
              <Time>0001-01-01T00:00:00</Time>
            </TestResultDetail>
            <TestResultDetail>
              <Category>Reagent Valve Response</Category>
              <SubCategory>Valve A</SubCategory>
              <SubSubCategory>Position 18</SubSubCategory>
              <Test>Error Steps</Test>
              <ExpectedResult>&lt; 100</ExpectedResult>
              <Result>7</Result>
              <Pass>true</Pass>
              <Time>0001-01-01T00:00:00</Time>
            </TestResultDetail>
            <TestResultDetail>
              <Category>Reagent Valve Response</Category>
              <SubCategory>Valve A</SubCategory>
              <SubSubCategory>Position 19</SubSubCategory>
              <Test>Expected Steps</Test>
              <Result>204</Result>
              <Pass xsi:nil="true" />
              <Time>2018-10-18T14:16:31.7815327-04:00</Time>
            </TestResultDetail>
            <TestResultDetail>
              <Category>Reagent Valve Response</Category>
              <SubCategory>Valve A</SubCategory>
              <SubSubCategory>Position 19</SubSubCategory>
              <Test>Actual Steps</Test>
              <Result>213</Result>
              <Pass xsi:nil="true" />
              <Time>0001-01-01T00:00:00</Time>
            </TestResultDetail>
            <TestResultDetail>
              <Category>Reagent Valve Response</Category>
              <SubCategory>Valve A</SubCategory>
              <SubSubCategory>Position 19</SubSubCategory>
              <Test>Error Steps</Test>
              <ExpectedResult>&lt; 100</ExpectedResult>
              <Result>9</Result>
              <Pass>true</Pass>
              <Time>0001-01-01T00:00:00</Time>
            </TestResultDetail>
            <TestResultDetail>
              <Category>Reagent Valve Response</Category>
              <SubCategory>Valve A</SubCategory>
              <SubSubCategory>Position 20</SubSubCategory>
              <Test>Expected Steps</Test>
              <Result>204</Result>
              <Pass xsi:nil="true" />
              <Time>2018-10-18T14:16:32.4615336-04:00</Time>
            </TestResultDetail>
            <TestResultDetail>
              <Category>Reagent Valve Response</Category>
              <SubCategory>Valve A</SubCategory>
              <SubSubCategory>Position 20</SubSubCategory>
              <Test>Actual Steps</Test>
              <Result>213</Result>
              <Pass xsi:nil="true" />
              <Time>0001-01-01T00:00:00</Time>
            </TestResultDetail>
            <TestResultDetail>
              <Category>Reagent Valve Response</Category>
              <SubCategory>Valve A</SubCategory>
              <SubSubCategory>Position 20</SubSubCategory>
              <Test>Error Steps</Test>
              <ExpectedResult>&lt; 100</ExpectedResult>
              <Result>9</Result>
              <Pass>true</Pass>
              <Time>0001-01-01T00:00:00</Time>
            </TestResultDetail>
            <TestResultDetail>
              <Category>Reagent Valve Response</Category>
              <SubCategory>Valve A</SubCategory>
              <SubSubCategory>Position 21</SubSubCategory>
              <Test>Expected Steps</Test>
              <Result>204</Result>
              <Pass xsi:nil="true" />
              <Time>2018-10-18T14:16:33.1615346-04:00</Time>
            </TestResultDetail>
            <TestResultDetail>
              <Category>Reagent Valve Response</Category>
              <SubCategory>Valve A</SubCategory>
              <SubSubCategory>Position 21</SubSubCategory>
              <Test>Actual Steps</Test>
              <Result>212</Result>
              <Pass xsi:nil="true" />
              <Time>0001-01-01T00:00:00</Time>
            </TestResultDetail>
            <TestResultDetail>
              <Category>Reagent Valve Response</Category>
              <SubCategory>Valve A</SubCategory>
              <SubSubCategory>Position 21</SubSubCategory>
              <Test>Error Steps</Test>
              <ExpectedResult>&lt; 100</ExpectedResult>
              <Result>8</Result>
              <Pass>true</Pass>
              <Time>0001-01-01T00:00:00</Time>
            </TestResultDetail>
            <TestResultDetail>
              <Category>Reagent Valve Response</Category>
              <SubCategory>Valve A</SubCategory>
              <SubSubCategory>Position 22</SubSubCategory>
              <Test>Expected Steps</Test>
              <Result>204</Result>
              <Pass xsi:nil="true" />
              <Time>2018-10-18T14:16:33.8615356-04:00</Time>
            </TestResultDetail>
            <TestResultDetail>
              <Category>Reagent Valve Response</Category>
              <SubCategory>Valve A</SubCategory>
              <SubSubCategory>Position 22</SubSubCategory>
              <Test>Actual Steps</Test>
              <Result>211</Result>
              <Pass xsi:nil="true" />
              <Time>0001-01-01T00:00:00</Time>
            </TestResultDetail>
            <TestResultDetail>
              <Category>Reagent Valve Response</Category>
              <SubCategory>Valve A</SubCategory>
              <SubSubCategory>Position 22</SubSubCategory>
              <Test>Error Steps</Test>
              <ExpectedResult>&lt; 100</ExpectedResult>
              <Result>7</Result>
              <Pass>true</Pass>
              <Time>0001-01-01T00:00:00</Time>
            </TestResultDetail>
            <TestResultDetail>
              <Category>Reagent Valve Response</Category>
              <SubCategory>Valve A</SubCategory>
              <SubSubCategory>Position 23</SubSubCategory>
              <Test>Expected Steps</Test>
              <Result>204</Result>
              <Pass xsi:nil="true" />
              <Time>2018-10-18T14:16:34.6115366-04:00</Time>
            </TestResultDetail>
            <TestResultDetail>
              <Category>Reagent Valve Response</Category>
              <SubCategory>Valve A</SubCategory>
              <SubSubCategory>Position 23</SubSubCategory>
              <Test>Actual Steps</Test>
              <Result>212</Result>
              <Pass xsi:nil="true" />
              <Time>0001-01-01T00:00:00</Time>
            </TestResultDetail>
            <TestResultDetail>
              <Category>Reagent Valve Response</Category>
              <SubCategory>Valve A</SubCategory>
              <SubSubCategory>Position 23</SubSubCategory>
              <Test>Error Steps</Test>
              <ExpectedResult>&lt; 100</ExpectedResult>
              <Result>8</Result>
              <Pass>true</Pass>
              <Time>0001-01-01T00:00:00</Time>
            </TestResultDetail>
            <TestResultDetail>
              <Category>Reagent Valve Response</Category>
              <SubCategory>Valve A</SubCategory>
              <SubSubCategory>Position 24</SubSubCategory>
              <Test>Expected Steps</Test>
              <Result>204</Result>
              <Pass xsi:nil="true" />
              <Time>2018-10-18T14:16:35.3115376-04:00</Time>
            </TestResultDetail>
            <TestResultDetail>
              <Category>Reagent Valve Response</Category>
              <SubCategory>Valve A</SubCategory>
              <SubSubCategory>Position 24</SubSubCategory>
              <Test>Actual Steps</Test>
              <Result>213</Result>
              <Pass xsi:nil="true" />
              <Time>0001-01-01T00:00:00</Time>
            </TestResultDetail>
            <TestResultDetail>
              <Category>Reagent Valve Response</Category>
              <SubCategory>Valve A</SubCategory>
              <SubSubCategory>Position 24</SubSubCategory>
              <Test>Error Steps</Test>
              <ExpectedResult>&lt; 100</ExpectedResult>
              <Result>9</Result>
              <Pass>true</Pass>
              <Time>0001-01-01T00:00:00</Time>
            </TestResultDetail>
            <TestResultDetail>
              <Category>Reagent Valve Response</Category>
              <SubCategory>Valve B</SubCategory>
              <SubSubCategory>Position 1</SubSubCategory>
              <Test>Expected Steps</Test>
              <Result>2450</Result>
              <Pass xsi:nil="true" />
              <Time>2018-10-18T14:16:36.8515398-04:00</Time>
            </TestResultDetail>
            <TestResultDetail>
              <Category>Reagent Valve Response</Category>
              <SubCategory>Valve B</SubCategory>
              <SubSubCategory>Position 1</SubSubCategory>
              <Test>Actual Steps</Test>
              <Result>2476</Result>
              <Pass xsi:nil="true" />
              <Time>0001-01-01T00:00:00</Time>
            </TestResultDetail>
            <TestResultDetail>
              <Category>Reagent Valve Response</Category>
              <SubCategory>Valve B</SubCategory>
              <SubSubCategory>Position 1</SubSubCategory>
              <Test>Error Steps</Test>
              <ExpectedResult>&lt; 100</ExpectedResult>
              <Result>26</Result>
              <Pass>true</Pass>
              <Time>0001-01-01T00:00:00</Time>
            </TestResultDetail>
            <TestResultDetail>
              <Category>Reagent Valve Response</Category>
              <SubCategory>Valve B</SubCategory>
              <SubSubCategory>Position 2</SubSubCategory>
              <Test>Expected Steps</Test>
              <Result>204</Result>
              <Pass xsi:nil="true" />
              <Time>2018-10-18T14:16:37.5715408-04:00</Time>
            </TestResultDetail>
            <TestResultDetail>
              <Category>Reagent Valve Response</Category>
              <SubCategory>Valve B</SubCategory>
              <SubSubCategory>Position 2</SubSubCategory>
              <Test>Actual Steps</Test>
              <Result>230</Result>
              <Pass xsi:nil="true" />
              <Time>0001-01-01T00:00:00</Time>
            </TestResultDetail>
            <TestResultDetail>
              <Category>Reagent Valve Response</Category>
              <SubCategory>Valve B</SubCategory>
              <SubSubCategory>Position 2</SubSubCategory>
              <Test>Error Steps</Test>
              <ExpectedResult>&lt; 100</ExpectedResult>
              <Result>26</Result>
              <Pass>true</Pass>
              <Time>0001-01-01T00:00:00</Time>
            </TestResultDetail>
            <TestResultDetail>
              <Category>Reagent Valve Response</Category>
              <SubCategory>Valve B</SubCategory>
              <SubSubCategory>Position 3</SubSubCategory>
              <Test>Expected Steps</Test>
              <Result>204</Result>
              <Pass xsi:nil="true" />
              <Time>2018-10-18T14:16:38.2715418-04:00</Time>
            </TestResultDetail>
            <TestResultDetail>
              <Category>Reagent Valve Response</Category>
              <SubCategory>Valve B</SubCategory>
              <SubSubCategory>Position 3</SubSubCategory>
              <Test>Actual Steps</Test>
              <Result>204</Result>
              <Pass xsi:nil="true" />
              <Time>0001-01-01T00:00:00</Time>
            </TestResultDetail>
            <TestResultDetail>
              <Category>Reagent Valve Response</Category>
              <SubCategory>Valve B</SubCategory>
              <SubSubCategory>Position 3</SubSubCategory>
              <Test>Error Steps</Test>
              <ExpectedResult>&lt; 100</ExpectedResult>
              <Result>0</Result>
              <Pass>true</Pass>
              <Time>0001-01-01T00:00:00</Time>
            </TestResultDetail>
            <TestResultDetail>
              <Category>Reagent Valve Response</Category>
              <SubCategory>Valve B</SubCategory>
              <SubSubCategory>Position 4</SubSubCategory>
              <Test>Expected Steps</Test>
              <Result>204</Result>
              <Pass xsi:nil="true" />
              <Time>2018-10-18T14:16:39.0015428-04:00</Time>
            </TestResultDetail>
            <TestResultDetail>
              <Category>Reagent Valve Response</Category>
              <SubCategory>Valve B</SubCategory>
              <SubSubCategory>Position 4</SubSubCategory>
              <Test>Actual Steps</Test>
              <Result>214</Result>
              <Pass xsi:nil="true" />
              <Time>0001-01-01T00:00:00</Time>
            </TestResultDetail>
            <TestResultDetail>
              <Category>Reagent Valve Response</Category>
              <SubCategory>Valve B</SubCategory>
              <SubSubCategory>Position 4</SubSubCategory>
              <Test>Error Steps</Test>
              <ExpectedResult>&lt; 100</ExpectedResult>
              <Result>10</Result>
              <Pass>true</Pass>
              <Time>0001-01-01T00:00:00</Time>
            </TestResultDetail>
            <TestResultDetail>
              <Category>Reagent Valve Response</Category>
              <SubCategory>Valve B</SubCategory>
              <SubSubCategory>Position 5</SubSubCategory>
              <Test>Expected Steps</Test>
              <Result>204</Result>
              <Pass xsi:nil="true" />
              <Time>2018-10-18T14:16:39.6815437-04:00</Time>
            </TestResultDetail>
            <TestResultDetail>
              <Category>Reagent Valve Response</Category>
              <SubCategory>Valve B</SubCategory>
              <SubSubCategory>Position 5</SubSubCategory>
              <Test>Actual Steps</Test>
              <Result>214</Result>
              <Pass xsi:nil="true" />
              <Time>0001-01-01T00:00:00</Time>
            </TestResultDetail>
            <TestResultDetail>
              <Category>Reagent Valve Response</Category>
              <SubCategory>Valve B</SubCategory>
              <SubSubCategory>Position 5</SubSubCategory>
              <Test>Error Steps</Test>
              <ExpectedResult>&lt; 100</ExpectedResult>
              <Result>10</Result>
              <Pass>true</Pass>
              <Time>0001-01-01T00:00:00</Time>
            </TestResultDetail>
            <TestResultDetail>
              <Category>Reagent Valve Response</Category>
              <SubCategory>Valve B</SubCategory>
              <SubSubCategory>Position 6</SubSubCategory>
              <Test>Expected Steps</Test>
              <Result>204</Result>
              <Pass xsi:nil="true" />
              <Time>2018-10-18T14:16:40.3815447-04:00</Time>
            </TestResultDetail>
            <TestResultDetail>
              <Category>Reagent Valve Response</Category>
              <SubCategory>Valve B</SubCategory>
              <SubSubCategory>Position 6</SubSubCategory>
              <Test>Actual Steps</Test>
              <Result>212</Result>
              <Pass xsi:nil="true" />
              <Time>0001-01-01T00:00:00</Time>
            </TestResultDetail>
            <TestResultDetail>
              <Category>Reagent Valve Response</Category>
              <SubCategory>Valve B</SubCategory>
              <SubSubCategory>Position 6</SubSubCategory>
              <Test>Error Steps</Test>
              <ExpectedResult>&lt; 100</ExpectedResult>
              <Result>8</Result>
              <Pass>true</Pass>
              <Time>0001-01-01T00:00:00</Time>
            </TestResultDetail>
            <TestResultDetail>
              <Category>Reagent Valve Response</Category>
              <SubCategory>Valve B</SubCategory>
              <SubSubCategory>Position 7</SubSubCategory>
              <Test>Expected Steps</Test>
              <Result>204</Result>
              <Pass xsi:nil="true" />
              <Time>2018-10-18T14:16:41.0815457-04:00</Time>
            </TestResultDetail>
            <TestResultDetail>
              <Category>Reagent Valve Response</Category>
              <SubCategory>Valve B</SubCategory>
              <SubSubCategory>Position 7</SubSubCategory>
              <Test>Actual Steps</Test>
              <Result>209</Result>
              <Pass xsi:nil="true" />
              <Time>0001-01-01T00:00:00</Time>
            </TestResultDetail>
            <TestResultDetail>
              <Category>Reagent Valve Response</Category>
              <SubCategory>Valve B</SubCategory>
              <SubSubCategory>Position 7</SubSubCategory>
              <Test>Error Steps</Test>
              <ExpectedResult>&lt; 100</ExpectedResult>
              <Result>5</Result>
              <Pass>true</Pass>
              <Time>0001-01-01T00:00:00</Time>
            </TestResultDetail>
            <TestResultDetail>
              <Category>Reagent Valve Response</Category>
              <SubCategory>Valve B</SubCategory>
              <SubSubCategory>Position 8</SubSubCategory>
              <Test>Expected Steps</Test>
              <Result>204</Result>
              <Pass xsi:nil="true" />
              <Time>2018-10-18T14:16:41.7815467-04:00</Time>
            </TestResultDetail>
            <TestResultDetail>
              <Category>Reagent Valve Response</Category>
              <SubCategory>Valve B</SubCategory>
              <SubSubCategory>Position 8</SubSubCategory>
              <Test>Actual Steps</Test>
              <Result>215</Result>
              <Pass xsi:nil="true" />
              <Time>0001-01-01T00:00:00</Time>
            </TestResultDetail>
            <TestResultDetail>
              <Category>Reagent Valve Response</Category>
              <SubCategory>Valve B</SubCategory>
              <SubSubCategory>Position 8</SubSubCategory>
              <Test>Error Steps</Test>
              <ExpectedResult>&lt; 100</ExpectedResult>
              <Result>11</Result>
              <Pass>true</Pass>
              <Time>0001-01-01T00:00:00</Time>
            </TestResultDetail>
            <TestResultDetail>
              <Category>Reagent Valve Response</Category>
              <SubCategory>Valve B</SubCategory>
              <SubSubCategory>Position 9</SubSubCategory>
              <Test>Expected Steps</Test>
              <Result>204</Result>
              <Pass xsi:nil="true" />
              <Time>2018-10-18T14:16:42.4915477-04:00</Time>
            </TestResultDetail>
            <TestResultDetail>
              <Category>Reagent Valve Response</Category>
              <SubCategory>Valve B</SubCategory>
              <SubSubCategory>Position 9</SubSubCategory>
              <Test>Actual Steps</Test>
              <Result>220</Result>
              <Pass xsi:nil="true" />
              <Time>0001-01-01T00:00:00</Time>
            </TestResultDetail>
            <TestResultDetail>
              <Category>Reagent Valve Response</Category>
              <SubCategory>Valve B</SubCategory>
              <SubSubCategory>Position 9</SubSubCategory>
              <Test>Error Steps</Test>
              <ExpectedResult>&lt; 100</ExpectedResult>
              <Result>16</Result>
              <Pass>true</Pass>
              <Time>0001-01-01T00:00:00</Time>
            </TestResultDetail>
            <TestResultDetail>
              <Category>Reagent Valve Response</Category>
              <SubCategory>Valve B</SubCategory>
              <SubSubCategory>Position 10</SubSubCategory>
              <Test>Expected Steps</Test>
              <Result>204</Result>
              <Pass xsi:nil="true" />
              <Time>2018-10-18T14:16:43.2215487-04:00</Time>
            </TestResultDetail>
            <TestResultDetail>
              <Category>Reagent Valve Response</Category>
              <SubCategory>Valve B</SubCategory>
              <SubSubCategory>Position 10</SubSubCategory>
              <Test>Actual Steps</Test>
              <Result>201</Result>
              <Pass xsi:nil="true" />
              <Time>0001-01-01T00:00:00</Time>
            </TestResultDetail>
            <TestResultDetail>
              <Category>Reagent Valve Response</Category>
              <SubCategory>Valve B</SubCategory>
              <SubSubCategory>Position 10</SubSubCategory>
              <Test>Error Steps</Test>
              <ExpectedResult>&lt; 100</ExpectedResult>
              <Result>-3</Result>
              <Pass>true</Pass>
              <Time>0001-01-01T00:00:00</Time>
            </TestResultDetail>
            <TestResultDetail>
              <Category>Reagent Valve Response</Category>
              <SubCategory>Valve B</SubCategory>
              <SubSubCategory>Position 11</SubSubCategory>
              <Test>Expected Steps</Test>
              <Result>204</Result>
              <Pass xsi:nil="true" />
              <Time>2018-10-18T14:16:43.9215497-04:00</Time>
            </TestResultDetail>
            <TestResultDetail>
              <Category>Reagent Valve Response</Category>
              <SubCategory>Valve B</SubCategory>
              <SubSubCategory>Position 11</SubSubCategory>
              <Test>Actual Steps</Test>
              <Result>203</Result>
              <Pass xsi:nil="true" />
              <Time>0001-01-01T00:00:00</Time>
            </TestResultDetail>
            <TestResultDetail>
              <Category>Reagent Valve Response</Category>
              <SubCategory>Valve B</SubCategory>
              <SubSubCategory>Position 11</SubSubCategory>
              <Test>Error Steps</Test>
              <ExpectedResult>&lt; 100</ExpectedResult>
              <Result>-1</Result>
              <Pass>true</Pass>
              <Time>0001-01-01T00:00:00</Time>
            </TestResultDetail>
            <TestResultDetail>
              <Category>Reagent Valve Response</Category>
              <SubCategory>Valve B</SubCategory>
              <SubSubCategory>Position 12</SubSubCategory>
              <Test>Expected Steps</Test>
              <Result>204</Result>
              <Pass xsi:nil="true" />
              <Time>2018-10-18T14:16:44.6215507-04:00</Time>
            </TestResultDetail>
            <TestResultDetail>
              <Category>Reagent Valve Response</Category>
              <SubCategory>Valve B</SubCategory>
              <SubSubCategory>Position 12</SubSubCategory>
              <Test>Actual Steps</Test>
              <Result>207</Result>
              <Pass xsi:nil="true" />
              <Time>0001-01-01T00:00:00</Time>
            </TestResultDetail>
            <TestResultDetail>
              <Category>Reagent Valve Response</Category>
              <SubCategory>Valve B</SubCategory>
              <SubSubCategory>Position 12</SubSubCategory>
              <Test>Error Steps</Test>
              <ExpectedResult>&lt; 100</ExpectedResult>
              <Result>3</Result>
              <Pass>true</Pass>
              <Time>0001-01-01T00:00:00</Time>
            </TestResultDetail>
            <TestResultDetail>
              <Category>Reagent Valve Response</Category>
              <SubCategory>Valve B</SubCategory>
              <SubSubCategory>Position 13</SubSubCategory>
              <Test>Expected Steps</Test>
              <Result>204</Result>
              <Pass xsi:nil="true" />
              <Time>2018-10-18T14:16:45.3215516-04:00</Time>
            </TestResultDetail>
            <TestResultDetail>
              <Category>Reagent Valve Response</Category>
              <SubCategory>Valve B</SubCategory>
              <SubSubCategory>Position 13</SubSubCategory>
              <Test>Actual Steps</Test>
              <Result>210</Result>
              <Pass xsi:nil="true" />
              <Time>0001-01-01T00:00:00</Time>
            </TestResultDetail>
            <TestResultDetail>
              <Category>Reagent Valve Response</Category>
              <SubCategory>Valve B</SubCategory>
              <SubSubCategory>Position 13</SubSubCategory>
              <Test>Error Steps</Test>
              <ExpectedResult>&lt; 100</ExpectedResult>
              <Result>6</Result>
              <Pass>true</Pass>
              <Time>0001-01-01T00:00:00</Time>
            </TestResultDetail>
            <TestResultDetail>
              <Category>Reagent Valve Response</Category>
              <SubCategory>Valve B</SubCategory>
              <SubSubCategory>Position 14</SubSubCategory>
              <Test>Expected Steps</Test>
              <Result>204</Result>
              <Pass xsi:nil="true" />
              <Time>2018-10-18T14:16:46.0415526-04:00</Time>
            </TestResultDetail>
            <TestResultDetail>
              <Category>Reagent Valve Response</Category>
              <SubCategory>Valve B</SubCategory>
              <SubSubCategory>Position 14</SubSubCategory>
              <Test>Actual Steps</Test>
              <Result>208</Result>
              <Pass xsi:nil="true" />
              <Time>0001-01-01T00:00:00</Time>
            </TestResultDetail>
            <TestResultDetail>
              <Category>Reagent Valve Response</Category>
              <SubCategory>Valve B</SubCategory>
              <SubSubCategory>Position 14</SubSubCategory>
              <Test>Error Steps</Test>
              <ExpectedResult>&lt; 100</ExpectedResult>
              <Result>4</Result>
              <Pass>true</Pass>
              <Time>0001-01-01T00:00:00</Time>
            </TestResultDetail>
            <TestResultDetail>
              <Category>Reagent Valve Response</Category>
              <SubCategory>Valve B</SubCategory>
              <SubSubCategory>Position 15</SubSubCategory>
              <Test>Expected Steps</Test>
              <Result>204</Result>
              <Pass xsi:nil="true" />
              <Time>2018-10-18T14:16:46.7515536-04:00</Time>
            </TestResultDetail>
            <TestResultDetail>
              <Category>Reagent Valve Response</Category>
              <SubCategory>Valve B</SubCategory>
              <SubSubCategory>Position 15</SubSubCategory>
              <Test>Actual Steps</Test>
              <Result>211</Result>
              <Pass xsi:nil="true" />
              <Time>0001-01-01T00:00:00</Time>
            </TestResultDetail>
            <TestResultDetail>
              <Category>Reagent Valve Response</Category>
              <SubCategory>Valve B</SubCategory>
              <SubSubCategory>Position 15</SubSubCategory>
              <Test>Error Steps</Test>
              <ExpectedResult>&lt; 100</ExpectedResult>
              <Result>7</Result>
              <Pass>true</Pass>
              <Time>0001-01-01T00:00:00</Time>
            </TestResultDetail>
            <TestResultDetail>
              <Category>Reagent Valve Response</Category>
              <SubCategory>Valve B</SubCategory>
              <SubSubCategory>Position 16</SubSubCategory>
              <Test>Expected Steps</Test>
              <Result>204</Result>
              <Pass xsi:nil="true" />
              <Time>2018-10-18T14:16:47.4615546-04:00</Time>
            </TestResultDetail>
            <TestResultDetail>
              <Category>Reagent Valve Response</Category>
              <SubCategory>Valve B</SubCategory>
              <SubSubCategory>Position 16</SubSubCategory>
              <Test>Actual Steps</Test>
              <Result>206</Result>
              <Pass xsi:nil="true" />
              <Time>0001-01-01T00:00:00</Time>
            </TestResultDetail>
            <TestResultDetail>
              <Category>Reagent Valve Response</Category>
              <SubCategory>Valve B</SubCategory>
              <SubSubCategory>Position 16</SubSubCategory>
              <Test>Error Steps</Test>
              <ExpectedResult>&lt; 100</ExpectedResult>
              <Result>2</Result>
              <Pass>true</Pass>
              <Time>0001-01-01T00:00:00</Time>
            </TestResultDetail>
            <TestResultDetail>
              <Category>Reagent Valve Response</Category>
              <SubCategory>Valve B</SubCategory>
              <SubSubCategory>Position 17</SubSubCategory>
              <Test>Expected Steps</Test>
              <Result>204</Result>
              <Pass xsi:nil="true" />
              <Time>2018-10-18T14:16:48.1515556-04:00</Time>
            </TestResultDetail>
            <TestResultDetail>
              <Category>Reagent Valve Response</Category>
              <SubCategory>Valve B</SubCategory>
              <SubSubCategory>Position 17</SubSubCategory>
              <Test>Actual Steps</Test>
              <Result>203</Result>
              <Pass xsi:nil="true" />
              <Time>0001-01-01T00:00:00</Time>
            </TestResultDetail>
            <TestResultDetail>
              <Category>Reagent Valve Response</Category>
              <SubCategory>Valve B</SubCategory>
              <SubSubCategory>Position 17</SubSubCategory>
              <Test>Error Steps</Test>
              <ExpectedResult>&lt; 100</ExpectedResult>
              <Result>-1</Result>
              <Pass>true</Pass>
              <Time>0001-01-01T00:00:00</Time>
            </TestResultDetail>
            <TestResultDetail>
              <Category>Reagent Valve Response</Category>
              <SubCategory>Valve B</SubCategory>
              <SubSubCategory>Position 18</SubSubCategory>
              <Test>Expected Steps</Test>
              <Result>204</Result>
              <Pass xsi:nil="true" />
              <Time>2018-10-18T14:16:48.8315565-04:00</Time>
            </TestResultDetail>
            <TestResultDetail>
              <Category>Reagent Valve Response</Category>
              <SubCategory>Valve B</SubCategory>
              <SubSubCategory>Position 18</SubSubCategory>
              <Test>Actual Steps</Test>
              <Result>203</Result>
              <Pass xsi:nil="true" />
              <Time>0001-01-01T00:00:00</Time>
            </TestResultDetail>
            <TestResultDetail>
              <Category>Reagent Valve Response</Category>
              <SubCategory>Valve B</SubCategory>
              <SubSubCategory>Position 18</SubSubCategory>
              <Test>Error Steps</Test>
              <ExpectedResult>&lt; 100</ExpectedResult>
              <Result>-1</Result>
              <Pass>true</Pass>
              <Time>0001-01-01T00:00:00</Time>
            </TestResultDetail>
            <TestResultDetail>
              <Category>Reagent Valve Response</Category>
              <SubCategory>Valve B</SubCategory>
              <SubSubCategory>Position 19</SubSubCategory>
              <Test>Expected Steps</Test>
              <Result>204</Result>
              <Pass xsi:nil="true" />
              <Time>2018-10-18T14:16:49.5815576-04:00</Time>
            </TestResultDetail>
            <TestResultDetail>
              <Category>Reagent Valve Response</Category>
              <SubCategory>Valve B</SubCategory>
              <SubSubCategory>Position 19</SubSubCategory>
              <Test>Actual Steps</Test>
              <Result>206</Result>
              <Pass xsi:nil="true" />
              <Time>0001-01-01T00:00:00</Time>
            </TestResultDetail>
            <TestResultDetail>
              <Category>Reagent Valve Response</Category>
              <SubCategory>Valve B</SubCategory>
              <SubSubCategory>Position 19</SubSubCategory>
              <Test>Error Steps</Test>
              <ExpectedResult>&lt; 100</ExpectedResult>
              <Result>2</Result>
              <Pass>true</Pass>
              <Time>0001-01-01T00:00:00</Time>
            </TestResultDetail>
            <TestResultDetail>
              <Category>Reagent Valve Response</Category>
              <SubCategory>Valve B</SubCategory>
              <SubSubCategory>Position 20</SubSubCategory>
              <Test>Expected Steps</Test>
              <Result>204</Result>
              <Pass xsi:nil="true" />
              <Time>2018-10-18T14:16:50.2815586-04:00</Time>
            </TestResultDetail>
            <TestResultDetail>
              <Category>Reagent Valve Response</Category>
              <SubCategory>Valve B</SubCategory>
              <SubSubCategory>Position 20</SubSubCategory>
              <Test>Actual Steps</Test>
              <Result>214</Result>
              <Pass xsi:nil="true" />
              <Time>0001-01-01T00:00:00</Time>
            </TestResultDetail>
            <TestResultDetail>
              <Category>Reagent Valve Response</Category>
              <SubCategory>Valve B</SubCategory>
              <SubSubCategory>Position 20</SubSubCategory>
              <Test>Error Steps</Test>
              <ExpectedResult>&lt; 100</ExpectedResult>
              <Result>10</Result>
              <Pass>true</Pass>
              <Time>0001-01-01T00:00:00</Time>
            </TestResultDetail>
            <TestResultDetail>
              <Category>Reagent Valve Response</Category>
              <SubCategory>Valve B</SubCategory>
              <SubSubCategory>Position 21</SubSubCategory>
              <Test>Expected Steps</Test>
              <Result>204</Result>
              <Pass xsi:nil="true" />
              <Time>2018-10-18T14:16:50.9815596-04:00</Time>
            </TestResultDetail>
            <TestResultDetail>
              <Category>Reagent Valve Response</Category>
              <SubCategory>Valve B</SubCategory>
              <SubSubCategory>Position 21</SubSubCategory>
              <Test>Actual Steps</Test>
              <Result>210</Result>
              <Pass xsi:nil="true" />
              <Time>0001-01-01T00:00:00</Time>
            </TestResultDetail>
            <TestResultDetail>
              <Category>Reagent Valve Response</Category>
              <SubCategory>Valve B</SubCategory>
              <SubSubCategory>Position 21</SubSubCategory>
              <Test>Error Steps</Test>
              <ExpectedResult>&lt; 100</ExpectedResult>
              <Result>6</Result>
              <Pass>true</Pass>
              <Time>0001-01-01T00:00:00</Time>
            </TestResultDetail>
            <TestResultDetail>
              <Category>Reagent Valve Response</Category>
              <SubCategory>Valve B</SubCategory>
              <SubSubCategory>Position 22</SubSubCategory>
              <Test>Expected Steps</Test>
              <Result>204</Result>
              <Pass xsi:nil="true" />
              <Time>2018-10-18T14:16:51.6915606-04:00</Time>
            </TestResultDetail>
            <TestResultDetail>
              <Category>Reagent Valve Response</Category>
              <SubCategory>Valve B</SubCategory>
              <SubSubCategory>Position 22</SubSubCategory>
              <Test>Actual Steps</Test>
              <Result>212</Result>
              <Pass xsi:nil="true" />
              <Time>0001-01-01T00:00:00</Time>
            </TestResultDetail>
            <TestResultDetail>
              <Category>Reagent Valve Response</Category>
              <SubCategory>Valve B</SubCategory>
              <SubSubCategory>Position 22</SubSubCategory>
              <Test>Error Steps</Test>
              <ExpectedResult>&lt; 100</ExpectedResult>
              <Result>8</Result>
              <Pass>true</Pass>
              <Time>0001-01-01T00:00:00</Time>
            </TestResultDetail>
            <TestResultDetail>
              <Category>Reagent Valve Response</Category>
              <SubCategory>Valve B</SubCategory>
              <SubSubCategory>Position 23</SubSubCategory>
              <Test>Expected Steps</Test>
              <Result>204</Result>
              <Pass xsi:nil="true" />
              <Time>2018-10-18T14:16:52.3915615-04:00</Time>
            </TestResultDetail>
            <TestResultDetail>
              <Category>Reagent Valve Response</Category>
              <SubCategory>Valve B</SubCategory>
              <SubSubCategory>Position 23</SubSubCategory>
              <Test>Actual Steps</Test>
              <Result>213</Result>
              <Pass xsi:nil="true" />
              <Time>0001-01-01T00:00:00</Time>
            </TestResultDetail>
            <TestResultDetail>
              <Category>Reagent Valve Response</Category>
              <SubCategory>Valve B</SubCategory>
              <SubSubCategory>Position 23</SubSubCategory>
              <Test>Error Steps</Test>
              <ExpectedResult>&lt; 100</ExpectedResult>
              <Result>9</Result>
              <Pass>true</Pass>
              <Time>0001-01-01T00:00:00</Time>
            </TestResultDetail>
            <TestResultDetail>
              <Category>Reagent Valve Response</Category>
              <SubCategory>Valve B</SubCategory>
              <SubSubCategory>Position 24</SubSubCategory>
              <Test>Expected Steps</Test>
              <Result>204</Result>
              <Pass xsi:nil="true" />
              <Time>2018-10-18T14:16:53.0915625-04:00</Time>
            </TestResultDetail>
            <TestResultDetail>
              <Category>Reagent Valve Response</Category>
              <SubCategory>Valve B</SubCategory>
              <SubSubCategory>Position 24</SubSubCategory>
              <Test>Actual Steps</Test>
              <Result>206</Result>
              <Pass xsi:nil="true" />
              <Time>0001-01-01T00:00:00</Time>
            </TestResultDetail>
            <TestResultDetail>
              <Category>Reagent Valve Response</Category>
              <SubCategory>Valve B</SubCategory>
              <SubSubCategory>Position 24</SubSubCategory>
              <Test>Error Steps</Test>
              <ExpectedResult>&lt; 100</ExpectedResult>
              <Result>2</Result>
              <Pass>true</Pass>
              <Time>0001-01-01T00:00:00</Time>
            </TestResultDetail>
            <TestResultDetail>
              <Category>Pump Valve Response</Category>
              <SubCategory>Pump A</SubCategory>
              <SubSubCategory>Position 3000</SubSubCategory>
              <Test>Syringe Positions</Test>
              <ExpectedResult>3000</ExpectedResult>
              <Pass>true</Pass>
              <Time>2018-10-18T14:17:06.0215806-04:00</Time>
            </TestResultDetail>
            <TestResultDetail>
              <Category>Pump Valve Response</Category>
              <SubCategory>Pump A</SubCategory>
              <SubSubCategory>Position 0</SubSubCategory>
              <Test>Syringe Positions</Test>
              <ExpectedResult>0</ExpectedResult>
              <Pass>true</Pass>
              <Time>0001-01-01T00:00:00</Time>
            </TestResultDetail>
            <TestResultDetail>
              <Category>Pump Valve Response</Category>
              <SubCategory>Pump A</SubCategory>
              <SubSubCategory>Position 1</SubSubCategory>
              <Test>Valve Positions</Test>
              <ExpectedResult>1</ExpectedResult>
              <Pass>true</Pass>
              <Time>0001-01-01T00:00:00</Time>
            </TestResultDetail>
            <TestResultDetail>
              <Category>Pump Valve Response</Category>
              <SubCategory>Pump A</SubCategory>
              <SubSubCategory>Position 2</SubSubCategory>
              <Test>Valve Positions</Test>
              <ExpectedResult>2</ExpectedResult>
              <Pass>true</Pass>
              <Time>0001-01-01T00:00:00</Time>
            </TestResultDetail>
            <TestResultDetail>
              <Category>Pump Valve Response</Category>
              <SubCategory>Pump A</SubCategory>
              <SubSubCategory>Position 3</SubSubCategory>
              <Test>Valve Positions</Test>
              <ExpectedResult>3</ExpectedResult>
              <Pass>true</Pass>
              <Time>0001-01-01T00:00:00</Time>
            </TestResultDetail>
            <TestResultDetail>
              <Category>Pump Valve Response</Category>
              <SubCategory>Pump A</SubCategory>
              <SubSubCategory>Position 4</SubSubCategory>
              <Test>Valve Positions</Test>
              <ExpectedResult>4</ExpectedResult>
              <Pass>true</Pass>
              <Time>0001-01-01T00:00:00</Time>
            </TestResultDetail>
            <TestResultDetail>
              <Category>Pump Valve Response</Category>
              <SubCategory>Pump A</SubCategory>
              <SubSubCategory>Position 5</SubSubCategory>
              <Test>Valve Positions</Test>
              <ExpectedResult>5</ExpectedResult>
              <Pass>true</Pass>
              <Time>0001-01-01T00:00:00</Time>
            </TestResultDetail>
            <TestResultDetail>
              <Category>Pump Valve Response</Category>
              <SubCategory>Pump A</SubCategory>
              <SubSubCategory>Position 6</SubSubCategory>
              <Test>Valve Positions</Test>
              <ExpectedResult>6</ExpectedResult>
              <Pass>true</Pass>
              <Time>0001-01-01T00:00:00</Time>
            </TestResultDetail>
            <TestResultDetail>
              <Category>Pump Valve Response</Category>
              <SubCategory>Pump B</SubCategory>
              <SubSubCategory>Position 3000</SubSubCategory>
              <Test>Syringe Positions</Test>
              <ExpectedResult>3000</ExpectedResult>
              <Pass>true</Pass>
              <Time>2018-10-18T14:17:37.6416249-04:00</Time>
            </TestResultDetail>
            <TestResultDetail>
              <Category>Pump Valve Response</Category>
              <SubCategory>Pump B</SubCategory>
              <SubSubCategory>Position 0</SubSubCategory>
              <Test>Syringe Positions</Test>
              <ExpectedResult>0</ExpectedResult>
              <Pass>true</Pass>
              <Time>0001-01-01T00:00:00</Time>
            </TestResultDetail>
            <TestResultDetail>
              <Category>Pump Valve Response</Category>
              <SubCategory>Pump B</SubCategory>
              <SubSubCategory>Position 1</SubSubCategory>
              <Test>Valve Positions</Test>
              <ExpectedResult>1</ExpectedResult>
              <Pass>true</Pass>
              <Time>0001-01-01T00:00:00</Time>
            </TestResultDetail>
            <TestResultDetail>
              <Category>Pump Valve Response</Category>
              <SubCategory>Pump B</SubCategory>
              <SubSubCategory>Position 2</SubSubCategory>
              <Test>Valve Positions</Test>
              <ExpectedResult>2</ExpectedResult>
              <Pass>true</Pass>
              <Time>0001-01-01T00:00:00</Time>
            </TestResultDetail>
            <TestResultDetail>
              <Category>Pump Valve Response</Category>
              <SubCategory>Pump B</SubCategory>
              <SubSubCategory>Position 3</SubSubCategory>
              <Test>Valve Positions</Test>
              <ExpectedResult>3</ExpectedResult>
              <Pass>true</Pass>
              <Time>0001-01-01T00:00:00</Time>
            </TestResultDetail>
            <TestResultDetail>
              <Category>Pump Valve Response</Category>
              <SubCategory>Pump B</SubCategory>
              <SubSubCategory>Position 4</SubSubCategory>
              <Test>Valve Positions</Test>
              <ExpectedResult>4</ExpectedResult>
              <Pass>true</Pass>
              <Time>0001-01-01T00:00:00</Time>
            </TestResultDetail>
            <TestResultDetail>
              <Category>Pump Valve Response</Category>
              <SubCategory>Pump B</SubCategory>
              <SubSubCategory>Position 5</SubSubCategory>
              <Test>Valve Positions</Test>
              <ExpectedResult>5</ExpectedResult>
              <Pass>true</Pass>
              <Time>0001-01-01T00:00:00</Time>
            </TestResultDetail>
            <TestResultDetail>
              <Category>Pump Valve Response</Category>
              <SubCategory>Pump B</SubCategory>
              <SubSubCategory>Position 6</SubSubCategory>
              <Test>Valve Positions</Test>
              <ExpectedResult>6</ExpectedResult>
              <Pass>true</Pass>
              <Time>0001-01-01T00:00:00</Time>
            </TestResultDetail>
          </Items>
        </TestResultDetails>
      </value>
    </item>
    <item>
      <key>
        <string>PressureDecay1</string>
      </key>
      <value>
        <TestResultDetails>
          <TestOutputXmlPaths />
          <Items />
        </TestResultDetails>
      </value>
    </item>
    <item>
      <key>
        <string>FlowRate</string>
      </key>
      <value>
        <TestResultDetails>
          <TestOutputXmlPaths>
            <string>D:\Illumina\SystemCheckResults\FlowRate\NS500355 2018-10-18__14_40_17\NS500355_Flow Rate Test_Results.xml</string>
          </TestOutputXmlPaths>
          <Items>
            <TestResultDetail>
              <Category>Flow Rate</Category>
              <SubCategory>Lane A</SubCategory>
              <Test>Actual Flow Rate</Test>
              <ExpectedResult>3100.000000 +/- 700.000000</ExpectedResult>
              <Result>3167.460693</Result>
              <Pass>true</Pass>
              <Time>2018-10-18T14:50:54.2244201-04:00</Time>
            </TestResultDetail>
            <TestResultDetail>
              <Category>Flow Rate</Category>
              <SubCategory>Lane A</SubCategory>
              <Test>Flight Time</Test>
              <Result>129600</Result>
              <Pass xsi:nil="true" />
              <Time>2018-10-18T14:50:54.2244201-04:00</Time>
            </TestResultDetail>
            <TestResultDetail>
              <Category>Flow Rate</Category>
              <SubCategory>Lane A</SubCategory>
              <Test>Scale Factor</Test>
              <Result>0.978702</Result>
              <Pass xsi:nil="true" />
              <Time>2018-10-18T14:50:54.2244201-04:00</Time>
            </TestResultDetail>
            <TestResultDetail>
              <Category>Flow Rate</Category>
              <SubCategory>Lane A</SubCategory>
              <Test>Std</Test>
              <ExpectedResult>&lt; 3100.000000</ExpectedResult>
              <Result>41.881961</Result>
              <Pass>true</Pass>
              <Time>2018-10-18T14:50:54.2244201-04:00</Time>
            </TestResultDetail>
            <TestResultDetail>
              <Category>Flow Rate</Category>
              <SubCategory>Lane B</SubCategory>
              <Test>Actual Flow Rate</Test>
              <ExpectedResult>3100.000000 +/- 700.000000</ExpectedResult>
              <Result>3022.470703</Result>
              <Pass>true</Pass>
              <Time>2018-10-18T14:50:54.2244201-04:00</Time>
            </TestResultDetail>
            <TestResultDetail>
              <Category>Flow Rate</Category>
              <SubCategory>Lane B</SubCategory>
              <Test>Flight Time</Test>
              <Result>135800</Result>
              <Pass xsi:nil="true" />
              <Time>2018-10-18T14:50:54.2244201-04:00</Time>
            </TestResultDetail>
            <TestResultDetail>
              <Category>Flow Rate</Category>
              <SubCategory>Lane B</SubCategory>
              <Test>Scale Factor</Test>
              <Result>1.025651</Result>
              <Pass xsi:nil="true" />
              <Time>2018-10-18T14:50:54.2244201-04:00</Time>
            </TestResultDetail>
            <TestResultDetail>
              <Category>Flow Rate</Category>
              <SubCategory>Lane B</SubCategory>
              <Test>Std</Test>
              <ExpectedResult>&lt; 3100.000000</ExpectedResult>
              <Result>21.946032</Result>
              <Pass>true</Pass>
              <Time>2018-10-18T14:50:54.2244201-04:00</Time>
            </TestResultDetail>
          </Items>
        </TestResultDetails>
      </value>
    </item>
    <item>
      <key>
        <string>Impedance</string>
      </key>
      <value>
        <TestResultDetails>
          <TestOutputXmlPaths />
          <Items />
        </TestResultDetails>
      </value>
    </item>
    <item>
      <key>
        <string>PressureDecay2</string>
      </key>
      <value>
        <TestResultDetails>
          <TestOutputXmlPaths />
          <Items />
        </TestResultDetails>
      </value>
    </item>
    <item>
      <key>
        <string>Fans</string>
      </key>
      <value>
        <TestResultDetails>
          <TestOutputXmlPaths />
          <Items />
        </TestResultDetails>
      </value>
    </item>
    <item>
      <key>
        <string>Probes</string>
      </key>
      <value>
        <TestResultDetails>
          <TestOutputXmlPaths />
          <Items />
        </TestResultDetails>
      </value>
    </item>
    <item>
      <key>
        <string>FlowCellThermal</string>
      </key>
      <value>
        <TestResultDetails>
          <TestOutputXmlPaths />
          <Items />
        </TestResultDetails>
      </value>
    </item>
  </TestResultDetails>
</SystemCheckTestResultDetails>