<?xml version="1.0"?>
<SystemCheckTestResultDetails xmlns:xsd="http://www.w3.org/2001/XMLSchema" xmlns:xsi="http://www.w3.org/2001/XMLSchema-instance">
  <TestResultDetails>
    <item>
      <key>
        <string>Bsm</string>
      </key>
      <value>
        <TestResultDetails>
          <TestOutputXmlPaths />
          <Items />
        </TestResultDetails>
      </value>
    </item>
    <item>
      <key>
        <string>FclmFam</string>
      </key>
      <value>
        <TestResultDetails>
          <TestOutputXmlPaths />
          <Items />
        </TestResultDetails>
      </value>
    </item>
    <item>
      <key>
        <string>MotionStage</string>
      </key>
      <value>
        <TestResultDetails>
          <TestOutputXmlPaths />
          <Items />
        </TestResultDetails>
      </value>
    </item>
    <item>
      <key>
        <string>UbertargetRegistration</string>
      </key>
      <value>
        <TestResultDetails>
          <TestOutputXmlPaths />
          <Items />
        </TestResultDetails>
      </value>
    </item>
    <item>
      <key>
        <string>Optical</string>
      </key>
      <value>
        <TestResultDetails>
          <TestOutputXmlPaths />
          <Items />
        </TestResultDetails>
      </value>
    </item>
    <item>
      <key>
        <string>OpticsStage</string>
      </key>
      <value>
        <TestResultDetails>
          <TestOutputXmlPaths />
          <Items />
        </TestResultDetails>
      </value>
    </item>
    <item>
      <key>
        <string>FlowCellRegistration</string>
      </key>
      <value>
        <TestResultDetails>
          <TestOutputXmlPaths />
          <Items />
        </TestResultDetails>
      </value>
    </item>
    <item>
      <key>
        <string>BeadChipTests</string>
      </key>
      <value>
        <TestResultDetails>
          <TestOutputXmlPaths />
          <Items />
        </TestResultDetails>
      </value>
    </item>
    <item>
      <key>
        <string>ValveResponse</string>
      </key>
      <value>
        <TestResultDetails>
          <TestOutputXmlPaths>
            <string>D:\Illumina\SystemCheckResults\Valve Response Test\NS500355 2018-11-05__11_29_18\NS500355_Reagent Valve Response Test_Results.xml</string>
            <string>D:\Illumina\SystemCheckResults\Valve Response Test\NS500355 2018-11-05__11_29_54\NS500355_Pump Valve Response Test_Results.xml</string>
          </TestOutputXmlPaths>
          <Items>
            <TestResultDetail>
              <Category>Reagent Valve Response</Category>
              <SubCategory>Valve A</SubCategory>
              <SubSubCategory>Position 1</SubSubCategory>
              <Test>Expected Steps</Test>
              <Result>1633</Result>
              <Pass xsi:nil="true" />
              <Time>2018-11-05T11:29:20.1935442-05:00</Time>
            </TestResultDetail>
            <TestResultDetail>
              <Category>Reagent Valve Response</Category>
              <SubCategory>Valve A</SubCategory>
              <SubSubCategory>Position 1</SubSubCategory>
              <Test>Actual Steps</Test>
              <Result>1652</Result>
              <Pass xsi:nil="true" />
              <Time>0001-01-01T00:00:00</Time>
            </TestResultDetail>
            <TestResultDetail>
              <Category>Reagent Valve Response</Category>
              <SubCategory>Valve A</SubCategory>
              <SubSubCategory>Position 1</SubSubCategory>
              <Test>Error Steps</Test>
              <ExpectedResult>&lt; 100</ExpectedResult>
              <Result>19</Result>
              <Pass>true</Pass>
              <Time>0001-01-01T00:00:00</Time>
            </TestResultDetail>
            <TestResultDetail>
              <Category>Reagent Valve Response</Category>
              <SubCategory>Valve A</SubCategory>
              <SubSubCategory>Position 2</SubSubCategory>
              <Test>Expected Steps</Test>
              <Result>204</Result>
              <Pass xsi:nil="true" />
              <Time>2018-11-05T11:29:20.9135452-05:00</Time>
            </TestResultDetail>
            <TestResultDetail>
              <Category>Reagent Valve Response</Category>
              <SubCategory>Valve A</SubCategory>
              <SubSubCategory>Position 2</SubSubCategory>
              <Test>Actual Steps</Test>
              <Result>228</Result>
              <Pass xsi:nil="true" />
              <Time>0001-01-01T00:00:00</Time>
            </TestResultDetail>
            <TestResultDetail>
              <Category>Reagent Valve Response</Category>
              <SubCategory>Valve A</SubCategory>
              <SubSubCategory>Position 2</SubSubCategory>
              <Test>Error Steps</Test>
              <ExpectedResult>&lt; 100</ExpectedResult>
              <Result>24</Result>
              <Pass>true</Pass>
              <Time>0001-01-01T00:00:00</Time>
            </TestResultDetail>
            <TestResultDetail>
              <Category>Reagent Valve Response</Category>
              <SubCategory>Valve A</SubCategory>
              <SubSubCategory>Position 3</SubSubCategory>
              <Test>Expected Steps</Test>
              <Result>204</Result>
              <Pass xsi:nil="true" />
              <Time>2018-11-05T11:29:21.6035462-05:00</Time>
            </TestResultDetail>
            <TestResultDetail>
              <Category>Reagent Valve Response</Category>
              <SubCategory>Valve A</SubCategory>
              <SubSubCategory>Position 3</SubSubCategory>
              <Test>Actual Steps</Test>
              <Result>213</Result>
              <Pass xsi:nil="true" />
              <Time>0001-01-01T00:00:00</Time>
            </TestResultDetail>
            <TestResultDetail>
              <Category>Reagent Valve Response</Category>
              <SubCategory>Valve A</SubCategory>
              <SubSubCategory>Position 3</SubSubCategory>
              <Test>Error Steps</Test>
              <ExpectedResult>&lt; 100</ExpectedResult>
              <Result>9</Result>
              <Pass>true</Pass>
              <Time>0001-01-01T00:00:00</Time>
            </TestResultDetail>
            <TestResultDetail>
              <Category>Reagent Valve Response</Category>
              <SubCategory>Valve A</SubCategory>
              <SubSubCategory>Position 4</SubSubCategory>
              <Test>Expected Steps</Test>
              <Result>204</Result>
              <Pass xsi:nil="true" />
              <Time>2018-11-05T11:29:22.3035472-05:00</Time>
            </TestResultDetail>
            <TestResultDetail>
              <Category>Reagent Valve Response</Category>
              <SubCategory>Valve A</SubCategory>
              <SubSubCategory>Position 4</SubSubCategory>
              <Test>Actual Steps</Test>
              <Result>215</Result>
              <Pass xsi:nil="true" />
              <Time>0001-01-01T00:00:00</Time>
            </TestResultDetail>
            <TestResultDetail>
              <Category>Reagent Valve Response</Category>
              <SubCategory>Valve A</SubCategory>
              <SubSubCategory>Position 4</SubSubCategory>
              <Test>Error Steps</Test>
              <ExpectedResult>&lt; 100</ExpectedResult>
              <Result>11</Result>
              <Pass>true</Pass>
              <Time>0001-01-01T00:00:00</Time>
            </TestResultDetail>
            <TestResultDetail>
              <Category>Reagent Valve Response</Category>
              <SubCategory>Valve A</SubCategory>
              <SubSubCategory>Position 5</SubSubCategory>
              <Test>Expected Steps</Test>
              <Result>204</Result>
              <Pass xsi:nil="true" />
              <Time>2018-11-05T11:29:22.9935481-05:00</Time>
            </TestResultDetail>
            <TestResultDetail>
              <Category>Reagent Valve Response</Category>
              <SubCategory>Valve A</SubCategory>
              <SubSubCategory>Position 5</SubSubCategory>
              <Test>Actual Steps</Test>
              <Result>213</Result>
              <Pass xsi:nil="true" />
              <Time>0001-01-01T00:00:00</Time>
            </TestResultDetail>
            <TestResultDetail>
              <Category>Reagent Valve Response</Category>
              <SubCategory>Valve A</SubCategory>
              <SubSubCategory>Position 5</SubSubCategory>
              <Test>Error Steps</Test>
              <ExpectedResult>&lt; 100</ExpectedResult>
              <Result>9</Result>
              <Pass>true</Pass>
              <Time>0001-01-01T00:00:00</Time>
            </TestResultDetail>
            <TestResultDetail>
              <Category>Reagent Valve Response</Category>
              <SubCategory>Valve A</SubCategory>
              <SubSubCategory>Position 6</SubSubCategory>
              <Test>Expected Steps</Test>
              <Result>204</Result>
              <Pass xsi:nil="true" />
              <Time>2018-11-05T11:29:23.6835491-05:00</Time>
            </TestResultDetail>
            <TestResultDetail>
              <Category>Reagent Valve Response</Category>
              <SubCategory>Valve A</SubCategory>
              <SubSubCategory>Position 6</SubSubCategory>
              <Test>Actual Steps</Test>
              <Result>210</Result>
              <Pass xsi:nil="true" />
              <Time>0001-01-01T00:00:00</Time>
            </TestResultDetail>
            <TestResultDetail>
              <Category>Reagent Valve Response</Category>
              <SubCategory>Valve A</SubCategory>
              <SubSubCategory>Position 6</SubSubCategory>
              <Test>Error Steps</Test>
              <ExpectedResult>&lt; 100</ExpectedResult>
              <Result>6</Result>
              <Pass>true</Pass>
              <Time>0001-01-01T00:00:00</Time>
            </TestResultDetail>
            <TestResultDetail>
              <Category>Reagent Valve Response</Category>
              <SubCategory>Valve A</SubCategory>
              <SubSubCategory>Position 7</SubSubCategory>
              <Test>Expected Steps</Test>
              <Result>204</Result>
              <Pass xsi:nil="true" />
              <Time>2018-11-05T11:29:24.3835501-05:00</Time>
            </TestResultDetail>
            <TestResultDetail>
              <Category>Reagent Valve Response</Category>
              <SubCategory>Valve A</SubCategory>
              <SubSubCategory>Position 7</SubSubCategory>
              <Test>Actual Steps</Test>
              <Result>220</Result>
              <Pass xsi:nil="true" />
              <Time>0001-01-01T00:00:00</Time>
            </TestResultDetail>
            <TestResultDetail>
              <Category>Reagent Valve Response</Category>
              <SubCategory>Valve A</SubCategory>
              <SubSubCategory>Position 7</SubSubCategory>
              <Test>Error Steps</Test>
              <ExpectedResult>&lt; 100</ExpectedResult>
              <Result>16</Result>
              <Pass>true</Pass>
              <Time>0001-01-01T00:00:00</Time>
            </TestResultDetail>
            <TestResultDetail>
              <Category>Reagent Valve Response</Category>
              <SubCategory>Valve A</SubCategory>
              <SubSubCategory>Position 8</SubSubCategory>
              <Test>Expected Steps</Test>
              <Result>204</Result>
              <Pass xsi:nil="true" />
              <Time>2018-11-05T11:29:25.073551-05:00</Time>
            </TestResultDetail>
            <TestResultDetail>
              <Category>Reagent Valve Response</Category>
              <SubCategory>Valve A</SubCategory>
              <SubSubCategory>Position 8</SubSubCategory>
              <Test>Actual Steps</Test>
              <Result>213</Result>
              <Pass xsi:nil="true" />
              <Time>0001-01-01T00:00:00</Time>
            </TestResultDetail>
            <TestResultDetail>
              <Category>Reagent Valve Response</Category>
              <SubCategory>Valve A</SubCategory>
              <SubSubCategory>Position 8</SubSubCategory>
              <Test>Error Steps</Test>
              <ExpectedResult>&lt; 100</ExpectedResult>
              <Result>9</Result>
              <Pass>true</Pass>
              <Time>0001-01-01T00:00:00</Time>
            </TestResultDetail>
            <TestResultDetail>
              <Category>Reagent Valve Response</Category>
              <SubCategory>Valve A</SubCategory>
              <SubSubCategory>Position 9</SubSubCategory>
              <Test>Expected Steps</Test>
              <Result>204</Result>
              <Pass xsi:nil="true" />
              <Time>2018-11-05T11:29:25.763552-05:00</Time>
            </TestResultDetail>
            <TestResultDetail>
              <Category>Reagent Valve Response</Category>
              <SubCategory>Valve A</SubCategory>
              <SubSubCategory>Position 9</SubSubCategory>
              <Test>Actual Steps</Test>
              <Result>211</Result>
              <Pass xsi:nil="true" />
              <Time>0001-01-01T00:00:00</Time>
            </TestResultDetail>
            <TestResultDetail>
              <Category>Reagent Valve Response</Category>
              <SubCategory>Valve A</SubCategory>
              <SubSubCategory>Position 9</SubSubCategory>
              <Test>Error Steps</Test>
              <ExpectedResult>&lt; 100</ExpectedResult>
              <Result>7</Result>
              <Pass>true</Pass>
              <Time>0001-01-01T00:00:00</Time>
            </TestResultDetail>
            <TestResultDetail>
              <Category>Reagent Valve Response</Category>
              <SubCategory>Valve A</SubCategory>
              <SubSubCategory>Position 10</SubSubCategory>
              <Test>Expected Steps</Test>
              <Result>204</Result>
              <Pass xsi:nil="true" />
              <Time>2018-11-05T11:29:26.453553-05:00</Time>
            </TestResultDetail>
            <TestResultDetail>
              <Category>Reagent Valve Response</Category>
              <SubCategory>Valve A</SubCategory>
              <SubSubCategory>Position 10</SubSubCategory>
              <Test>Actual Steps</Test>
              <Result>209</Result>
              <Pass xsi:nil="true" />
              <Time>0001-01-01T00:00:00</Time>
            </TestResultDetail>
            <TestResultDetail>
              <Category>Reagent Valve Response</Category>
              <SubCategory>Valve A</SubCategory>
              <SubSubCategory>Position 10</SubSubCategory>
              <Test>Error Steps</Test>
              <ExpectedResult>&lt; 100</ExpectedResult>
              <Result>5</Result>
              <Pass>true</Pass>
              <Time>0001-01-01T00:00:00</Time>
            </TestResultDetail>
            <TestResultDetail>
              <Category>Reagent Valve Response</Category>
              <SubCategory>Valve A</SubCategory>
              <SubSubCategory>Position 11</SubSubCategory>
              <Test>Expected Steps</Test>
              <Result>204</Result>
              <Pass xsi:nil="true" />
              <Time>2018-11-05T11:29:27.153554-05:00</Time>
            </TestResultDetail>
            <TestResultDetail>
              <Category>Reagent Valve Response</Category>
              <SubCategory>Valve A</SubCategory>
              <SubSubCategory>Position 11</SubSubCategory>
              <Test>Actual Steps</Test>
              <Result>214</Result>
              <Pass xsi:nil="true" />
              <Time>0001-01-01T00:00:00</Time>
            </TestResultDetail>
            <TestResultDetail>
              <Category>Reagent Valve Response</Category>
              <SubCategory>Valve A</SubCategory>
              <SubSubCategory>Position 11</SubSubCategory>
              <Test>Error Steps</Test>
              <ExpectedResult>&lt; 100</ExpectedResult>
              <Result>10</Result>
              <Pass>true</Pass>
              <Time>0001-01-01T00:00:00</Time>
            </TestResultDetail>
            <TestResultDetail>
              <Category>Reagent Valve Response</Category>
              <SubCategory>Valve A</SubCategory>
              <SubSubCategory>Position 12</SubSubCategory>
              <Test>Expected Steps</Test>
              <Result>204</Result>
              <Pass xsi:nil="true" />
              <Time>2018-11-05T11:29:28.0435552-05:00</Time>
            </TestResultDetail>
            <TestResultDetail>
              <Category>Reagent Valve Response</Category>
              <SubCategory>Valve A</SubCategory>
              <SubSubCategory>Position 12</SubSubCategory>
              <Test>Actual Steps</Test>
              <Result>213</Result>
              <Pass xsi:nil="true" />
              <Time>0001-01-01T00:00:00</Time>
            </TestResultDetail>
            <TestResultDetail>
              <Category>Reagent Valve Response</Category>
              <SubCategory>Valve A</SubCategory>
              <SubSubCategory>Position 12</SubSubCategory>
              <Test>Error Steps</Test>
              <ExpectedResult>&lt; 100</ExpectedResult>
              <Result>9</Result>
              <Pass>true</Pass>
              <Time>0001-01-01T00:00:00</Time>
            </TestResultDetail>
            <TestResultDetail>
              <Category>Reagent Valve Response</Category>
              <SubCategory>Valve A</SubCategory>
              <SubSubCategory>Position 13</SubSubCategory>
              <Test>Expected Steps</Test>
              <Result>204</Result>
              <Pass xsi:nil="true" />
              <Time>2018-11-05T11:29:28.7335562-05:00</Time>
            </TestResultDetail>
            <TestResultDetail>
              <Category>Reagent Valve Response</Category>
              <SubCategory>Valve A</SubCategory>
              <SubSubCategory>Position 13</SubSubCategory>
              <Test>Actual Steps</Test>
              <Result>211</Result>
              <Pass xsi:nil="true" />
              <Time>0001-01-01T00:00:00</Time>
            </TestResultDetail>
            <TestResultDetail>
              <Category>Reagent Valve Response</Category>
              <SubCategory>Valve A</SubCategory>
              <SubSubCategory>Position 13</SubSubCategory>
              <Test>Error Steps</Test>
              <ExpectedResult>&lt; 100</ExpectedResult>
              <Result>7</Result>
              <Pass>true</Pass>
              <Time>0001-01-01T00:00:00</Time>
            </TestResultDetail>
            <TestResultDetail>
              <Category>Reagent Valve Response</Category>
              <SubCategory>Valve A</SubCategory>
              <SubSubCategory>Position 14</SubSubCategory>
              <Test>Expected Steps</Test>
              <Result>204</Result>
              <Pass xsi:nil="true" />
              <Time>2018-11-05T11:29:29.4335571-05:00</Time>
            </TestResultDetail>
            <TestResultDetail>
              <Category>Reagent Valve Response</Category>
              <SubCategory>Valve A</SubCategory>
              <SubSubCategory>Position 14</SubSubCategory>
              <Test>Actual Steps</Test>
              <Result>217</Result>
              <Pass xsi:nil="true" />
              <Time>0001-01-01T00:00:00</Time>
            </TestResultDetail>
            <TestResultDetail>
              <Category>Reagent Valve Response</Category>
              <SubCategory>Valve A</SubCategory>
              <SubSubCategory>Position 14</SubSubCategory>
              <Test>Error Steps</Test>
              <ExpectedResult>&lt; 100</ExpectedResult>
              <Result>13</Result>
              <Pass>true</Pass>
              <Time>0001-01-01T00:00:00</Time>
            </TestResultDetail>
            <TestResultDetail>
              <Category>Reagent Valve Response</Category>
              <SubCategory>Valve A</SubCategory>
              <SubSubCategory>Position 15</SubSubCategory>
              <Test>Expected Steps</Test>
              <Result>204</Result>
              <Pass xsi:nil="true" />
              <Time>2018-11-05T11:29:30.1335581-05:00</Time>
            </TestResultDetail>
            <TestResultDetail>
              <Category>Reagent Valve Response</Category>
              <SubCategory>Valve A</SubCategory>
              <SubSubCategory>Position 15</SubSubCategory>
              <Test>Actual Steps</Test>
              <Result>220</Result>
              <Pass xsi:nil="true" />
              <Time>0001-01-01T00:00:00</Time>
            </TestResultDetail>
            <TestResultDetail>
              <Category>Reagent Valve Response</Category>
              <SubCategory>Valve A</SubCategory>
              <SubSubCategory>Position 15</SubSubCategory>
              <Test>Error Steps</Test>
              <ExpectedResult>&lt; 100</ExpectedResult>
              <Result>16</Result>
              <Pass>true</Pass>
              <Time>0001-01-01T00:00:00</Time>
            </TestResultDetail>
            <TestResultDetail>
              <Category>Reagent Valve Response</Category>
              <SubCategory>Valve A</SubCategory>
              <SubSubCategory>Position 16</SubSubCategory>
              <Test>Expected Steps</Test>
              <Result>204</Result>
              <Pass xsi:nil="true" />
              <Time>2018-11-05T11:29:30.8735592-05:00</Time>
            </TestResultDetail>
            <TestResultDetail>
              <Category>Reagent Valve Response</Category>
              <SubCategory>Valve A</SubCategory>
              <SubSubCategory>Position 16</SubSubCategory>
              <Test>Actual Steps</Test>
              <Result>221</Result>
              <Pass xsi:nil="true" />
              <Time>0001-01-01T00:00:00</Time>
            </TestResultDetail>
            <TestResultDetail>
              <Category>Reagent Valve Response</Category>
              <SubCategory>Valve A</SubCategory>
              <SubSubCategory>Position 16</SubSubCategory>
              <Test>Error Steps</Test>
              <ExpectedResult>&lt; 100</ExpectedResult>
              <Result>17</Result>
              <Pass>true</Pass>
              <Time>0001-01-01T00:00:00</Time>
            </TestResultDetail>
            <TestResultDetail>
              <Category>Reagent Valve Response</Category>
              <SubCategory>Valve A</SubCategory>
              <SubSubCategory>Position 17</SubSubCategory>
              <Test>Expected Steps</Test>
              <Result>204</Result>
              <Pass xsi:nil="true" />
              <Time>2018-11-05T11:29:31.5735601-05:00</Time>
            </TestResultDetail>
            <TestResultDetail>
              <Category>Reagent Valve Response</Category>
              <SubCategory>Valve A</SubCategory>
              <SubSubCategory>Position 17</SubSubCategory>
              <Test>Actual Steps</Test>
              <Result>209</Result>
              <Pass xsi:nil="true" />
              <Time>0001-01-01T00:00:00</Time>
            </TestResultDetail>
            <TestResultDetail>
              <Category>Reagent Valve Response</Category>
              <SubCategory>Valve A</SubCategory>
              <SubSubCategory>Position 17</SubSubCategory>
              <Test>Error Steps</Test>
              <ExpectedResult>&lt; 100</ExpectedResult>
              <Result>5</Result>
              <Pass>true</Pass>
              <Time>0001-01-01T00:00:00</Time>
            </TestResultDetail>
            <TestResultDetail>
              <Category>Reagent Valve Response</Category>
              <SubCategory>Valve A</SubCategory>
              <SubSubCategory>Position 18</SubSubCategory>
              <Test>Expected Steps</Test>
              <Result>204</Result>
              <Pass xsi:nil="true" />
              <Time>2018-11-05T11:29:32.2635611-05:00</Time>
            </TestResultDetail>
            <TestResultDetail>
              <Category>Reagent Valve Response</Category>
              <SubCategory>Valve A</SubCategory>
              <SubSubCategory>Position 18</SubSubCategory>
              <Test>Actual Steps</Test>
              <Result>213</Result>
              <Pass xsi:nil="true" />
              <Time>0001-01-01T00:00:00</Time>
            </TestResultDetail>
            <TestResultDetail>
              <Category>Reagent Valve Response</Category>
              <SubCategory>Valve A</SubCategory>
              <SubSubCategory>Position 18</SubSubCategory>
              <Test>Error Steps</Test>
              <ExpectedResult>&lt; 100</ExpectedResult>
              <Result>9</Result>
              <Pass>true</Pass>
              <Time>0001-01-01T00:00:00</Time>
            </TestResultDetail>
            <TestResultDetail>
              <Category>Reagent Valve Response</Category>
              <SubCategory>Valve A</SubCategory>
              <SubSubCategory>Position 19</SubSubCategory>
              <Test>Expected Steps</Test>
              <Result>204</Result>
              <Pass xsi:nil="true" />
              <Time>2018-11-05T11:29:32.9435621-05:00</Time>
            </TestResultDetail>
            <TestResultDetail>
              <Category>Reagent Valve Response</Category>
              <SubCategory>Valve A</SubCategory>
              <SubSubCategory>Position 19</SubSubCategory>
              <Test>Actual Steps</Test>
              <Result>213</Result>
              <Pass xsi:nil="true" />
              <Time>0001-01-01T00:00:00</Time>
            </TestResultDetail>
            <TestResultDetail>
              <Category>Reagent Valve Response</Category>
              <SubCategory>Valve A</SubCategory>
              <SubSubCategory>Position 19</SubSubCategory>
              <Test>Error Steps</Test>
              <ExpectedResult>&lt; 100</ExpectedResult>
              <Result>9</Result>
              <Pass>true</Pass>
              <Time>0001-01-01T00:00:00</Time>
            </TestResultDetail>
            <TestResultDetail>
              <Category>Reagent Valve Response</Category>
              <SubCategory>Valve A</SubCategory>
              <SubSubCategory>Position 20</SubSubCategory>
              <Test>Expected Steps</Test>
              <Result>204</Result>
              <Pass xsi:nil="true" />
              <Time>2018-11-05T11:29:33.643563-05:00</Time>
            </TestResultDetail>
            <TestResultDetail>
              <Category>Reagent Valve Response</Category>
              <SubCategory>Valve A</SubCategory>
              <SubSubCategory>Position 20</SubSubCategory>
              <Test>Actual Steps</Test>
              <Result>214</Result>
              <Pass xsi:nil="true" />
              <Time>0001-01-01T00:00:00</Time>
            </TestResultDetail>
            <TestResultDetail>
              <Category>Reagent Valve Response</Category>
              <SubCategory>Valve A</SubCategory>
              <SubSubCategory>Position 20</SubSubCategory>
              <Test>Error Steps</Test>
              <ExpectedResult>&lt; 100</ExpectedResult>
              <Result>10</Result>
              <Pass>true</Pass>
              <Time>0001-01-01T00:00:00</Time>
            </TestResultDetail>
            <TestResultDetail>
              <Category>Reagent Valve Response</Category>
              <SubCategory>Valve A</SubCategory>
              <SubSubCategory>Position 21</SubSubCategory>
              <Test>Expected Steps</Test>
              <Result>204</Result>
              <Pass xsi:nil="true" />
              <Time>2018-11-05T11:29:34.343564-05:00</Time>
            </TestResultDetail>
            <TestResultDetail>
              <Category>Reagent Valve Response</Category>
              <SubCategory>Valve A</SubCategory>
              <SubSubCategory>Position 21</SubSubCategory>
              <Test>Actual Steps</Test>
              <Result>213</Result>
              <Pass xsi:nil="true" />
              <Time>0001-01-01T00:00:00</Time>
            </TestResultDetail>
            <TestResultDetail>
              <Category>Reagent Valve Response</Category>
              <SubCategory>Valve A</SubCategory>
              <SubSubCategory>Position 21</SubSubCategory>
              <Test>Error Steps</Test>
              <ExpectedResult>&lt; 100</ExpectedResult>
              <Result>9</Result>
              <Pass>true</Pass>
              <Time>0001-01-01T00:00:00</Time>
            </TestResultDetail>
            <TestResultDetail>
              <Category>Reagent Valve Response</Category>
              <SubCategory>Valve A</SubCategory>
              <SubSubCategory>Position 22</SubSubCategory>
              <Test>Expected Steps</Test>
              <Result>204</Result>
              <Pass xsi:nil="true" />
              <Time>2018-11-05T11:29:35.043565-05:00</Time>
            </TestResultDetail>
            <TestResultDetail>
              <Category>Reagent Valve Response</Category>
              <SubCategory>Valve A</SubCategory>
              <SubSubCategory>Position 22</SubSubCategory>
              <Test>Actual Steps</Test>
              <Result>210</Result>
              <Pass xsi:nil="true" />
              <Time>0001-01-01T00:00:00</Time>
            </TestResultDetail>
            <TestResultDetail>
              <Category>Reagent Valve Response</Category>
              <SubCategory>Valve A</SubCategory>
              <SubSubCategory>Position 22</SubSubCategory>
              <Test>Error Steps</Test>
              <ExpectedResult>&lt; 100</ExpectedResult>
              <Result>6</Result>
              <Pass>true</Pass>
              <Time>0001-01-01T00:00:00</Time>
            </TestResultDetail>
            <TestResultDetail>
              <Category>Reagent Valve Response</Category>
              <SubCategory>Valve A</SubCategory>
              <SubSubCategory>Position 23</SubSubCategory>
              <Test>Expected Steps</Test>
              <Result>204</Result>
              <Pass xsi:nil="true" />
              <Time>2018-11-05T11:29:35.733566-05:00</Time>
            </TestResultDetail>
            <TestResultDetail>
              <Category>Reagent Valve Response</Category>
              <SubCategory>Valve A</SubCategory>
              <SubSubCategory>Position 23</SubSubCategory>
              <Test>Actual Steps</Test>
              <Result>213</Result>
              <Pass xsi:nil="true" />
              <Time>0001-01-01T00:00:00</Time>
            </TestResultDetail>
            <TestResultDetail>
              <Category>Reagent Valve Response</Category>
              <SubCategory>Valve A</SubCategory>
              <SubSubCategory>Position 23</SubSubCategory>
              <Test>Error Steps</Test>
              <ExpectedResult>&lt; 100</ExpectedResult>
              <Result>9</Result>
              <Pass>true</Pass>
              <Time>0001-01-01T00:00:00</Time>
            </TestResultDetail>
            <TestResultDetail>
              <Category>Reagent Valve Response</Category>
              <SubCategory>Valve A</SubCategory>
              <SubSubCategory>Position 24</SubSubCategory>
              <Test>Expected Steps</Test>
              <Result>204</Result>
              <Pass xsi:nil="true" />
              <Time>2018-11-05T11:29:36.463567-05:00</Time>
            </TestResultDetail>
            <TestResultDetail>
              <Category>Reagent Valve Response</Category>
              <SubCategory>Valve A</SubCategory>
              <SubSubCategory>Position 24</SubSubCategory>
              <Test>Actual Steps</Test>
              <Result>214</Result>
              <Pass xsi:nil="true" />
              <Time>0001-01-01T00:00:00</Time>
            </TestResultDetail>
            <TestResultDetail>
              <Category>Reagent Valve Response</Category>
              <SubCategory>Valve A</SubCategory>
              <SubSubCategory>Position 24</SubSubCategory>
              <Test>Error Steps</Test>
              <ExpectedResult>&lt; 100</ExpectedResult>
              <Result>10</Result>
              <Pass>true</Pass>
              <Time>0001-01-01T00:00:00</Time>
            </TestResultDetail>
            <TestResultDetail>
              <Category>Reagent Valve Response</Category>
              <SubCategory>Valve B</SubCategory>
              <SubSubCategory>Position 1</SubSubCategory>
              <Test>Expected Steps</Test>
              <Result>2450</Result>
              <Pass xsi:nil="true" />
              <Time>2018-11-05T11:29:37.9535691-05:00</Time>
            </TestResultDetail>
            <TestResultDetail>
              <Category>Reagent Valve Response</Category>
              <SubCategory>Valve B</SubCategory>
              <SubSubCategory>Position 1</SubSubCategory>
              <Test>Actual Steps</Test>
              <Result>2478</Result>
              <Pass xsi:nil="true" />
              <Time>0001-01-01T00:00:00</Time>
            </TestResultDetail>
            <TestResultDetail>
              <Category>Reagent Valve Response</Category>
              <SubCategory>Valve B</SubCategory>
              <SubSubCategory>Position 1</SubSubCategory>
              <Test>Error Steps</Test>
              <ExpectedResult>&lt; 100</ExpectedResult>
              <Result>28</Result>
              <Pass>true</Pass>
              <Time>0001-01-01T00:00:00</Time>
            </TestResultDetail>
            <TestResultDetail>
              <Category>Reagent Valve Response</Category>
              <SubCategory>Valve B</SubCategory>
              <SubSubCategory>Position 2</SubSubCategory>
              <Test>Expected Steps</Test>
              <Result>204</Result>
              <Pass xsi:nil="true" />
              <Time>2018-11-05T11:29:38.6635701-05:00</Time>
            </TestResultDetail>
            <TestResultDetail>
              <Category>Reagent Valve Response</Category>
              <SubCategory>Valve B</SubCategory>
              <SubSubCategory>Position 2</SubSubCategory>
              <Test>Actual Steps</Test>
              <Result>232</Result>
              <Pass xsi:nil="true" />
              <Time>0001-01-01T00:00:00</Time>
            </TestResultDetail>
            <TestResultDetail>
              <Category>Reagent Valve Response</Category>
              <SubCategory>Valve B</SubCategory>
              <SubSubCategory>Position 2</SubSubCategory>
              <Test>Error Steps</Test>
              <ExpectedResult>&lt; 100</ExpectedResult>
              <Result>28</Result>
              <Pass>true</Pass>
              <Time>0001-01-01T00:00:00</Time>
            </TestResultDetail>
            <TestResultDetail>
              <Category>Reagent Valve Response</Category>
              <SubCategory>Valve B</SubCategory>
              <SubSubCategory>Position 3</SubSubCategory>
              <Test>Expected Steps</Test>
              <Result>204</Result>
              <Pass xsi:nil="true" />
              <Time>2018-11-05T11:29:39.3735711-05:00</Time>
            </TestResultDetail>
            <TestResultDetail>
              <Category>Reagent Valve Response</Category>
              <SubCategory>Valve B</SubCategory>
              <SubSubCategory>Position 3</SubSubCategory>
              <Test>Actual Steps</Test>
              <Result>214</Result>
              <Pass xsi:nil="true" />
              <Time>0001-01-01T00:00:00</Time>
            </TestResultDetail>
            <TestResultDetail>
              <Category>Reagent Valve Response</Category>
              <SubCategory>Valve B</SubCategory>
              <SubSubCategory>Position 3</SubSubCategory>
              <Test>Error Steps</Test>
              <ExpectedResult>&lt; 100</ExpectedResult>
              <Result>10</Result>
              <Pass>true</Pass>
              <Time>0001-01-01T00:00:00</Time>
            </TestResultDetail>
            <TestResultDetail>
              <Category>Reagent Valve Response</Category>
              <SubCategory>Valve B</SubCategory>
              <SubSubCategory>Position 4</SubSubCategory>
              <Test>Expected Steps</Test>
              <Result>204</Result>
              <Pass xsi:nil="true" />
              <Time>2018-11-05T11:29:40.063572-05:00</Time>
            </TestResultDetail>
            <TestResultDetail>
              <Category>Reagent Valve Response</Category>
              <SubCategory>Valve B</SubCategory>
              <SubSubCategory>Position 4</SubSubCategory>
              <Test>Actual Steps</Test>
              <Result>214</Result>
              <Pass xsi:nil="true" />
              <Time>0001-01-01T00:00:00</Time>
            </TestResultDetail>
            <TestResultDetail>
              <Category>Reagent Valve Response</Category>
              <SubCategory>Valve B</SubCategory>
              <SubSubCategory>Position 4</SubSubCategory>
              <Test>Error Steps</Test>
              <ExpectedResult>&lt; 100</ExpectedResult>
              <Result>10</Result>
              <Pass>true</Pass>
              <Time>0001-01-01T00:00:00</Time>
            </TestResultDetail>
            <TestResultDetail>
              <Category>Reagent Valve Response</Category>
              <SubCategory>Valve B</SubCategory>
              <SubSubCategory>Position 5</SubSubCategory>
              <Test>Expected Steps</Test>
              <Result>204</Result>
              <Pass xsi:nil="true" />
              <Time>2018-11-05T11:29:40.763573-05:00</Time>
            </TestResultDetail>
            <TestResultDetail>
              <Category>Reagent Valve Response</Category>
              <SubCategory>Valve B</SubCategory>
              <SubSubCategory>Position 5</SubSubCategory>
              <Test>Actual Steps</Test>
              <Result>211</Result>
              <Pass xsi:nil="true" />
              <Time>0001-01-01T00:00:00</Time>
            </TestResultDetail>
            <TestResultDetail>
              <Category>Reagent Valve Response</Category>
              <SubCategory>Valve B</SubCategory>
              <SubSubCategory>Position 5</SubSubCategory>
              <Test>Error Steps</Test>
              <ExpectedResult>&lt; 100</ExpectedResult>
              <Result>7</Result>
              <Pass>true</Pass>
              <Time>0001-01-01T00:00:00</Time>
            </TestResultDetail>
            <TestResultDetail>
              <Category>Reagent Valve Response</Category>
              <SubCategory>Valve B</SubCategory>
              <SubSubCategory>Position 6</SubSubCategory>
              <Test>Expected Steps</Test>
              <Result>204</Result>
              <Pass xsi:nil="true" />
              <Time>2018-11-05T11:29:41.443574-05:00</Time>
            </TestResultDetail>
            <TestResultDetail>
              <Category>Reagent Valve Response</Category>
              <SubCategory>Valve B</SubCategory>
              <SubSubCategory>Position 6</SubSubCategory>
              <Test>Actual Steps</Test>
              <Result>211</Result>
              <Pass xsi:nil="true" />
              <Time>0001-01-01T00:00:00</Time>
            </TestResultDetail>
            <TestResultDetail>
              <Category>Reagent Valve Response</Category>
              <SubCategory>Valve B</SubCategory>
              <SubSubCategory>Position 6</SubSubCategory>
              <Test>Error Steps</Test>
              <ExpectedResult>&lt; 100</ExpectedResult>
              <Result>7</Result>
              <Pass>true</Pass>
              <Time>0001-01-01T00:00:00</Time>
            </TestResultDetail>
            <TestResultDetail>
              <Category>Reagent Valve Response</Category>
              <SubCategory>Valve B</SubCategory>
              <SubSubCategory>Position 7</SubSubCategory>
              <Test>Expected Steps</Test>
              <Result>204</Result>
              <Pass xsi:nil="true" />
              <Time>2018-11-05T11:29:42.1435749-05:00</Time>
            </TestResultDetail>
            <TestResultDetail>
              <Category>Reagent Valve Response</Category>
              <SubCategory>Valve B</SubCategory>
              <SubSubCategory>Position 7</SubSubCategory>
              <Test>Actual Steps</Test>
              <Result>213</Result>
              <Pass xsi:nil="true" />
              <Time>0001-01-01T00:00:00</Time>
            </TestResultDetail>
            <TestResultDetail>
              <Category>Reagent Valve Response</Category>
              <SubCategory>Valve B</SubCategory>
              <SubSubCategory>Position 7</SubSubCategory>
              <Test>Error Steps</Test>
              <ExpectedResult>&lt; 100</ExpectedResult>
              <Result>9</Result>
              <Pass>true</Pass>
              <Time>0001-01-01T00:00:00</Time>
            </TestResultDetail>
            <TestResultDetail>
              <Category>Reagent Valve Response</Category>
              <SubCategory>Valve B</SubCategory>
              <SubSubCategory>Position 8</SubSubCategory>
              <Test>Expected Steps</Test>
              <Result>204</Result>
              <Pass xsi:nil="true" />
              <Time>2018-11-05T11:29:42.8235759-05:00</Time>
            </TestResultDetail>
            <TestResultDetail>
              <Category>Reagent Valve Response</Category>
              <SubCategory>Valve B</SubCategory>
              <SubSubCategory>Position 8</SubSubCategory>
              <Test>Actual Steps</Test>
              <Result>213</Result>
              <Pass xsi:nil="true" />
              <Time>0001-01-01T00:00:00</Time>
            </TestResultDetail>
            <TestResultDetail>
              <Category>Reagent Valve Response</Category>
              <SubCategory>Valve B</SubCategory>
              <SubSubCategory>Position 8</SubSubCategory>
              <Test>Error Steps</Test>
              <ExpectedResult>&lt; 100</ExpectedResult>
              <Result>9</Result>
              <Pass>true</Pass>
              <Time>0001-01-01T00:00:00</Time>
            </TestResultDetail>
            <TestResultDetail>
              <Category>Reagent Valve Response</Category>
              <SubCategory>Valve B</SubCategory>
              <SubSubCategory>Position 9</SubSubCategory>
              <Test>Expected Steps</Test>
              <Result>204</Result>
              <Pass xsi:nil="true" />
              <Time>2018-11-05T11:29:43.4935768-05:00</Time>
            </TestResultDetail>
            <TestResultDetail>
              <Category>Reagent Valve Response</Category>
              <SubCategory>Valve B</SubCategory>
              <SubSubCategory>Position 9</SubSubCategory>
              <Test>Actual Steps</Test>
              <Result>213</Result>
              <Pass xsi:nil="true" />
              <Time>0001-01-01T00:00:00</Time>
            </TestResultDetail>
            <TestResultDetail>
              <Category>Reagent Valve Response</Category>
              <SubCategory>Valve B</SubCategory>
              <SubSubCategory>Position 9</SubSubCategory>
              <Test>Error Steps</Test>
              <ExpectedResult>&lt; 100</ExpectedResult>
              <Result>9</Result>
              <Pass>true</Pass>
              <Time>0001-01-01T00:00:00</Time>
            </TestResultDetail>
            <TestResultDetail>
              <Category>Reagent Valve Response</Category>
              <SubCategory>Valve B</SubCategory>
              <SubSubCategory>Position 10</SubSubCategory>
              <Test>Expected Steps</Test>
              <Result>204</Result>
              <Pass xsi:nil="true" />
              <Time>2018-11-05T11:29:44.2035778-05:00</Time>
            </TestResultDetail>
            <TestResultDetail>
              <Category>Reagent Valve Response</Category>
              <SubCategory>Valve B</SubCategory>
              <SubSubCategory>Position 10</SubSubCategory>
              <Test>Actual Steps</Test>
              <Result>208</Result>
              <Pass xsi:nil="true" />
              <Time>0001-01-01T00:00:00</Time>
            </TestResultDetail>
            <TestResultDetail>
              <Category>Reagent Valve Response</Category>
              <SubCategory>Valve B</SubCategory>
              <SubSubCategory>Position 10</SubSubCategory>
              <Test>Error Steps</Test>
              <ExpectedResult>&lt; 100</ExpectedResult>
              <Result>4</Result>
              <Pass>true</Pass>
              <Time>0001-01-01T00:00:00</Time>
            </TestResultDetail>
            <TestResultDetail>
              <Category>Reagent Valve Response</Category>
              <SubCategory>Valve B</SubCategory>
              <SubSubCategory>Position 11</SubSubCategory>
              <Test>Expected Steps</Test>
              <Result>204</Result>
              <Pass xsi:nil="true" />
              <Time>2018-11-05T11:29:44.9235788-05:00</Time>
            </TestResultDetail>
            <TestResultDetail>
              <Category>Reagent Valve Response</Category>
              <SubCategory>Valve B</SubCategory>
              <SubSubCategory>Position 11</SubSubCategory>
              <Test>Actual Steps</Test>
              <Result>213</Result>
              <Pass xsi:nil="true" />
              <Time>0001-01-01T00:00:00</Time>
            </TestResultDetail>
            <TestResultDetail>
              <Category>Reagent Valve Response</Category>
              <SubCategory>Valve B</SubCategory>
              <SubSubCategory>Position 11</SubSubCategory>
              <Test>Error Steps</Test>
              <ExpectedResult>&lt; 100</ExpectedResult>
              <Result>9</Result>
              <Pass>true</Pass>
              <Time>0001-01-01T00:00:00</Time>
            </TestResultDetail>
            <TestResultDetail>
              <Category>Reagent Valve Response</Category>
              <SubCategory>Valve B</SubCategory>
              <SubSubCategory>Position 12</SubSubCategory>
              <Test>Expected Steps</Test>
              <Result>204</Result>
              <Pass xsi:nil="true" />
              <Time>2018-11-05T11:29:45.6035798-05:00</Time>
            </TestResultDetail>
            <TestResultDetail>
              <Category>Reagent Valve Response</Category>
              <SubCategory>Valve B</SubCategory>
              <SubSubCategory>Position 12</SubSubCategory>
              <Test>Actual Steps</Test>
              <Result>213</Result>
              <Pass xsi:nil="true" />
              <Time>0001-01-01T00:00:00</Time>
            </TestResultDetail>
            <TestResultDetail>
              <Category>Reagent Valve Response</Category>
              <SubCategory>Valve B</SubCategory>
              <SubSubCategory>Position 12</SubSubCategory>
              <Test>Error Steps</Test>
              <ExpectedResult>&lt; 100</ExpectedResult>
              <Result>9</Result>
              <Pass>true</Pass>
              <Time>0001-01-01T00:00:00</Time>
            </TestResultDetail>
            <TestResultDetail>
              <Category>Reagent Valve Response</Category>
              <SubCategory>Valve B</SubCategory>
              <SubSubCategory>Position 13</SubSubCategory>
              <Test>Expected Steps</Test>
              <Result>204</Result>
              <Pass xsi:nil="true" />
              <Time>2018-11-05T11:29:46.2935808-05:00</Time>
            </TestResultDetail>
            <TestResultDetail>
              <Category>Reagent Valve Response</Category>
              <SubCategory>Valve B</SubCategory>
              <SubSubCategory>Position 13</SubSubCategory>
              <Test>Actual Steps</Test>
              <Result>211</Result>
              <Pass xsi:nil="true" />
              <Time>0001-01-01T00:00:00</Time>
            </TestResultDetail>
            <TestResultDetail>
              <Category>Reagent Valve Response</Category>
              <SubCategory>Valve B</SubCategory>
              <SubSubCategory>Position 13</SubSubCategory>
              <Test>Error Steps</Test>
              <ExpectedResult>&lt; 100</ExpectedResult>
              <Result>7</Result>
              <Pass>true</Pass>
              <Time>0001-01-01T00:00:00</Time>
            </TestResultDetail>
            <TestResultDetail>
              <Category>Reagent Valve Response</Category>
              <SubCategory>Valve B</SubCategory>
              <SubSubCategory>Position 14</SubSubCategory>
              <Test>Expected Steps</Test>
              <Result>204</Result>
              <Pass xsi:nil="true" />
              <Time>2018-11-05T11:29:46.9935817-05:00</Time>
            </TestResultDetail>
            <TestResultDetail>
              <Category>Reagent Valve Response</Category>
              <SubCategory>Valve B</SubCategory>
              <SubSubCategory>Position 14</SubSubCategory>
              <Test>Actual Steps</Test>
              <Result>210</Result>
              <Pass xsi:nil="true" />
              <Time>0001-01-01T00:00:00</Time>
            </TestResultDetail>
            <TestResultDetail>
              <Category>Reagent Valve Response</Category>
              <SubCategory>Valve B</SubCategory>
              <SubSubCategory>Position 14</SubSubCategory>
              <Test>Error Steps</Test>
              <ExpectedResult>&lt; 100</ExpectedResult>
              <Result>6</Result>
              <Pass>true</Pass>
              <Time>0001-01-01T00:00:00</Time>
            </TestResultDetail>
            <TestResultDetail>
              <Category>Reagent Valve Response</Category>
              <SubCategory>Valve B</SubCategory>
              <SubSubCategory>Position 15</SubSubCategory>
              <Test>Expected Steps</Test>
              <Result>204</Result>
              <Pass xsi:nil="true" />
              <Time>2018-11-05T11:29:47.7035827-05:00</Time>
            </TestResultDetail>
            <TestResultDetail>
              <Category>Reagent Valve Response</Category>
              <SubCategory>Valve B</SubCategory>
              <SubSubCategory>Position 15</SubSubCategory>
              <Test>Actual Steps</Test>
              <Result>220</Result>
              <Pass xsi:nil="true" />
              <Time>0001-01-01T00:00:00</Time>
            </TestResultDetail>
            <TestResultDetail>
              <Category>Reagent Valve Response</Category>
              <SubCategory>Valve B</SubCategory>
              <SubSubCategory>Position 15</SubSubCategory>
              <Test>Error Steps</Test>
              <ExpectedResult>&lt; 100</ExpectedResult>
              <Result>16</Result>
              <Pass>true</Pass>
              <Time>0001-01-01T00:00:00</Time>
            </TestResultDetail>
            <TestResultDetail>
              <Category>Reagent Valve Response</Category>
              <SubCategory>Valve B</SubCategory>
              <SubSubCategory>Position 16</SubSubCategory>
              <Test>Expected Steps</Test>
              <Result>204</Result>
              <Pass xsi:nil="true" />
              <Time>2018-11-05T11:29:48.4135837-05:00</Time>
            </TestResultDetail>
            <TestResultDetail>
              <Category>Reagent Valve Response</Category>
              <SubCategory>Valve B</SubCategory>
              <SubSubCategory>Position 16</SubSubCategory>
              <Test>Actual Steps</Test>
              <Result>222</Result>
              <Pass xsi:nil="true" />
              <Time>0001-01-01T00:00:00</Time>
            </TestResultDetail>
            <TestResultDetail>
              <Category>Reagent Valve Response</Category>
              <SubCategory>Valve B</SubCategory>
              <SubSubCategory>Position 16</SubSubCategory>
              <Test>Error Steps</Test>
              <ExpectedResult>&lt; 100</ExpectedResult>
              <Result>18</Result>
              <Pass>true</Pass>
              <Time>0001-01-01T00:00:00</Time>
            </TestResultDetail>
            <TestResultDetail>
              <Category>Reagent Valve Response</Category>
              <SubCategory>Valve B</SubCategory>
              <SubSubCategory>Position 17</SubSubCategory>
              <Test>Expected Steps</Test>
              <Result>204</Result>
              <Pass xsi:nil="true" />
              <Time>2018-11-05T11:29:49.1135847-05:00</Time>
            </TestResultDetail>
            <TestResultDetail>
              <Category>Reagent Valve Response</Category>
              <SubCategory>Valve B</SubCategory>
              <SubSubCategory>Position 17</SubSubCategory>
              <Test>Actual Steps</Test>
              <Result>211</Result>
              <Pass xsi:nil="true" />
              <Time>0001-01-01T00:00:00</Time>
            </TestResultDetail>
            <TestResultDetail>
              <Category>Reagent Valve Response</Category>
              <SubCategory>Valve B</SubCategory>
              <SubSubCategory>Position 17</SubSubCategory>
              <Test>Error Steps</Test>
              <ExpectedResult>&lt; 100</ExpectedResult>
              <Result>7</Result>
              <Pass>true</Pass>
              <Time>0001-01-01T00:00:00</Time>
            </TestResultDetail>
            <TestResultDetail>
              <Category>Reagent Valve Response</Category>
              <SubCategory>Valve B</SubCategory>
              <SubSubCategory>Position 18</SubSubCategory>
              <Test>Expected Steps</Test>
              <Result>204</Result>
              <Pass xsi:nil="true" />
              <Time>2018-11-05T11:29:49.8035857-05:00</Time>
            </TestResultDetail>
            <TestResultDetail>
              <Category>Reagent Valve Response</Category>
              <SubCategory>Valve B</SubCategory>
              <SubSubCategory>Position 18</SubSubCategory>
              <Test>Actual Steps</Test>
              <Result>210</Result>
              <Pass xsi:nil="true" />
              <Time>0001-01-01T00:00:00</Time>
            </TestResultDetail>
            <TestResultDetail>
              <Category>Reagent Valve Response</Category>
              <SubCategory>Valve B</SubCategory>
              <SubSubCategory>Position 18</SubSubCategory>
              <Test>Error Steps</Test>
              <ExpectedResult>&lt; 100</ExpectedResult>
              <Result>6</Result>
              <Pass>true</Pass>
              <Time>0001-01-01T00:00:00</Time>
            </TestResultDetail>
            <TestResultDetail>
              <Category>Reagent Valve Response</Category>
              <SubCategory>Valve B</SubCategory>
              <SubSubCategory>Position 19</SubSubCategory>
              <Test>Expected Steps</Test>
              <Result>204</Result>
              <Pass xsi:nil="true" />
              <Time>2018-11-05T11:29:50.4935866-05:00</Time>
            </TestResultDetail>
            <TestResultDetail>
              <Category>Reagent Valve Response</Category>
              <SubCategory>Valve B</SubCategory>
              <SubSubCategory>Position 19</SubSubCategory>
              <Test>Actual Steps</Test>
              <Result>211</Result>
              <Pass xsi:nil="true" />
              <Time>0001-01-01T00:00:00</Time>
            </TestResultDetail>
            <TestResultDetail>
              <Category>Reagent Valve Response</Category>
              <SubCategory>Valve B</SubCategory>
              <SubSubCategory>Position 19</SubSubCategory>
              <Test>Error Steps</Test>
              <ExpectedResult>&lt; 100</ExpectedResult>
              <Result>7</Result>
              <Pass>true</Pass>
              <Time>0001-01-01T00:00:00</Time>
            </TestResultDetail>
            <TestResultDetail>
              <Category>Reagent Valve Response</Category>
              <SubCategory>Valve B</SubCategory>
              <SubSubCategory>Position 20</SubSubCategory>
              <Test>Expected Steps</Test>
              <Result>204</Result>
              <Pass xsi:nil="true" />
              <Time>2018-11-05T11:29:51.2335877-05:00</Time>
            </TestResultDetail>
            <TestResultDetail>
              <Category>Reagent Valve Response</Category>
              <SubCategory>Valve B</SubCategory>
              <SubSubCategory>Position 20</SubSubCategory>
              <Test>Actual Steps</Test>
              <Result>214</Result>
              <Pass xsi:nil="true" />
              <Time>0001-01-01T00:00:00</Time>
            </TestResultDetail>
            <TestResultDetail>
              <Category>Reagent Valve Response</Category>
              <SubCategory>Valve B</SubCategory>
              <SubSubCategory>Position 20</SubSubCategory>
              <Test>Error Steps</Test>
              <ExpectedResult>&lt; 100</ExpectedResult>
              <Result>10</Result>
              <Pass>true</Pass>
              <Time>0001-01-01T00:00:00</Time>
            </TestResultDetail>
            <TestResultDetail>
              <Category>Reagent Valve Response</Category>
              <SubCategory>Valve B</SubCategory>
              <SubSubCategory>Position 21</SubSubCategory>
              <Test>Expected Steps</Test>
              <Result>204</Result>
              <Pass xsi:nil="true" />
              <Time>2018-11-05T11:29:51.9335886-05:00</Time>
            </TestResultDetail>
            <TestResultDetail>
              <Category>Reagent Valve Response</Category>
              <SubCategory>Valve B</SubCategory>
              <SubSubCategory>Position 21</SubSubCategory>
              <Test>Actual Steps</Test>
              <Result>213</Result>
              <Pass xsi:nil="true" />
              <Time>0001-01-01T00:00:00</Time>
            </TestResultDetail>
            <TestResultDetail>
              <Category>Reagent Valve Response</Category>
              <SubCategory>Valve B</SubCategory>
              <SubSubCategory>Position 21</SubSubCategory>
              <Test>Error Steps</Test>
              <ExpectedResult>&lt; 100</ExpectedResult>
              <Result>9</Result>
              <Pass>true</Pass>
              <Time>0001-01-01T00:00:00</Time>
            </TestResultDetail>
            <TestResultDetail>
              <Category>Reagent Valve Response</Category>
              <SubCategory>Valve B</SubCategory>
              <SubSubCategory>Position 22</SubSubCategory>
              <Test>Expected Steps</Test>
              <Result>204</Result>
              <Pass xsi:nil="true" />
              <Time>2018-11-05T11:29:52.6335896-05:00</Time>
            </TestResultDetail>
            <TestResultDetail>
              <Category>Reagent Valve Response</Category>
              <SubCategory>Valve B</SubCategory>
              <SubSubCategory>Position 22</SubSubCategory>
              <Test>Actual Steps</Test>
              <Result>211</Result>
              <Pass xsi:nil="true" />
              <Time>0001-01-01T00:00:00</Time>
            </TestResultDetail>
            <TestResultDetail>
              <Category>Reagent Valve Response</Category>
              <SubCategory>Valve B</SubCategory>
              <SubSubCategory>Position 22</SubSubCategory>
              <Test>Error Steps</Test>
              <ExpectedResult>&lt; 100</ExpectedResult>
              <Result>7</Result>
              <Pass>true</Pass>
              <Time>0001-01-01T00:00:00</Time>
            </TestResultDetail>
            <TestResultDetail>
              <Category>Reagent Valve Response</Category>
              <SubCategory>Valve B</SubCategory>
              <SubSubCategory>Position 23</SubSubCategory>
              <Test>Expected Steps</Test>
              <Result>204</Result>
              <Pass xsi:nil="true" />
              <Time>2018-11-05T11:29:53.3335906-05:00</Time>
            </TestResultDetail>
            <TestResultDetail>
              <Category>Reagent Valve Response</Category>
              <SubCategory>Valve B</SubCategory>
              <SubSubCategory>Position 23</SubSubCategory>
              <Test>Actual Steps</Test>
              <Result>215</Result>
              <Pass xsi:nil="true" />
              <Time>0001-01-01T00:00:00</Time>
            </TestResultDetail>
            <TestResultDetail>
              <Category>Reagent Valve Response</Category>
              <SubCategory>Valve B</SubCategory>
              <SubSubCategory>Position 23</SubSubCategory>
              <Test>Error Steps</Test>
              <ExpectedResult>&lt; 100</ExpectedResult>
              <Result>11</Result>
              <Pass>true</Pass>
              <Time>0001-01-01T00:00:00</Time>
            </TestResultDetail>
            <TestResultDetail>
              <Category>Reagent Valve Response</Category>
              <SubCategory>Valve B</SubCategory>
              <SubSubCategory>Position 24</SubSubCategory>
              <Test>Expected Steps</Test>
              <Result>204</Result>
              <Pass xsi:nil="true" />
              <Time>2018-11-05T11:29:54.0735916-05:00</Time>
            </TestResultDetail>
            <TestResultDetail>
              <Category>Reagent Valve Response</Category>
              <SubCategory>Valve B</SubCategory>
              <SubSubCategory>Position 24</SubSubCategory>
              <Test>Actual Steps</Test>
              <Result>213</Result>
              <Pass xsi:nil="true" />
              <Time>0001-01-01T00:00:00</Time>
            </TestResultDetail>
            <TestResultDetail>
              <Category>Reagent Valve Response</Category>
              <SubCategory>Valve B</SubCategory>
              <SubSubCategory>Position 24</SubSubCategory>
              <Test>Error Steps</Test>
              <ExpectedResult>&lt; 100</ExpectedResult>
              <Result>9</Result>
              <Pass>true</Pass>
              <Time>0001-01-01T00:00:00</Time>
            </TestResultDetail>
            <TestResultDetail>
              <Category>Pump Valve Response</Category>
              <SubCategory>Pump A</SubCategory>
              <SubSubCategory>Position 3000</SubSubCategory>
              <Test>Syringe Positions</Test>
              <ExpectedResult>3000</ExpectedResult>
              <Pass>true</Pass>
              <Time>2018-11-05T11:30:07.0036097-05:00</Time>
            </TestResultDetail>
            <TestResultDetail>
              <Category>Pump Valve Response</Category>
              <SubCategory>Pump A</SubCategory>
              <SubSubCategory>Position 0</SubSubCategory>
              <Test>Syringe Positions</Test>
              <ExpectedResult>0</ExpectedResult>
              <Pass>true</Pass>
              <Time>0001-01-01T00:00:00</Time>
            </TestResultDetail>
            <TestResultDetail>
              <Category>Pump Valve Response</Category>
              <SubCategory>Pump A</SubCategory>
              <SubSubCategory>Position 1</SubSubCategory>
              <Test>Valve Positions</Test>
              <ExpectedResult>1</ExpectedResult>
              <Pass>true</Pass>
              <Time>0001-01-01T00:00:00</Time>
            </TestResultDetail>
            <TestResultDetail>
              <Category>Pump Valve Response</Category>
              <SubCategory>Pump A</SubCategory>
              <SubSubCategory>Position 2</SubSubCategory>
              <Test>Valve Positions</Test>
              <ExpectedResult>2</ExpectedResult>
              <Pass>true</Pass>
              <Time>0001-01-01T00:00:00</Time>
            </TestResultDetail>
            <TestResultDetail>
              <Category>Pump Valve Response</Category>
              <SubCategory>Pump A</SubCategory>
              <SubSubCategory>Position 3</SubSubCategory>
              <Test>Valve Positions</Test>
              <ExpectedResult>3</ExpectedResult>
              <Pass>true</Pass>
              <Time>0001-01-01T00:00:00</Time>
            </TestResultDetail>
            <TestResultDetail>
              <Category>Pump Valve Response</Category>
              <SubCategory>Pump A</SubCategory>
              <SubSubCategory>Position 4</SubSubCategory>
              <Test>Valve Positions</Test>
              <ExpectedResult>4</ExpectedResult>
              <Pass>true</Pass>
              <Time>0001-01-01T00:00:00</Time>
            </TestResultDetail>
            <TestResultDetail>
              <Category>Pump Valve Response</Category>
              <SubCategory>Pump A</SubCategory>
              <SubSubCategory>Position 5</SubSubCategory>
              <Test>Valve Positions</Test>
              <ExpectedResult>5</ExpectedResult>
              <Pass>true</Pass>
              <Time>0001-01-01T00:00:00</Time>
            </TestResultDetail>
            <TestResultDetail>
              <Category>Pump Valve Response</Category>
              <SubCategory>Pump A</SubCategory>
              <SubSubCategory>Position 6</SubSubCategory>
              <Test>Valve Positions</Test>
              <ExpectedResult>6</ExpectedResult>
              <Pass>true</Pass>
              <Time>0001-01-01T00:00:00</Time>
            </TestResultDetail>
            <TestResultDetail>
              <Category>Pump Valve Response</Category>
              <SubCategory>Pump B</SubCategory>
              <SubSubCategory>Position 3000</SubSubCategory>
              <Test>Syringe Positions</Test>
              <ExpectedResult>3000</ExpectedResult>
              <Pass>true</Pass>
              <Time>2018-11-05T11:30:38.6736541-05:00</Time>
            </TestResultDetail>
            <TestResultDetail>
              <Category>Pump Valve Response</Category>
              <SubCategory>Pump B</SubCategory>
              <SubSubCategory>Position 0</SubSubCategory>
              <Test>Syringe Positions</Test>
              <ExpectedResult>0</ExpectedResult>
              <Pass>true</Pass>
              <Time>0001-01-01T00:00:00</Time>
            </TestResultDetail>
            <TestResultDetail>
              <Category>Pump Valve Response</Category>
              <SubCategory>Pump B</SubCategory>
              <SubSubCategory>Position 1</SubSubCategory>
              <Test>Valve Positions</Test>
              <ExpectedResult>1</ExpectedResult>
              <Pass>true</Pass>
              <Time>0001-01-01T00:00:00</Time>
            </TestResultDetail>
            <TestResultDetail>
              <Category>Pump Valve Response</Category>
              <SubCategory>Pump B</SubCategory>
              <SubSubCategory>Position 2</SubSubCategory>
              <Test>Valve Positions</Test>
              <ExpectedResult>2</ExpectedResult>
              <Pass>true</Pass>
              <Time>0001-01-01T00:00:00</Time>
            </TestResultDetail>
            <TestResultDetail>
              <Category>Pump Valve Response</Category>
              <SubCategory>Pump B</SubCategory>
              <SubSubCategory>Position 3</SubSubCategory>
              <Test>Valve Positions</Test>
              <ExpectedResult>3</ExpectedResult>
              <Pass>true</Pass>
              <Time>0001-01-01T00:00:00</Time>
            </TestResultDetail>
            <TestResultDetail>
              <Category>Pump Valve Response</Category>
              <SubCategory>Pump B</SubCategory>
              <SubSubCategory>Position 4</SubSubCategory>
              <Test>Valve Positions</Test>
              <ExpectedResult>4</ExpectedResult>
              <Pass>true</Pass>
              <Time>0001-01-01T00:00:00</Time>
            </TestResultDetail>
            <TestResultDetail>
              <Category>Pump Valve Response</Category>
              <SubCategory>Pump B</SubCategory>
              <SubSubCategory>Position 5</SubSubCategory>
              <Test>Valve Positions</Test>
              <ExpectedResult>5</ExpectedResult>
              <Pass>true</Pass>
              <Time>0001-01-01T00:00:00</Time>
            </TestResultDetail>
            <TestResultDetail>
              <Category>Pump Valve Response</Category>
              <SubCategory>Pump B</SubCategory>
              <SubSubCategory>Position 6</SubSubCategory>
              <Test>Valve Positions</Test>
              <ExpectedResult>6</ExpectedResult>
              <Pass>true</Pass>
              <Time>0001-01-01T00:00:00</Time>
            </TestResultDetail>
          </Items>
        </TestResultDetails>
      </value>
    </item>
    <item>
      <key>
        <string>PressureDecay1</string>
      </key>
      <value>
        <TestResultDetails>
          <TestOutputXmlPaths>
            <string>D:\Illumina\SystemCheckResults\PressureDecay\NS500355 2018-11-05__11_30_57\NS500355_Pressure Decay_Results.xml</string>
          </TestOutputXmlPaths>
          <Items>
            <TestResultDetail>
              <Category>PressureDecay1</Category>
              <SubCategory>Fluidic System Pressure Decay Test - NSS v1.2</SubCategory>
              <SubSubCategory>Lane A</SubSubCategory>
              <Test>First Sample</Test>
              <Result>11:39:38.914</Result>
              <Pass xsi:nil="true" />
              <Time>2018-11-05T11:41:28.7245642-05:00</Time>
            </TestResultDetail>
            <TestResultDetail>
              <Category>PressureDecay1</Category>
              <SubCategory>Fluidic System Pressure Decay Test - NSS v1.2</SubCategory>
              <SubSubCategory>Lane A</SubSubCategory>
              <Test>First Pressure</Test>
              <Result>17.022820</Result>
              <Pass xsi:nil="true" />
              <Time>0001-01-01T00:00:00</Time>
            </TestResultDetail>
            <TestResultDetail>
              <Category>PressureDecay1</Category>
              <SubCategory>Fluidic System Pressure Decay Test - NSS v1.2</SubCategory>
              <SubSubCategory>Lane A</SubSubCategory>
              <Test>Second Sample</Test>
              <Result>11:40:22.784</Result>
              <Pass xsi:nil="true" />
              <Time>0001-01-01T00:00:00</Time>
            </TestResultDetail>
            <TestResultDetail>
              <Category>PressureDecay1</Category>
              <SubCategory>Fluidic System Pressure Decay Test - NSS v1.2</SubCategory>
              <SubSubCategory>Lane A</SubSubCategory>
              <Test>Second Pressure</Test>
              <Result>16.887180</Result>
              <Pass xsi:nil="true" />
              <Time>0001-01-01T00:00:00</Time>
            </TestResultDetail>
            <TestResultDetail>
              <Category>PressureDecay1</Category>
              <SubCategory>Fluidic System Pressure Decay Test - NSS v1.2</SubCategory>
              <SubSubCategory>Lane A</SubSubCategory>
              <Test>Leak Rate</Test>
              <ExpectedResult>&lt; 5</ExpectedResult>
              <Result>0.002687</Result>
              <Pass>true</Pass>
              <Time>0001-01-01T00:00:00</Time>
            </TestResultDetail>
            <TestResultDetail>
              <Category>PressureDecay1</Category>
              <SubCategory>Fluidic System Pressure Decay Test - NSS v1.2</SubCategory>
              <SubSubCategory>Lane A</SubSubCategory>
              <Test>Target Pressure</Test>
              <Result>0.020000</Result>
              <Pass xsi:nil="true" />
              <Time>0001-01-01T00:00:00</Time>
            </TestResultDetail>
            <TestResultDetail>
              <Category>PressureDecay1</Category>
              <SubCategory>Fluidic System Pressure Decay Test - NSS v1.2</SubCategory>
              <SubSubCategory>Lane B</SubSubCategory>
              <Test>First Sample</Test>
              <Result>11:39:39.174</Result>
              <Pass xsi:nil="true" />
              <Time>2018-11-05T11:41:28.7245642-05:00</Time>
            </TestResultDetail>
            <TestResultDetail>
              <Category>PressureDecay1</Category>
              <SubCategory>Fluidic System Pressure Decay Test - NSS v1.2</SubCategory>
              <SubSubCategory>Lane B</SubSubCategory>
              <Test>First Pressure</Test>
              <Result>17.090640</Result>
              <Pass xsi:nil="true" />
              <Time>0001-01-01T00:00:00</Time>
            </TestResultDetail>
            <TestResultDetail>
              <Category>PressureDecay1</Category>
              <SubCategory>Fluidic System Pressure Decay Test - NSS v1.2</SubCategory>
              <SubSubCategory>Lane B</SubSubCategory>
              <Test>Second Sample</Test>
              <Result>11:40:23.014</Result>
              <Pass xsi:nil="true" />
              <Time>0001-01-01T00:00:00</Time>
            </TestResultDetail>
            <TestResultDetail>
              <Category>PressureDecay1</Category>
              <SubCategory>Fluidic System Pressure Decay Test - NSS v1.2</SubCategory>
              <SubSubCategory>Lane B</SubSubCategory>
              <Test>Second Pressure</Test>
              <Result>16.344620</Result>
              <Pass xsi:nil="true" />
              <Time>0001-01-01T00:00:00</Time>
            </TestResultDetail>
            <TestResultDetail>
              <Category>PressureDecay1</Category>
              <SubCategory>Fluidic System Pressure Decay Test - NSS v1.2</SubCategory>
              <SubSubCategory>Lane B</SubSubCategory>
              <Test>Leak Rate</Test>
              <ExpectedResult>&lt; 5</ExpectedResult>
              <Result>0.018849</Result>
              <Pass>true</Pass>
              <Time>0001-01-01T00:00:00</Time>
            </TestResultDetail>
            <TestResultDetail>
              <Category>PressureDecay1</Category>
              <SubCategory>Fluidic System Pressure Decay Test - NSS v1.2</SubCategory>
              <SubSubCategory>Lane B</SubSubCategory>
              <Test>Target Pressure</Test>
              <Result>0.020000</Result>
              <Pass xsi:nil="true" />
              <Time>0001-01-01T00:00:00</Time>
            </TestResultDetail>
          </Items>
        </TestResultDetails>
      </value>
    </item>
    <item>
      <key>
        <string>FlowRate</string>
      </key>
      <value>
        <TestResultDetails>
          <TestOutputXmlPaths>
            <string>D:\Illumina\SystemCheckResults\FlowRate\NS500355 2018-11-05__11_49_31\NS500355_Flow Rate Test_Results.xml</string>
          </TestOutputXmlPaths>
          <Items>
            <TestResultDetail>
              <Category>Flow Rate</Category>
              <SubCategory>Lane A</SubCategory>
              <Test>Actual Flow Rate</Test>
              <ExpectedResult>3100.000000 +/- 700.000000</ExpectedResult>
              <Result>3166.942627</Result>
              <Pass>true</Pass>
              <Time>2018-11-05T12:00:08.2861315-05:00</Time>
            </TestResultDetail>
            <TestResultDetail>
              <Category>Flow Rate</Category>
              <SubCategory>Lane A</SubCategory>
              <Test>Flight Time</Test>
              <Result>129600</Result>
              <Pass xsi:nil="true" />
              <Time>2018-11-05T12:00:08.2861315-05:00</Time>
            </TestResultDetail>
            <TestResultDetail>
              <Category>Flow Rate</Category>
              <SubCategory>Lane A</SubCategory>
              <Test>Scale Factor</Test>
              <Result>0.978862</Result>
              <Pass xsi:nil="true" />
              <Time>2018-11-05T12:00:08.2861315-05:00</Time>
            </TestResultDetail>
            <TestResultDetail>
              <Category>Flow Rate</Category>
              <SubCategory>Lane A</SubCategory>
              <Test>Std</Test>
              <ExpectedResult>&lt; 3100.000000</ExpectedResult>
              <Result>11.989702</Result>
              <Pass>true</Pass>
              <Time>2018-11-05T12:00:08.2861315-05:00</Time>
            </TestResultDetail>
            <TestResultDetail>
              <Category>Flow Rate</Category>
              <SubCategory>Lane B</SubCategory>
              <Test>Actual Flow Rate</Test>
              <ExpectedResult>3100.000000 +/- 700.000000</ExpectedResult>
              <Result>3166.942627</Result>
              <Pass>true</Pass>
              <Time>2018-11-05T12:00:08.2861315-05:00</Time>
            </TestResultDetail>
            <TestResultDetail>
              <Category>Flow Rate</Category>
              <SubCategory>Lane B</SubCategory>
              <Test>Flight Time</Test>
              <Result>129600</Result>
              <Pass xsi:nil="true" />
              <Time>2018-11-05T12:00:08.2861315-05:00</Time>
            </TestResultDetail>
            <TestResultDetail>
              <Category>Flow Rate</Category>
              <SubCategory>Lane B</SubCategory>
              <Test>Scale Factor</Test>
              <Result>0.978862</Result>
              <Pass xsi:nil="true" />
              <Time>2018-11-05T12:00:08.2861315-05:00</Time>
            </TestResultDetail>
            <TestResultDetail>
              <Category>Flow Rate</Category>
              <SubCategory>Lane B</SubCategory>
              <Test>Std</Test>
              <ExpectedResult>&lt; 3100.000000</ExpectedResult>
              <Result>11.989702</Result>
              <Pass>true</Pass>
              <Time>2018-11-05T12:00:08.2861315-05:00</Time>
            </TestResultDetail>
          </Items>
        </TestResultDetails>
      </value>
    </item>
    <item>
      <key>
        <string>Impedance</string>
      </key>
      <value>
        <TestResultDetails>
          <TestOutputXmlPaths />
          <Items />
        </TestResultDetails>
      </value>
    </item>
    <item>
      <key>
        <string>PressureDecay2</string>
      </key>
      <value>
        <TestResultDetails>
          <TestOutputXmlPaths />
          <Items />
        </TestResultDetails>
      </value>
    </item>
    <item>
      <key>
        <string>Fans</string>
      </key>
      <value>
        <TestResultDetails>
          <TestOutputXmlPaths />
          <Items />
        </TestResultDetails>
      </value>
    </item>
    <item>
      <key>
        <string>Probes</string>
      </key>
      <value>
        <TestResultDetails>
          <TestOutputXmlPaths />
          <Items />
        </TestResultDetails>
      </value>
    </item>
    <item>
      <key>
        <string>FlowCellThermal</string>
      </key>
      <value>
        <TestResultDetails>
          <TestOutputXmlPaths />
          <Items />
        </TestResultDetails>
      </value>
    </item>
  </TestResultDetails>
</SystemCheckTestResultDetails>