Filename,D:\Illumina\SystemCheckResults\AllResultDetails\NS500355_2019-10-16__12_37_34_SystemCheckResultDetails.csv
Application,2.2.0.2
Location,Field
Instrument ID,NS500355
Integrated Chassis ID,ICA1415024
Imaging Module ID,ICA1415024
FPGA version,r.2016.3.0

Category,Detail 1, Detail 2,Test,Expected Result,Result,Pass,Time
BSM,Cycle 1,,BSM Z Up Distance,149259 +/- 3635,147597,True,10/16/2019 11:28:44 AM
BSM,Cycle 1,,BSM Z Up Avg Gain,62900 +/- 5000,61677,True,10/16/2019 11:28:44 AM
BSM,Cycle 1,,BSM Z Down Distance,149259 +/- 3635,147319,True,10/16/2019 11:28:44 AM
BSM,Cycle 1,,BSM Z Down Avg Gain,61800 +/- 5000,62274,True,10/16/2019 11:28:44 AM
FCLM FAM,,,FAM Y Load Distance,194968 +/- 1948,194357,True,10/16/2019 11:31:54 AM
FCLM FAM,,,FAM Y Load Avg Gain,58800 +/- 7200,59804,True,10/16/2019 11:31:54 AM
FCLM FAM,,,FAM Z Load Distance,19089 +/- 1093,18958,True,10/16/2019 11:31:54 AM
FCLM FAM,,,FCLM X Load Avg Gain,<= 65000,51337,True,10/16/2019 11:31:54 AM
FCLM FAM,,,FCLM Y Load Avg Gain,<= 65000,53858,True,10/16/2019 11:31:54 AM
FCLM FAM,,,FCLM Z Load Avg Gain,<= 65000,59366,True,10/16/2019 11:31:54 AM
FCLM FAM,,,FCLM Align Load Avg Gain,<= 65000,51524,True,10/16/2019 11:31:54 AM
FCLM FAM,,,FAM Y Unload Distance,194968 +/- 1948,194321,True,10/16/2019 11:31:54 AM
FCLM FAM,,,FAM Y Unload Avg Gain,58800 +/- 7200,59459,True,10/16/2019 11:31:54 AM
FCLM FAM,,,FAM Z Unload Distance,19089 +/- 1093,18884,True,10/16/2019 11:31:54 AM
FCLM FAM,,,FCLM X Unload Avg Gain,<= 75000,53963,True,10/16/2019 11:31:54 AM
FCLM FAM,,,FCLM Y Unload Avg Gain,<= 75000,52116,True,10/16/2019 11:31:54 AM
FCLM FAM,,,FCLM Z Unload Avg Gain,<= 75000,62907,True,10/16/2019 11:31:54 AM
FCLM FAM,,,FCLM Align Unload Avg Gain,<= 75000,54742,True,10/16/2019 11:31:54 AM
Z Travel Limits Test,Camera 1,,Z_min_range,X >= 299.0,299.988,True,10/16/2019 11:32:31 AM
Z-Stage Step and Settle Test,Camera 1,,Z_step_settle_max,X <= 70,53,True,10/16/2019 11:32:33 AM
Z-Stage Step and Settle Test,Camera 1,,Z_step_settle_min,,47,,10/16/2019 11:32:33 AM
Z-Stage Step and Settle Test,Camera 1,,Z_stability_oper_max,X <= 0.500,0.111,True,10/16/2019 11:32:33 AM
Z Travel Limits Test,Camera 2,,Z_min_range,X >= 299.0,299.973,True,10/16/2019 11:32:31 AM
Z-Stage Step and Settle Test,Camera 2,,Z_step_settle_max,X <= 70,53,True,10/16/2019 11:32:33 AM
Z-Stage Step and Settle Test,Camera 2,,Z_step_settle_min,,48,,10/16/2019 11:32:33 AM
Z-Stage Step and Settle Test,Camera 2,,Z_stability_oper_max,X <= 0.500,0.104,True,10/16/2019 11:32:33 AM
Z Travel Limits Test,Camera 3,,Z_min_range,X >= 299.0,299.957,True,10/16/2019 11:32:31 AM
Z-Stage Step and Settle Test,Camera 3,,Z_step_settle_max,X <= 70,53,True,10/16/2019 11:32:33 AM
Z-Stage Step and Settle Test,Camera 3,,Z_step_settle_min,,48,,10/16/2019 11:32:33 AM
Z-Stage Step and Settle Test,Camera 3,,Z_stability_oper_max,X <= 0.500,0.111,True,10/16/2019 11:32:33 AM
Z Travel Limits Test,Camera 4,,Z_min_range,X >= 299.0,299.988,True,10/16/2019 11:32:31 AM
Z-Stage Step and Settle Test,Camera 4,,Z_step_settle_max,X <= 70,53,True,10/16/2019 11:32:33 AM
Z-Stage Step and Settle Test,Camera 4,,Z_step_settle_min,,48,,10/16/2019 11:32:33 AM
Z-Stage Step and Settle Test,Camera 4,,Z_stability_oper_max,X <= 0.500,0.170,True,10/16/2019 11:32:33 AM
Z Travel Limits Test,Camera 5,,Z_min_range,X >= 299.0,299.973,True,10/16/2019 11:32:31 AM
Z-Stage Step and Settle Test,Camera 5,,Z_step_settle_max,X <= 70,53,True,10/16/2019 11:32:33 AM
Z-Stage Step and Settle Test,Camera 5,,Z_step_settle_min,,48,,10/16/2019 11:32:33 AM
Z-Stage Step and Settle Test,Camera 5,,Z_stability_oper_max,X <= 0.500,0.093,True,10/16/2019 11:32:33 AM
Z Travel Limits Test,Camera 6,,Z_min_range,X >= 299.0,299.988,True,10/16/2019 11:32:31 AM
Z-Stage Step and Settle Test,Camera 6,,Z_step_settle_max,X <= 70,53,True,10/16/2019 11:32:33 AM
Z-Stage Step and Settle Test,Camera 6,,Z_step_settle_min,,48,,10/16/2019 11:32:33 AM
Z-Stage Step and Settle Test,Camera 6,,Z_stability_oper_max,X <= 0.500,0.111,True,10/16/2019 11:32:33 AM
Camera XY Travel Limits Test,Stage,,X_range,X >= 22.95,23.00,True,10/16/2019 11:32:20 AM
Camera XY Travel Limits Test,Stage,,Y_range,X >= 28.45,28.50,True,10/16/2019 11:32:20 AM
XY Registration Test,Camera 1,,Theta_X_Tilt,="-0.172 <= X <= 0.172",0.007483423,True,10/16/2019 11:48:47 AM
XY Registration Test,Camera 1,,Theta_Y_Tilt,="-0.229 <= X <= 0.229",-0.01297929,True,10/16/2019 11:48:47 AM
XY Registration Test,Camera 2,,Theta_X_Tilt,="-0.172 <= X <= 0.172",0.01933448,True,10/16/2019 11:48:47 AM
XY Registration Test,Camera 2,,Theta_Y_Tilt,="-0.229 <= X <= 0.229",-0.001409036,True,10/16/2019 11:48:47 AM
XY Registration Test,Camera 3,,Theta_X_Tilt,="-0.172 <= X <= 0.172",0.01585611,True,10/16/2019 11:48:47 AM
XY Registration Test,Camera 3,,Theta_Y_Tilt,="-0.229 <= X <= 0.229",-0.01136493,True,10/16/2019 11:48:47 AM
XY Registration Test,Camera 4,,Theta_X_Tilt,="-0.172 <= X <= 0.172",0.01435023,True,10/16/2019 11:48:47 AM
XY Registration Test,Camera 4,,Theta_Y_Tilt,="-0.229 <= X <= 0.229",-0.008591226,True,10/16/2019 11:48:47 AM
XY Registration Test,Camera 5,,Theta_X_Tilt,="-0.172 <= X <= 0.172",0.01559347,True,10/16/2019 11:48:47 AM
XY Registration Test,Camera 5,,Theta_Y_Tilt,="-0.229 <= X <= 0.229",-0.008887628,True,10/16/2019 11:48:47 AM
XY Registration Test,Camera 6,,Theta_X_Tilt,="-0.172 <= X <= 0.172",0.007280162,True,10/16/2019 11:48:47 AM
XY Registration Test,Camera 6,,Theta_Y_Tilt,="-0.229 <= X <= 0.229",0.0009205091,True,10/16/2019 11:48:47 AM
XY Registration Test,Stage,,Y_skew,="-0.235 <= X <= 0.235",-0.04974729,True,10/16/2019 11:48:47 AM
Reagent Valve Response,Valve A,Position 1,Expected Steps,,1633,,10/16/2019 11:49:36 AM
Reagent Valve Response,Valve A,Position 1,Actual Steps,,1680,,1/1/0001 12:00:00 AM
Reagent Valve Response,Valve A,Position 1,Error Steps,< 100,47,True,1/1/0001 12:00:00 AM
Reagent Valve Response,Valve A,Position 2,Expected Steps,,204,,10/16/2019 11:49:36 AM
Reagent Valve Response,Valve A,Position 2,Actual Steps,,212,,1/1/0001 12:00:00 AM
Reagent Valve Response,Valve A,Position 2,Error Steps,< 100,8,True,1/1/0001 12:00:00 AM
Reagent Valve Response,Valve A,Position 3,Expected Steps,,204,,10/16/2019 11:49:37 AM
Reagent Valve Response,Valve A,Position 3,Actual Steps,,214,,1/1/0001 12:00:00 AM
Reagent Valve Response,Valve A,Position 3,Error Steps,< 100,10,True,1/1/0001 12:00:00 AM
Reagent Valve Response,Valve A,Position 4,Expected Steps,,204,,10/16/2019 11:49:38 AM
Reagent Valve Response,Valve A,Position 4,Actual Steps,,218,,1/1/0001 12:00:00 AM
Reagent Valve Response,Valve A,Position 4,Error Steps,< 100,14,True,1/1/0001 12:00:00 AM
Reagent Valve Response,Valve A,Position 5,Expected Steps,,204,,10/16/2019 11:49:39 AM
Reagent Valve Response,Valve A,Position 5,Actual Steps,,204,,1/1/0001 12:00:00 AM
Reagent Valve Response,Valve A,Position 5,Error Steps,< 100,0,True,1/1/0001 12:00:00 AM
Reagent Valve Response,Valve A,Position 6,Expected Steps,,204,,10/16/2019 11:49:39 AM
Reagent Valve Response,Valve A,Position 6,Actual Steps,,211,,1/1/0001 12:00:00 AM
Reagent Valve Response,Valve A,Position 6,Error Steps,< 100,7,True,1/1/0001 12:00:00 AM
Reagent Valve Response,Valve A,Position 7,Expected Steps,,204,,10/16/2019 11:49:40 AM
Reagent Valve Response,Valve A,Position 7,Actual Steps,,204,,1/1/0001 12:00:00 AM
Reagent Valve Response,Valve A,Position 7,Error Steps,< 100,0,True,1/1/0001 12:00:00 AM
Reagent Valve Response,Valve A,Position 8,Expected Steps,,204,,10/16/2019 11:49:41 AM
Reagent Valve Response,Valve A,Position 8,Actual Steps,,214,,1/1/0001 12:00:00 AM
Reagent Valve Response,Valve A,Position 8,Error Steps,< 100,10,True,1/1/0001 12:00:00 AM
Reagent Valve Response,Valve A,Position 9,Expected Steps,,204,,10/16/2019 11:49:41 AM
Reagent Valve Response,Valve A,Position 9,Actual Steps,,202,,1/1/0001 12:00:00 AM
Reagent Valve Response,Valve A,Position 9,Error Steps,< 100,-2,True,1/1/0001 12:00:00 AM
Reagent Valve Response,Valve A,Position 10,Expected Steps,,204,,10/16/2019 11:49:42 AM
Reagent Valve Response,Valve A,Position 10,Actual Steps,,212,,1/1/0001 12:00:00 AM
Reagent Valve Response,Valve A,Position 10,Error Steps,< 100,8,True,1/1/0001 12:00:00 AM
Reagent Valve Response,Valve A,Position 11,Expected Steps,,204,,10/16/2019 11:49:43 AM
Reagent Valve Response,Valve A,Position 11,Actual Steps,,209,,1/1/0001 12:00:00 AM
Reagent Valve Response,Valve A,Position 11,Error Steps,< 100,5,True,1/1/0001 12:00:00 AM
Reagent Valve Response,Valve A,Position 12,Expected Steps,,204,,10/16/2019 11:49:44 AM
Reagent Valve Response,Valve A,Position 12,Actual Steps,,203,,1/1/0001 12:00:00 AM
Reagent Valve Response,Valve A,Position 12,Error Steps,< 100,-1,True,1/1/0001 12:00:00 AM
Reagent Valve Response,Valve A,Position 13,Expected Steps,,204,,10/16/2019 11:49:44 AM
Reagent Valve Response,Valve A,Position 13,Actual Steps,,212,,1/1/0001 12:00:00 AM
Reagent Valve Response,Valve A,Position 13,Error Steps,< 100,8,True,1/1/0001 12:00:00 AM
Reagent Valve Response,Valve A,Position 14,Expected Steps,,204,,10/16/2019 11:49:45 AM
Reagent Valve Response,Valve A,Position 14,Actual Steps,,210,,1/1/0001 12:00:00 AM
Reagent Valve Response,Valve A,Position 14,Error Steps,< 100,6,True,1/1/0001 12:00:00 AM
Reagent Valve Response,Valve A,Position 15,Expected Steps,,204,,10/16/2019 11:49:46 AM
Reagent Valve Response,Valve A,Position 15,Actual Steps,,204,,1/1/0001 12:00:00 AM
Reagent Valve Response,Valve A,Position 15,Error Steps,< 100,0,True,1/1/0001 12:00:00 AM
Reagent Valve Response,Valve A,Position 16,Expected Steps,,204,,10/16/2019 11:49:46 AM
Reagent Valve Response,Valve A,Position 16,Actual Steps,,211,,1/1/0001 12:00:00 AM
Reagent Valve Response,Valve A,Position 16,Error Steps,< 100,7,True,1/1/0001 12:00:00 AM
Reagent Valve Response,Valve A,Position 17,Expected Steps,,204,,10/16/2019 11:49:47 AM
Reagent Valve Response,Valve A,Position 17,Actual Steps,,214,,1/1/0001 12:00:00 AM
Reagent Valve Response,Valve A,Position 17,Error Steps,< 100,10,True,1/1/0001 12:00:00 AM
Reagent Valve Response,Valve A,Position 18,Expected Steps,,204,,10/16/2019 11:49:48 AM
Reagent Valve Response,Valve A,Position 18,Actual Steps,,210,,1/1/0001 12:00:00 AM
Reagent Valve Response,Valve A,Position 18,Error Steps,< 100,6,True,1/1/0001 12:00:00 AM
Reagent Valve Response,Valve A,Position 19,Expected Steps,,204,,10/16/2019 11:49:49 AM
Reagent Valve Response,Valve A,Position 19,Actual Steps,,205,,1/1/0001 12:00:00 AM
Reagent Valve Response,Valve A,Position 19,Error Steps,< 100,1,True,1/1/0001 12:00:00 AM
Reagent Valve Response,Valve A,Position 20,Expected Steps,,204,,10/16/2019 11:49:49 AM
Reagent Valve Response,Valve A,Position 20,Actual Steps,,214,,1/1/0001 12:00:00 AM
Reagent Valve Response,Valve A,Position 20,Error Steps,< 100,10,True,1/1/0001 12:00:00 AM
Reagent Valve Response,Valve A,Position 21,Expected Steps,,204,,10/16/2019 11:49:50 AM
Reagent Valve Response,Valve A,Position 21,Actual Steps,,206,,1/1/0001 12:00:00 AM
Reagent Valve Response,Valve A,Position 21,Error Steps,< 100,2,True,1/1/0001 12:00:00 AM
Reagent Valve Response,Valve A,Position 22,Expected Steps,,204,,10/16/2019 11:49:51 AM
Reagent Valve Response,Valve A,Position 22,Actual Steps,,204,,1/1/0001 12:00:00 AM
Reagent Valve Response,Valve A,Position 22,Error Steps,< 100,0,True,1/1/0001 12:00:00 AM
Reagent Valve Response,Valve A,Position 23,Expected Steps,,204,,10/16/2019 11:49:51 AM
Reagent Valve Response,Valve A,Position 23,Actual Steps,,207,,1/1/0001 12:00:00 AM
Reagent Valve Response,Valve A,Position 23,Error Steps,< 100,3,True,1/1/0001 12:00:00 AM
Reagent Valve Response,Valve A,Position 24,Expected Steps,,204,,10/16/2019 11:49:52 AM
Reagent Valve Response,Valve A,Position 24,Actual Steps,,207,,1/1/0001 12:00:00 AM
Reagent Valve Response,Valve A,Position 24,Error Steps,< 100,3,True,1/1/0001 12:00:00 AM
Reagent Valve Response,Valve B,Position 1,Expected Steps,,2450,,10/16/2019 11:49:54 AM
Reagent Valve Response,Valve B,Position 1,Actual Steps,,2487,,1/1/0001 12:00:00 AM
Reagent Valve Response,Valve B,Position 1,Error Steps,< 100,37,True,1/1/0001 12:00:00 AM
Reagent Valve Response,Valve B,Position 2,Expected Steps,,204,,10/16/2019 11:49:54 AM
Reagent Valve Response,Valve B,Position 2,Actual Steps,,242,,1/1/0001 12:00:00 AM
Reagent Valve Response,Valve B,Position 2,Error Steps,< 100,38,True,1/1/0001 12:00:00 AM
Reagent Valve Response,Valve B,Position 3,Expected Steps,,204,,10/16/2019 11:49:55 AM
Reagent Valve Response,Valve B,Position 3,Actual Steps,,214,,1/1/0001 12:00:00 AM
Reagent Valve Response,Valve B,Position 3,Error Steps,< 100,10,True,1/1/0001 12:00:00 AM
Reagent Valve Response,Valve B,Position 4,Expected Steps,,204,,10/16/2019 11:49:56 AM
Reagent Valve Response,Valve B,Position 4,Actual Steps,,212,,1/1/0001 12:00:00 AM
Reagent Valve Response,Valve B,Position 4,Error Steps,< 100,8,True,1/1/0001 12:00:00 AM
Reagent Valve Response,Valve B,Position 5,Expected Steps,,204,,10/16/2019 11:49:56 AM
Reagent Valve Response,Valve B,Position 5,Actual Steps,,206,,1/1/0001 12:00:00 AM
Reagent Valve Response,Valve B,Position 5,Error Steps,< 100,2,True,1/1/0001 12:00:00 AM
Reagent Valve Response,Valve B,Position 6,Expected Steps,,204,,10/16/2019 11:49:57 AM
Reagent Valve Response,Valve B,Position 6,Actual Steps,,201,,1/1/0001 12:00:00 AM
Reagent Valve Response,Valve B,Position 6,Error Steps,< 100,-3,True,1/1/0001 12:00:00 AM
Reagent Valve Response,Valve B,Position 7,Expected Steps,,204,,10/16/2019 11:49:58 AM
Reagent Valve Response,Valve B,Position 7,Actual Steps,,221,,1/1/0001 12:00:00 AM
Reagent Valve Response,Valve B,Position 7,Error Steps,< 100,17,True,1/1/0001 12:00:00 AM
Reagent Valve Response,Valve B,Position 8,Expected Steps,,204,,10/16/2019 11:49:59 AM
Reagent Valve Response,Valve B,Position 8,Actual Steps,,213,,1/1/0001 12:00:00 AM
Reagent Valve Response,Valve B,Position 8,Error Steps,< 100,9,True,1/1/0001 12:00:00 AM
Reagent Valve Response,Valve B,Position 9,Expected Steps,,204,,10/16/2019 11:49:59 AM
Reagent Valve Response,Valve B,Position 9,Actual Steps,,211,,1/1/0001 12:00:00 AM
Reagent Valve Response,Valve B,Position 9,Error Steps,< 100,7,True,1/1/0001 12:00:00 AM
Reagent Valve Response,Valve B,Position 10,Expected Steps,,204,,10/16/2019 11:50:00 AM
Reagent Valve Response,Valve B,Position 10,Actual Steps,,209,,1/1/0001 12:00:00 AM
Reagent Valve Response,Valve B,Position 10,Error Steps,< 100,5,True,1/1/0001 12:00:00 AM
Reagent Valve Response,Valve B,Position 11,Expected Steps,,204,,10/16/2019 11:50:01 AM
Reagent Valve Response,Valve B,Position 11,Actual Steps,,214,,1/1/0001 12:00:00 AM
Reagent Valve Response,Valve B,Position 11,Error Steps,< 100,10,True,1/1/0001 12:00:00 AM
Reagent Valve Response,Valve B,Position 12,Expected Steps,,204,,10/16/2019 11:50:02 AM
Reagent Valve Response,Valve B,Position 12,Actual Steps,,213,,1/1/0001 12:00:00 AM
Reagent Valve Response,Valve B,Position 12,Error Steps,< 100,9,True,1/1/0001 12:00:00 AM
Reagent Valve Response,Valve B,Position 13,Expected Steps,,204,,10/16/2019 11:50:02 AM
Reagent Valve Response,Valve B,Position 13,Actual Steps,,211,,1/1/0001 12:00:00 AM
Reagent Valve Response,Valve B,Position 13,Error Steps,< 100,7,True,1/1/0001 12:00:00 AM
Reagent Valve Response,Valve B,Position 14,Expected Steps,,204,,10/16/2019 11:50:03 AM
Reagent Valve Response,Valve B,Position 14,Actual Steps,,208,,1/1/0001 12:00:00 AM
Reagent Valve Response,Valve B,Position 14,Error Steps,< 100,4,True,1/1/0001 12:00:00 AM
Reagent Valve Response,Valve B,Position 15,Expected Steps,,204,,10/16/2019 11:50:04 AM
Reagent Valve Response,Valve B,Position 15,Actual Steps,,213,,1/1/0001 12:00:00 AM
Reagent Valve Response,Valve B,Position 15,Error Steps,< 100,9,True,1/1/0001 12:00:00 AM
Reagent Valve Response,Valve B,Position 16,Expected Steps,,204,,10/16/2019 11:50:04 AM
Reagent Valve Response,Valve B,Position 16,Actual Steps,,212,,1/1/0001 12:00:00 AM
Reagent Valve Response,Valve B,Position 16,Error Steps,< 100,8,True,1/1/0001 12:00:00 AM
Reagent Valve Response,Valve B,Position 17,Expected Steps,,204,,10/16/2019 11:50:05 AM
Reagent Valve Response,Valve B,Position 17,Actual Steps,,212,,1/1/0001 12:00:00 AM
Reagent Valve Response,Valve B,Position 17,Error Steps,< 100,8,True,1/1/0001 12:00:00 AM
Reagent Valve Response,Valve B,Position 18,Expected Steps,,204,,10/16/2019 11:50:06 AM
Reagent Valve Response,Valve B,Position 18,Actual Steps,,210,,1/1/0001 12:00:00 AM
Reagent Valve Response,Valve B,Position 18,Error Steps,< 100,6,True,1/1/0001 12:00:00 AM
Reagent Valve Response,Valve B,Position 19,Expected Steps,,204,,10/16/2019 11:50:07 AM
Reagent Valve Response,Valve B,Position 19,Actual Steps,,216,,1/1/0001 12:00:00 AM
Reagent Valve Response,Valve B,Position 19,Error Steps,< 100,12,True,1/1/0001 12:00:00 AM
Reagent Valve Response,Valve B,Position 20,Expected Steps,,204,,10/16/2019 11:50:07 AM
Reagent Valve Response,Valve B,Position 20,Actual Steps,,212,,1/1/0001 12:00:00 AM
Reagent Valve Response,Valve B,Position 20,Error Steps,< 100,8,True,1/1/0001 12:00:00 AM
Reagent Valve Response,Valve B,Position 21,Expected Steps,,204,,10/16/2019 11:50:08 AM
Reagent Valve Response,Valve B,Position 21,Actual Steps,,214,,1/1/0001 12:00:00 AM
Reagent Valve Response,Valve B,Position 21,Error Steps,< 100,10,True,1/1/0001 12:00:00 AM
Reagent Valve Response,Valve B,Position 22,Expected Steps,,204,,10/16/2019 11:50:09 AM
Reagent Valve Response,Valve B,Position 22,Actual Steps,,210,,1/1/0001 12:00:00 AM
Reagent Valve Response,Valve B,Position 22,Error Steps,< 100,6,True,1/1/0001 12:00:00 AM
Reagent Valve Response,Valve B,Position 23,Expected Steps,,204,,10/16/2019 11:50:09 AM
Reagent Valve Response,Valve B,Position 23,Actual Steps,,215,,1/1/0001 12:00:00 AM
Reagent Valve Response,Valve B,Position 23,Error Steps,< 100,11,True,1/1/0001 12:00:00 AM
Reagent Valve Response,Valve B,Position 24,Expected Steps,,204,,10/16/2019 11:50:10 AM
Reagent Valve Response,Valve B,Position 24,Actual Steps,,215,,1/1/0001 12:00:00 AM
Reagent Valve Response,Valve B,Position 24,Error Steps,< 100,11,True,1/1/0001 12:00:00 AM
Pump Valve Response,Pump A,Position 3000,Syringe Positions,3000,,True,10/16/2019 11:50:23 AM
Pump Valve Response,Pump A,Position 0,Syringe Positions,0,,True,1/1/0001 12:00:00 AM
Pump Valve Response,Pump A,Position 1,Valve Positions,1,,True,1/1/0001 12:00:00 AM
Pump Valve Response,Pump A,Position 2,Valve Positions,2,,True,1/1/0001 12:00:00 AM
Pump Valve Response,Pump A,Position 3,Valve Positions,3,,True,1/1/0001 12:00:00 AM
Pump Valve Response,Pump A,Position 4,Valve Positions,4,,True,1/1/0001 12:00:00 AM
Pump Valve Response,Pump A,Position 5,Valve Positions,5,,True,1/1/0001 12:00:00 AM
Pump Valve Response,Pump A,Position 6,Valve Positions,6,,True,1/1/0001 12:00:00 AM
Pump Valve Response,Pump B,Position 3000,Syringe Positions,3000,,True,10/16/2019 11:50:55 AM
Pump Valve Response,Pump B,Position 0,Syringe Positions,0,,True,1/1/0001 12:00:00 AM
Pump Valve Response,Pump B,Position 1,Valve Positions,1,,True,1/1/0001 12:00:00 AM
Pump Valve Response,Pump B,Position 2,Valve Positions,2,,True,1/1/0001 12:00:00 AM
Pump Valve Response,Pump B,Position 3,Valve Positions,3,,True,1/1/0001 12:00:00 AM
Pump Valve Response,Pump B,Position 4,Valve Positions,4,,True,1/1/0001 12:00:00 AM
Pump Valve Response,Pump B,Position 5,Valve Positions,5,,True,1/1/0001 12:00:00 AM
Pump Valve Response,Pump B,Position 6,Valve Positions,6,,True,1/1/0001 12:00:00 AM
PressureDecay1,Fluidic System Pressure Decay Test - NSS v1.2,Lane A,First Sample,,11:59:53.596,,10/16/2019 12:01:51 PM
PressureDecay1,Fluidic System Pressure Decay Test - NSS v1.2,Lane A,First Pressure,,17.226280,,1/1/0001 12:00:00 AM
PressureDecay1,Fluidic System Pressure Decay Test - NSS v1.2,Lane A,Second Sample,,12:00:38.396,,1/1/0001 12:00:00 AM
PressureDecay1,Fluidic System Pressure Decay Test - NSS v1.2,Lane A,Second Pressure,,17.090640,,1/1/0001 12:00:00 AM
PressureDecay1,Fluidic System Pressure Decay Test - NSS v1.2,Lane A,Leak Rate,< 5,0.002028,True,1/1/0001 12:00:00 AM
PressureDecay1,Fluidic System Pressure Decay Test - NSS v1.2,Lane A,Target Pressure,,0.020000,,1/1/0001 12:00:00 AM
PressureDecay1,Fluidic System Pressure Decay Test - NSS v1.2,Lane B,First Sample,,11:59:53.326,,10/16/2019 12:01:51 PM
PressureDecay1,Fluidic System Pressure Decay Test - NSS v1.2,Lane B,First Pressure,,16.955000,,1/1/0001 12:00:00 AM
PressureDecay1,Fluidic System Pressure Decay Test - NSS v1.2,Lane B,Second Sample,,12:00:37.356,,1/1/0001 12:00:00 AM
PressureDecay1,Fluidic System Pressure Decay Test - NSS v1.2,Lane B,Second Pressure,,16.208980,,1/1/0001 12:00:00 AM
PressureDecay1,Fluidic System Pressure Decay Test - NSS v1.2,Lane B,Leak Rate,< 5,0.016940,True,1/1/0001 12:00:00 AM
PressureDecay1,Fluidic System Pressure Decay Test - NSS v1.2,Lane B,Target Pressure,,0.020000,,1/1/0001 12:00:00 AM
Flow Rate,Lane A,,Actual Flow Rate,3100.000000 +/- 700.000000,3128.378662,True,10/16/2019 12:20:28 PM
Flow Rate,Lane A,,Flight Time,,131200,,10/16/2019 12:20:28 PM
Flow Rate,Lane A,,Scale Factor,,0.990929,,10/16/2019 12:20:28 PM
Flow Rate,Lane A,,Std,< 3100.000000,17.879077,True,10/16/2019 12:20:28 PM
Flow Rate,Lane B,,Actual Flow Rate,3100.000000 +/- 700.000000,3128.305664,True,10/16/2019 12:20:28 PM
Flow Rate,Lane B,,Flight Time,,131200,,10/16/2019 12:20:28 PM
Flow Rate,Lane B,,Scale Factor,,0.990952,,10/16/2019 12:20:28 PM
Flow Rate,Lane B,,Std,< 3100.000000,9.494043,True,10/16/2019 12:20:28 PM
Fan Test,Fan 0 - LED,,Speed (PPM),>= 5,8450,True,1/1/0001 12:00:00 AM
Fan Test,Fan 2 - Ebox1,,Speed (PPM),>= 5,32865,True,1/1/0001 12:00:00 AM
Fan Test,Fan 3 - Exhaust0,,Speed (PPM),>= 5,8280,True,1/1/0001 12:00:00 AM
Fan Test,Fan 4 - Exhaust1,,Speed (PPM),>= 5,8355,True,1/1/0001 12:00:00 AM
Fan Test,Fan 5 - Exhaust2,,Speed (PPM),>= 5,8087,True,1/1/0001 12:00:00 AM
Fan Test,Fan 6 - Flowcell,,Speed (PPM),>= 5,17865,True,1/1/0001 12:00:00 AM
Temp Probe Test,Probe 0 - Board0,,Temperature (C),>= 0,27.876,True,1/1/0001 12:00:00 AM
Temp Probe Test,Probe 1 - Board1,,Temperature (C),>= 0,41.829,True,1/1/0001 12:00:00 AM
Temp Probe Test,Probe 2 - Camera0,,Temperature (C),>= 0,30.563,True,1/1/0001 12:00:00 AM
Temp Probe Test,Probe 3 - Camera1,,Temperature (C),>= 0,30.563,True,1/1/0001 12:00:00 AM
Temp Probe Test,Probe 4 - Camera2,,Temperature (C),>= 0,30.2004,True,1/1/0001 12:00:00 AM
Temp Probe Test,Probe 5 - Camera3,,Temperature (C),>= 0,30.25,True,1/1/0001 12:00:00 AM
Temp Probe Test,Probe 6 - Camera4,,Temperature (C),>= 0,30.688,True,1/1/0001 12:00:00 AM
Temp Probe Test,Probe 7 - Camera5,,Temperature (C),>= 0,30.625,True,1/1/0001 12:00:00 AM
Temp Probe Test,Probe 8 - ThermoCouple_Side,,Temperature (C),>= 0,27.15,True,1/1/0001 12:00:00 AM
Temp Probe Test,Probe 9 - ThermoCouple_Rear,,Temperature (C),>= 0,32.25,True,1/1/0001 12:00:00 AM
