Filename,D:\Illumina\SystemCheckResults\AllResultDetails\NS500355_2021-12-02__11_25_33_SystemCheckResultDetails.csv
Application,2.2.0.2
Location,Field
Instrument ID,NS500355
Integrated Chassis ID,ICA1415024
Imaging Module ID,ICA1415024
FPGA version,r.2016.3.0

Category,Detail 1, Detail 2,Test,Expected Result,Result,Pass,Time
BSM,Cycle 1,,BSM Z Up Distance,149259 +/- 3635,147806,True,12/2/2021 10:44:42 AM
BSM,Cycle 1,,BSM Z Up Avg Gain,62900 +/- 5000,61767,True,12/2/2021 10:44:42 AM
BSM,Cycle 1,,BSM Z Down Distance,149259 +/- 3635,147477,True,12/2/2021 10:44:42 AM
BSM,Cycle 1,,BSM Z Down Avg Gain,61800 +/- 5000,61429,True,12/2/2021 10:44:42 AM
FCLM FAM,,,FAM Y Load Distance,194968 +/- 1948,194321,True,12/2/2021 10:47:04 AM
FCLM FAM,,,FAM Y Load Avg Gain,58800 +/- 7200,59847,True,12/2/2021 10:47:04 AM
FCLM FAM,,,FAM Z Load Distance,19089 +/- 1093,18962,True,12/2/2021 10:47:04 AM
FCLM FAM,,,FCLM X Load Avg Gain,<= 65000,51721,True,12/2/2021 10:47:04 AM
FCLM FAM,,,FCLM Y Load Avg Gain,<= 65000,53825,True,12/2/2021 10:47:04 AM
FCLM FAM,,,FCLM Z Load Avg Gain,<= 65000,59444,True,12/2/2021 10:47:04 AM
FCLM FAM,,,FCLM Align Load Avg Gain,<= 65000,52299,True,12/2/2021 10:47:04 AM
FCLM FAM,,,FAM Y Unload Distance,194968 +/- 1948,194351,True,12/2/2021 10:47:04 AM
FCLM FAM,,,FAM Y Unload Avg Gain,58800 +/- 7200,59678,True,12/2/2021 10:47:04 AM
FCLM FAM,,,FAM Z Unload Distance,19089 +/- 1093,18889,True,12/2/2021 10:47:04 AM
FCLM FAM,,,FCLM X Unload Avg Gain,<= 75000,54388,True,12/2/2021 10:47:04 AM
FCLM FAM,,,FCLM Y Unload Avg Gain,<= 75000,51958,True,12/2/2021 10:47:04 AM
FCLM FAM,,,FCLM Z Unload Avg Gain,<= 75000,63017,True,12/2/2021 10:47:04 AM
FCLM FAM,,,FCLM Align Unload Avg Gain,<= 75000,56220,True,12/2/2021 10:47:04 AM
Z Travel Limits Test,Camera 1,,Z_min_range,X >= 299.0,299.973,True,12/2/2021 10:47:41 AM
Z-Stage Step and Settle Test,Camera 1,,Z_step_settle_max,X <= 70,53,True,12/2/2021 10:47:43 AM
Z-Stage Step and Settle Test,Camera 1,,Z_step_settle_min,,48,,12/2/2021 10:47:43 AM
Z-Stage Step and Settle Test,Camera 1,,Z_stability_oper_max,X <= 0.500,0.088,True,12/2/2021 10:47:43 AM
Z Travel Limits Test,Camera 2,,Z_min_range,X >= 299.0,299.973,True,12/2/2021 10:47:41 AM
Z-Stage Step and Settle Test,Camera 2,,Z_step_settle_max,X <= 70,52,True,12/2/2021 10:47:43 AM
Z-Stage Step and Settle Test,Camera 2,,Z_step_settle_min,,48,,12/2/2021 10:47:43 AM
Z-Stage Step and Settle Test,Camera 2,,Z_stability_oper_max,X <= 0.500,0.097,True,12/2/2021 10:47:43 AM
Z Travel Limits Test,Camera 3,,Z_min_range,X >= 299.0,299.988,True,12/2/2021 10:47:41 AM
Z-Stage Step and Settle Test,Camera 3,,Z_step_settle_max,X <= 70,53,True,12/2/2021 10:47:43 AM
Z-Stage Step and Settle Test,Camera 3,,Z_step_settle_min,,48,,12/2/2021 10:47:43 AM
Z-Stage Step and Settle Test,Camera 3,,Z_stability_oper_max,X <= 0.500,0.102,True,12/2/2021 10:47:43 AM
Z Travel Limits Test,Camera 4,,Z_min_range,X >= 299.0,300.003,True,12/2/2021 10:47:41 AM
Z-Stage Step and Settle Test,Camera 4,,Z_step_settle_max,X <= 70,53,True,12/2/2021 10:47:43 AM
Z-Stage Step and Settle Test,Camera 4,,Z_step_settle_min,,48,,12/2/2021 10:47:43 AM
Z-Stage Step and Settle Test,Camera 4,,Z_stability_oper_max,X <= 0.500,0.168,True,12/2/2021 10:47:43 AM
Z Travel Limits Test,Camera 5,,Z_min_range,X >= 299.0,299.988,True,12/2/2021 10:47:41 AM
Z-Stage Step and Settle Test,Camera 5,,Z_step_settle_max,X <= 70,53,True,12/2/2021 10:47:43 AM
Z-Stage Step and Settle Test,Camera 5,,Z_step_settle_min,,48,,12/2/2021 10:47:43 AM
Z-Stage Step and Settle Test,Camera 5,,Z_stability_oper_max,X <= 0.500,0.110,True,12/2/2021 10:47:43 AM
Z Travel Limits Test,Camera 6,,Z_min_range,X >= 299.0,299.957,True,12/2/2021 10:47:41 AM
Z-Stage Step and Settle Test,Camera 6,,Z_step_settle_max,X <= 70,53,True,12/2/2021 10:47:43 AM
Z-Stage Step and Settle Test,Camera 6,,Z_step_settle_min,,48,,12/2/2021 10:47:43 AM
Z-Stage Step and Settle Test,Camera 6,,Z_stability_oper_max,X <= 0.500,0.108,True,12/2/2021 10:47:43 AM
Camera XY Travel Limits Test,Stage,,X_range,X >= 22.95,23.00,True,12/2/2021 10:47:31 AM
Camera XY Travel Limits Test,Stage,,Y_range,X >= 28.45,28.50,True,12/2/2021 10:47:31 AM
XY Registration Test,Camera 1,,Theta_X_Tilt,="-0.172 <= X <= 0.172",0.008441124,True,12/2/2021 11:02:40 AM
XY Registration Test,Camera 1,,Theta_Y_Tilt,="-0.229 <= X <= 0.229",-0.00130663,True,12/2/2021 11:02:40 AM
XY Registration Test,Camera 2,,Theta_X_Tilt,="-0.172 <= X <= 0.172",0.00764854,True,12/2/2021 11:02:40 AM
XY Registration Test,Camera 2,,Theta_Y_Tilt,="-0.229 <= X <= 0.229",0.009344667,True,12/2/2021 11:02:40 AM
XY Registration Test,Camera 3,,Theta_X_Tilt,="-0.172 <= X <= 0.172",NaN,False,12/2/2021 11:02:40 AM
XY Registration Test,Camera 3,,Theta_Y_Tilt,="-0.229 <= X <= 0.229",0.008927203,True,12/2/2021 11:02:40 AM
XY Registration Test,Camera 4,,Theta_X_Tilt,="-0.172 <= X <= 0.172",0.003643246,True,12/2/2021 11:02:40 AM
XY Registration Test,Camera 4,,Theta_Y_Tilt,="-0.229 <= X <= 0.229",0.004650156,True,12/2/2021 11:02:40 AM
XY Registration Test,Camera 5,,Theta_X_Tilt,="-0.172 <= X <= 0.172",0.01245429,True,12/2/2021 11:02:40 AM
XY Registration Test,Camera 5,,Theta_Y_Tilt,="-0.229 <= X <= 0.229",0.002209483,True,12/2/2021 11:02:40 AM
XY Registration Test,Camera 6,,Theta_X_Tilt,="-0.172 <= X <= 0.172",0.01143915,True,12/2/2021 11:02:40 AM
XY Registration Test,Camera 6,,Theta_Y_Tilt,="-0.229 <= X <= 0.229",0.003765562,True,12/2/2021 11:02:40 AM
XY Registration Test,Stage,,Y_skew,="-0.235 <= X <= 0.235",-0.01658265,True,12/2/2021 11:02:40 AM
Reagent Valve Response,Valve A,Position 1,Expected Steps,,1633,,12/2/2021 11:04:45 AM
Reagent Valve Response,Valve A,Position 1,Actual Steps,,1677,,1/1/0001 12:00:00 AM
Reagent Valve Response,Valve A,Position 1,Error Steps,< 100,44,True,1/1/0001 12:00:00 AM
Reagent Valve Response,Valve A,Position 2,Expected Steps,,204,,12/2/2021 11:04:46 AM
Reagent Valve Response,Valve A,Position 2,Actual Steps,,215,,1/1/0001 12:00:00 AM
Reagent Valve Response,Valve A,Position 2,Error Steps,< 100,11,True,1/1/0001 12:00:00 AM
Reagent Valve Response,Valve A,Position 3,Expected Steps,,204,,12/2/2021 11:04:47 AM
Reagent Valve Response,Valve A,Position 3,Actual Steps,,206,,1/1/0001 12:00:00 AM
Reagent Valve Response,Valve A,Position 3,Error Steps,< 100,2,True,1/1/0001 12:00:00 AM
Reagent Valve Response,Valve A,Position 4,Expected Steps,,204,,12/2/2021 11:04:47 AM
Reagent Valve Response,Valve A,Position 4,Actual Steps,,204,,1/1/0001 12:00:00 AM
Reagent Valve Response,Valve A,Position 4,Error Steps,< 100,0,True,1/1/0001 12:00:00 AM
Reagent Valve Response,Valve A,Position 5,Expected Steps,,204,,12/2/2021 11:04:48 AM
Reagent Valve Response,Valve A,Position 5,Actual Steps,,203,,1/1/0001 12:00:00 AM
Reagent Valve Response,Valve A,Position 5,Error Steps,< 100,-1,True,1/1/0001 12:00:00 AM
Reagent Valve Response,Valve A,Position 6,Expected Steps,,204,,12/2/2021 11:04:49 AM
Reagent Valve Response,Valve A,Position 6,Actual Steps,,210,,1/1/0001 12:00:00 AM
Reagent Valve Response,Valve A,Position 6,Error Steps,< 100,6,True,1/1/0001 12:00:00 AM
Reagent Valve Response,Valve A,Position 7,Expected Steps,,204,,12/2/2021 11:04:50 AM
Reagent Valve Response,Valve A,Position 7,Actual Steps,,212,,1/1/0001 12:00:00 AM
Reagent Valve Response,Valve A,Position 7,Error Steps,< 100,8,True,1/1/0001 12:00:00 AM
Reagent Valve Response,Valve A,Position 8,Expected Steps,,204,,12/2/2021 11:04:51 AM
Reagent Valve Response,Valve A,Position 8,Actual Steps,,211,,1/1/0001 12:00:00 AM
Reagent Valve Response,Valve A,Position 8,Error Steps,< 100,7,True,1/1/0001 12:00:00 AM
Reagent Valve Response,Valve A,Position 9,Expected Steps,,204,,12/2/2021 11:04:51 AM
Reagent Valve Response,Valve A,Position 9,Actual Steps,,205,,1/1/0001 12:00:00 AM
Reagent Valve Response,Valve A,Position 9,Error Steps,< 100,1,True,1/1/0001 12:00:00 AM
Reagent Valve Response,Valve A,Position 10,Expected Steps,,204,,12/2/2021 11:04:52 AM
Reagent Valve Response,Valve A,Position 10,Actual Steps,,209,,1/1/0001 12:00:00 AM
Reagent Valve Response,Valve A,Position 10,Error Steps,< 100,5,True,1/1/0001 12:00:00 AM
Reagent Valve Response,Valve A,Position 11,Expected Steps,,204,,12/2/2021 11:04:53 AM
Reagent Valve Response,Valve A,Position 11,Actual Steps,,213,,1/1/0001 12:00:00 AM
Reagent Valve Response,Valve A,Position 11,Error Steps,< 100,9,True,1/1/0001 12:00:00 AM
Reagent Valve Response,Valve A,Position 12,Expected Steps,,204,,12/2/2021 11:04:54 AM
Reagent Valve Response,Valve A,Position 12,Actual Steps,,201,,1/1/0001 12:00:00 AM
Reagent Valve Response,Valve A,Position 12,Error Steps,< 100,-3,True,1/1/0001 12:00:00 AM
Reagent Valve Response,Valve A,Position 13,Expected Steps,,204,,12/2/2021 11:04:54 AM
Reagent Valve Response,Valve A,Position 13,Actual Steps,,205,,1/1/0001 12:00:00 AM
Reagent Valve Response,Valve A,Position 13,Error Steps,< 100,1,True,1/1/0001 12:00:00 AM
Reagent Valve Response,Valve A,Position 14,Expected Steps,,204,,12/2/2021 11:04:55 AM
Reagent Valve Response,Valve A,Position 14,Actual Steps,,200,,1/1/0001 12:00:00 AM
Reagent Valve Response,Valve A,Position 14,Error Steps,< 100,-4,True,1/1/0001 12:00:00 AM
Reagent Valve Response,Valve A,Position 15,Expected Steps,,204,,12/2/2021 11:04:56 AM
Reagent Valve Response,Valve A,Position 15,Actual Steps,,203,,1/1/0001 12:00:00 AM
Reagent Valve Response,Valve A,Position 15,Error Steps,< 100,-1,True,1/1/0001 12:00:00 AM
Reagent Valve Response,Valve A,Position 16,Expected Steps,,204,,12/2/2021 11:04:56 AM
Reagent Valve Response,Valve A,Position 16,Actual Steps,,205,,1/1/0001 12:00:00 AM
Reagent Valve Response,Valve A,Position 16,Error Steps,< 100,1,True,1/1/0001 12:00:00 AM
Reagent Valve Response,Valve A,Position 17,Expected Steps,,204,,12/2/2021 11:04:57 AM
Reagent Valve Response,Valve A,Position 17,Actual Steps,,213,,1/1/0001 12:00:00 AM
Reagent Valve Response,Valve A,Position 17,Error Steps,< 100,9,True,1/1/0001 12:00:00 AM
Reagent Valve Response,Valve A,Position 18,Expected Steps,,204,,12/2/2021 11:04:58 AM
Reagent Valve Response,Valve A,Position 18,Actual Steps,,205,,1/1/0001 12:00:00 AM
Reagent Valve Response,Valve A,Position 18,Error Steps,< 100,1,True,1/1/0001 12:00:00 AM
Reagent Valve Response,Valve A,Position 19,Expected Steps,,204,,12/2/2021 11:04:58 AM
Reagent Valve Response,Valve A,Position 19,Actual Steps,,204,,1/1/0001 12:00:00 AM
Reagent Valve Response,Valve A,Position 19,Error Steps,< 100,0,True,1/1/0001 12:00:00 AM
Reagent Valve Response,Valve A,Position 20,Expected Steps,,204,,12/2/2021 11:04:59 AM
Reagent Valve Response,Valve A,Position 20,Actual Steps,,214,,1/1/0001 12:00:00 AM
Reagent Valve Response,Valve A,Position 20,Error Steps,< 100,10,True,1/1/0001 12:00:00 AM
Reagent Valve Response,Valve A,Position 21,Expected Steps,,204,,12/2/2021 11:05:00 AM
Reagent Valve Response,Valve A,Position 21,Actual Steps,,204,,1/1/0001 12:00:00 AM
Reagent Valve Response,Valve A,Position 21,Error Steps,< 100,0,True,1/1/0001 12:00:00 AM
Reagent Valve Response,Valve A,Position 22,Expected Steps,,204,,12/2/2021 11:05:01 AM
Reagent Valve Response,Valve A,Position 22,Actual Steps,,204,,1/1/0001 12:00:00 AM
Reagent Valve Response,Valve A,Position 22,Error Steps,< 100,0,True,1/1/0001 12:00:00 AM
Reagent Valve Response,Valve A,Position 23,Expected Steps,,204,,12/2/2021 11:05:01 AM
Reagent Valve Response,Valve A,Position 23,Actual Steps,,208,,1/1/0001 12:00:00 AM
Reagent Valve Response,Valve A,Position 23,Error Steps,< 100,4,True,1/1/0001 12:00:00 AM
Reagent Valve Response,Valve A,Position 24,Expected Steps,,204,,12/2/2021 11:05:02 AM
Reagent Valve Response,Valve A,Position 24,Actual Steps,,207,,1/1/0001 12:00:00 AM
Reagent Valve Response,Valve A,Position 24,Error Steps,< 100,3,True,1/1/0001 12:00:00 AM
Reagent Valve Response,Valve B,Position 1,Expected Steps,,2450,,12/2/2021 11:05:04 AM
Reagent Valve Response,Valve B,Position 1,Actual Steps,,2485,,1/1/0001 12:00:00 AM
Reagent Valve Response,Valve B,Position 1,Error Steps,< 100,35,True,1/1/0001 12:00:00 AM
Reagent Valve Response,Valve B,Position 2,Expected Steps,,204,,12/2/2021 11:05:04 AM
Reagent Valve Response,Valve B,Position 2,Actual Steps,,242,,1/1/0001 12:00:00 AM
Reagent Valve Response,Valve B,Position 2,Error Steps,< 100,38,True,1/1/0001 12:00:00 AM
Reagent Valve Response,Valve B,Position 3,Expected Steps,,204,,12/2/2021 11:05:05 AM
Reagent Valve Response,Valve B,Position 3,Actual Steps,,213,,1/1/0001 12:00:00 AM
Reagent Valve Response,Valve B,Position 3,Error Steps,< 100,9,True,1/1/0001 12:00:00 AM
Reagent Valve Response,Valve B,Position 4,Expected Steps,,204,,12/2/2021 11:05:06 AM
Reagent Valve Response,Valve B,Position 4,Actual Steps,,215,,1/1/0001 12:00:00 AM
Reagent Valve Response,Valve B,Position 4,Error Steps,< 100,11,True,1/1/0001 12:00:00 AM
Reagent Valve Response,Valve B,Position 5,Expected Steps,,204,,12/2/2021 11:05:06 AM
Reagent Valve Response,Valve B,Position 5,Actual Steps,,220,,1/1/0001 12:00:00 AM
Reagent Valve Response,Valve B,Position 5,Error Steps,< 100,16,True,1/1/0001 12:00:00 AM
Reagent Valve Response,Valve B,Position 6,Expected Steps,,204,,12/2/2021 11:05:07 AM
Reagent Valve Response,Valve B,Position 6,Actual Steps,,210,,1/1/0001 12:00:00 AM
Reagent Valve Response,Valve B,Position 6,Error Steps,< 100,6,True,1/1/0001 12:00:00 AM
Reagent Valve Response,Valve B,Position 7,Expected Steps,,204,,12/2/2021 11:05:08 AM
Reagent Valve Response,Valve B,Position 7,Actual Steps,,212,,1/1/0001 12:00:00 AM
Reagent Valve Response,Valve B,Position 7,Error Steps,< 100,8,True,1/1/0001 12:00:00 AM
Reagent Valve Response,Valve B,Position 8,Expected Steps,,204,,12/2/2021 11:05:09 AM
Reagent Valve Response,Valve B,Position 8,Actual Steps,,212,,1/1/0001 12:00:00 AM
Reagent Valve Response,Valve B,Position 8,Error Steps,< 100,8,True,1/1/0001 12:00:00 AM
Reagent Valve Response,Valve B,Position 9,Expected Steps,,204,,12/2/2021 11:05:09 AM
Reagent Valve Response,Valve B,Position 9,Actual Steps,,212,,1/1/0001 12:00:00 AM
Reagent Valve Response,Valve B,Position 9,Error Steps,< 100,8,True,1/1/0001 12:00:00 AM
Reagent Valve Response,Valve B,Position 10,Expected Steps,,204,,12/2/2021 11:05:10 AM
Reagent Valve Response,Valve B,Position 10,Actual Steps,,209,,1/1/0001 12:00:00 AM
Reagent Valve Response,Valve B,Position 10,Error Steps,< 100,5,True,1/1/0001 12:00:00 AM
Reagent Valve Response,Valve B,Position 11,Expected Steps,,204,,12/2/2021 11:05:11 AM
Reagent Valve Response,Valve B,Position 11,Actual Steps,,214,,1/1/0001 12:00:00 AM
Reagent Valve Response,Valve B,Position 11,Error Steps,< 100,10,True,1/1/0001 12:00:00 AM
Reagent Valve Response,Valve B,Position 12,Expected Steps,,204,,12/2/2021 11:05:11 AM
Reagent Valve Response,Valve B,Position 12,Actual Steps,,212,,1/1/0001 12:00:00 AM
Reagent Valve Response,Valve B,Position 12,Error Steps,< 100,8,True,1/1/0001 12:00:00 AM
Reagent Valve Response,Valve B,Position 13,Expected Steps,,204,,12/2/2021 11:05:12 AM
Reagent Valve Response,Valve B,Position 13,Actual Steps,,210,,1/1/0001 12:00:00 AM
Reagent Valve Response,Valve B,Position 13,Error Steps,< 100,6,True,1/1/0001 12:00:00 AM
Reagent Valve Response,Valve B,Position 14,Expected Steps,,204,,12/2/2021 11:05:13 AM
Reagent Valve Response,Valve B,Position 14,Actual Steps,,208,,1/1/0001 12:00:00 AM
Reagent Valve Response,Valve B,Position 14,Error Steps,< 100,4,True,1/1/0001 12:00:00 AM
Reagent Valve Response,Valve B,Position 15,Expected Steps,,204,,12/2/2021 11:05:13 AM
Reagent Valve Response,Valve B,Position 15,Actual Steps,,213,,1/1/0001 12:00:00 AM
Reagent Valve Response,Valve B,Position 15,Error Steps,< 100,9,True,1/1/0001 12:00:00 AM
Reagent Valve Response,Valve B,Position 16,Expected Steps,,204,,12/2/2021 11:05:14 AM
Reagent Valve Response,Valve B,Position 16,Actual Steps,,221,,1/1/0001 12:00:00 AM
Reagent Valve Response,Valve B,Position 16,Error Steps,< 100,17,True,1/1/0001 12:00:00 AM
Reagent Valve Response,Valve B,Position 17,Expected Steps,,204,,12/2/2021 11:05:15 AM
Reagent Valve Response,Valve B,Position 17,Actual Steps,,212,,1/1/0001 12:00:00 AM
Reagent Valve Response,Valve B,Position 17,Error Steps,< 100,8,True,1/1/0001 12:00:00 AM
Reagent Valve Response,Valve B,Position 18,Expected Steps,,204,,12/2/2021 11:05:16 AM
Reagent Valve Response,Valve B,Position 18,Actual Steps,,211,,1/1/0001 12:00:00 AM
Reagent Valve Response,Valve B,Position 18,Error Steps,< 100,7,True,1/1/0001 12:00:00 AM
Reagent Valve Response,Valve B,Position 19,Expected Steps,,204,,12/2/2021 11:05:16 AM
Reagent Valve Response,Valve B,Position 19,Actual Steps,,221,,1/1/0001 12:00:00 AM
Reagent Valve Response,Valve B,Position 19,Error Steps,< 100,17,True,1/1/0001 12:00:00 AM
Reagent Valve Response,Valve B,Position 20,Expected Steps,,204,,12/2/2021 11:05:17 AM
Reagent Valve Response,Valve B,Position 20,Actual Steps,,214,,1/1/0001 12:00:00 AM
Reagent Valve Response,Valve B,Position 20,Error Steps,< 100,10,True,1/1/0001 12:00:00 AM
Reagent Valve Response,Valve B,Position 21,Expected Steps,,204,,12/2/2021 11:05:18 AM
Reagent Valve Response,Valve B,Position 21,Actual Steps,,220,,1/1/0001 12:00:00 AM
Reagent Valve Response,Valve B,Position 21,Error Steps,< 100,16,True,1/1/0001 12:00:00 AM
Reagent Valve Response,Valve B,Position 22,Expected Steps,,204,,12/2/2021 11:05:19 AM
Reagent Valve Response,Valve B,Position 22,Actual Steps,,221,,1/1/0001 12:00:00 AM
Reagent Valve Response,Valve B,Position 22,Error Steps,< 100,17,True,1/1/0001 12:00:00 AM
Reagent Valve Response,Valve B,Position 23,Expected Steps,,204,,12/2/2021 11:05:19 AM
Reagent Valve Response,Valve B,Position 23,Actual Steps,,215,,1/1/0001 12:00:00 AM
Reagent Valve Response,Valve B,Position 23,Error Steps,< 100,11,True,1/1/0001 12:00:00 AM
Reagent Valve Response,Valve B,Position 24,Expected Steps,,204,,12/2/2021 11:05:20 AM
Reagent Valve Response,Valve B,Position 24,Actual Steps,,215,,1/1/0001 12:00:00 AM
Reagent Valve Response,Valve B,Position 24,Error Steps,< 100,11,True,1/1/0001 12:00:00 AM
Pump Valve Response,Pump A,Position 3000,Syringe Positions,3000,,True,12/2/2021 11:05:33 AM
Pump Valve Response,Pump A,Position 0,Syringe Positions,0,,True,1/1/0001 12:00:00 AM
Pump Valve Response,Pump A,Position 1,Valve Positions,1,,True,1/1/0001 12:00:00 AM
Pump Valve Response,Pump A,Position 2,Valve Positions,2,,True,1/1/0001 12:00:00 AM
Pump Valve Response,Pump A,Position 3,Valve Positions,3,,True,1/1/0001 12:00:00 AM
Pump Valve Response,Pump A,Position 4,Valve Positions,4,,True,1/1/0001 12:00:00 AM
Pump Valve Response,Pump A,Position 5,Valve Positions,5,,True,1/1/0001 12:00:00 AM
Pump Valve Response,Pump A,Position 6,Valve Positions,6,,True,1/1/0001 12:00:00 AM
Pump Valve Response,Pump B,Position 3000,Syringe Positions,3000,,True,12/2/2021 11:06:05 AM
Pump Valve Response,Pump B,Position 0,Syringe Positions,0,,True,1/1/0001 12:00:00 AM
Pump Valve Response,Pump B,Position 1,Valve Positions,1,,True,1/1/0001 12:00:00 AM
Pump Valve Response,Pump B,Position 2,Valve Positions,2,,True,1/1/0001 12:00:00 AM
Pump Valve Response,Pump B,Position 3,Valve Positions,3,,True,1/1/0001 12:00:00 AM
Pump Valve Response,Pump B,Position 4,Valve Positions,4,,True,1/1/0001 12:00:00 AM
Pump Valve Response,Pump B,Position 5,Valve Positions,5,,True,1/1/0001 12:00:00 AM
Pump Valve Response,Pump B,Position 6,Valve Positions,6,,True,1/1/0001 12:00:00 AM
PressureDecay1,Fluidic System Pressure Decay Test - NSS v1.2,Lane A,First Sample,,11:15:05.607,,12/2/2021 11:17:04 AM
PressureDecay1,Fluidic System Pressure Decay Test - NSS v1.2,Lane A,First Pressure,,17.158460,,1/1/0001 12:00:00 AM
PressureDecay1,Fluidic System Pressure Decay Test - NSS v1.2,Lane A,Second Sample,,11:15:49.338,,1/1/0001 12:00:00 AM
PressureDecay1,Fluidic System Pressure Decay Test - NSS v1.2,Lane A,Second Pressure,,17.158460,,1/1/0001 12:00:00 AM
PressureDecay1,Fluidic System Pressure Decay Test - NSS v1.2,Lane A,Leak Rate,< 5,0.000793,True,1/1/0001 12:00:00 AM
PressureDecay1,Fluidic System Pressure Decay Test - NSS v1.2,Lane A,Target Pressure,,0.020000,,1/1/0001 12:00:00 AM
PressureDecay1,Fluidic System Pressure Decay Test - NSS v1.2,Lane B,First Sample,,11:15:05.347,,12/2/2021 11:17:04 AM
PressureDecay1,Fluidic System Pressure Decay Test - NSS v1.2,Lane B,First Pressure,,17.090640,,1/1/0001 12:00:00 AM
PressureDecay1,Fluidic System Pressure Decay Test - NSS v1.2,Lane B,Second Sample,,11:15:50.128,,1/1/0001 12:00:00 AM
PressureDecay1,Fluidic System Pressure Decay Test - NSS v1.2,Lane B,Second Pressure,,16.955000,,1/1/0001 12:00:00 AM
PressureDecay1,Fluidic System Pressure Decay Test - NSS v1.2,Lane B,Leak Rate,< 5,0.002944,True,1/1/0001 12:00:00 AM
PressureDecay1,Fluidic System Pressure Decay Test - NSS v1.2,Lane B,Target Pressure,,0.020000,,1/1/0001 12:00:00 AM
Bubble Count,Lane A,Base Line to Post Aspirate Delta,Waste 1,0,0,True,12/2/2021 11:20:32 AM
Bubble Count,Lane A,Base Line to Post Aspirate Delta,Waste 2,0,0,True,12/2/2021 11:20:32 AM
Bubble Count,Lane A,Base Line to Post Aspirate Delta,Lane A1,>0,7,True,12/2/2021 11:20:32 AM
Bubble Count,Lane A,Base Line to Post Aspirate Delta,Lane B1,0,0,True,12/2/2021 11:20:32 AM
Bubble Count,Lane A,Post Aspirate to Post Dispense Delta,Waste 1,>10,4,False,12/2/2021 11:20:32 AM
Bubble Count,Lane A,Post Aspirate to Post Dispense Delta,Waste 2,>10,4,False,12/2/2021 11:20:32 AM
Bubble Count,Lane A,Post Aspirate to Post Dispense Delta,Lane A1,,59,,12/2/2021 11:20:32 AM
Bubble Count,Lane A,Post Aspirate to Post Dispense Delta,Lane B1,0,0,True,12/2/2021 11:20:32 AM
Bubble Count,Lane B,Base Line to Post Aspirate Delta,Waste 1,0,0,True,12/2/2021 11:20:32 AM
Bubble Count,Lane B,Base Line to Post Aspirate Delta,Waste 2,0,0,True,12/2/2021 11:20:32 AM
Bubble Count,Lane B,Base Line to Post Aspirate Delta,Lane A1,0,0,True,12/2/2021 11:20:32 AM
Bubble Count,Lane B,Base Line to Post Aspirate Delta,Lane B1,>0,0,False,12/2/2021 11:20:32 AM
Bubble Count,Lane B,Post Aspirate to Post Dispense Delta,Waste 1,>10,2,False,12/2/2021 11:20:32 AM
Bubble Count,Lane B,Post Aspirate to Post Dispense Delta,Waste 2,>10,2,False,12/2/2021 11:20:32 AM
Bubble Count,Lane B,Post Aspirate to Post Dispense Delta,Lane A1,0,0,True,12/2/2021 11:20:32 AM
Bubble Count,Lane B,Post Aspirate to Post Dispense Delta,Lane B1,,0,,12/2/2021 11:20:32 AM
Flow Rate,,,,,,False,1/1/0001 12:00:00 AM
Fan Test,Fan 0 - LED,,Speed (PPM),>= 5,8475,True,1/1/0001 12:00:00 AM
Fan Test,Fan 2 - Ebox1,,Speed (PPM),>= 5,30,True,1/1/0001 12:00:00 AM
Fan Test,Fan 3 - Exhaust0,,Speed (PPM),>= 5,8265,True,1/1/0001 12:00:00 AM
Fan Test,Fan 4 - Exhaust1,,Speed (PPM),>= 5,8325,True,1/1/0001 12:00:00 AM
Fan Test,Fan 5 - Exhaust2,,Speed (PPM),>= 5,8167,True,1/1/0001 12:00:00 AM
Fan Test,Fan 6 - Flowcell,,Speed (PPM),>= 5,17933,True,1/1/0001 12:00:00 AM
Temp Probe Test,Probe 0 - Board0,,Temperature (C),>= 0,52.186,True,1/1/0001 12:00:00 AM
Temp Probe Test,Probe 1 - Board1,,Temperature (C),>= 0,52.775,True,1/1/0001 12:00:00 AM
Temp Probe Test,Probe 2 - Camera0,,Temperature (C),>= 0,31.625,True,1/1/0001 12:00:00 AM
Temp Probe Test,Probe 3 - Camera1,,Temperature (C),>= 0,31.75,True,1/1/0001 12:00:00 AM
Temp Probe Test,Probe 4 - Camera2,,Temperature (C),>= 0,31.25,True,1/1/0001 12:00:00 AM
Temp Probe Test,Probe 5 - Camera3,,Temperature (C),>= 0,31.25,True,1/1/0001 12:00:00 AM
Temp Probe Test,Probe 6 - Camera4,,Temperature (C),>= 0,31.813,True,1/1/0001 12:00:00 AM
Temp Probe Test,Probe 7 - Camera5,,Temperature (C),>= 0,31.75,True,1/1/0001 12:00:00 AM
Temp Probe Test,Probe 8 - ThermoCouple_Side,,Temperature (C),>= 0,26,True,1/1/0001 12:00:00 AM
Temp Probe Test,Probe 9 - ThermoCouple_Rear,,Temperature (C),>= 0,32.75,True,1/1/0001 12:00:00 AM
