<?xml version="1.0"?>
<SystemCheckTestResultDetails xmlns:xsd="http://www.w3.org/2001/XMLSchema" xmlns:xsi="http://www.w3.org/2001/XMLSchema-instance">
  <TestResultDetails>
    <item>
      <key>
        <string>Bsm</string>
      </key>
      <value>
        <TestResultDetails>
          <TestOutputXmlPaths />
          <Items />
        </TestResultDetails>
      </value>
    </item>
    <item>
      <key>
        <string>FclmFam</string>
      </key>
      <value>
        <TestResultDetails>
          <TestOutputXmlPaths />
          <Items />
        </TestResultDetails>
      </value>
    </item>
    <item>
      <key>
        <string>MotionStage</string>
      </key>
      <value>
        <TestResultDetails>
          <TestOutputXmlPaths />
          <Items />
        </TestResultDetails>
      </value>
    </item>
    <item>
      <key>
        <string>UbertargetRegistration</string>
      </key>
      <value>
        <TestResultDetails>
          <TestOutputXmlPaths />
          <Items />
        </TestResultDetails>
      </value>
    </item>
    <item>
      <key>
        <string>Optical</string>
      </key>
      <value>
        <TestResultDetails>
          <TestOutputXmlPaths />
          <Items />
        </TestResultDetails>
      </value>
    </item>
    <item>
      <key>
        <string>OpticsStage</string>
      </key>
      <value>
        <TestResultDetails>
          <TestOutputXmlPaths />
          <Items />
        </TestResultDetails>
      </value>
    </item>
    <item>
      <key>
        <string>FlowCellRegistration</string>
      </key>
      <value>
        <TestResultDetails>
          <TestOutputXmlPaths />
          <Items />
        </TestResultDetails>
      </value>
    </item>
    <item>
      <key>
        <string>BeadChipTests</string>
      </key>
      <value>
        <TestResultDetails>
          <TestOutputXmlPaths />
          <Items />
        </TestResultDetails>
      </value>
    </item>
    <item>
      <key>
        <string>ValveResponse</string>
      </key>
      <value>
        <TestResultDetails>
          <TestOutputXmlPaths>
            <string>D:\Illumina\SystemCheckResults\Valve Response Test\NS500355 2018-10-18__15_14_43\NS500355_Reagent Valve Response Test_Results.xml</string>
            <string>D:\Illumina\SystemCheckResults\Valve Response Test\NS500355 2018-10-18__15_15_18\NS500355_Pump Valve Response Test_Results.xml</string>
          </TestOutputXmlPaths>
          <Items>
            <TestResultDetail>
              <Category>Reagent Valve Response</Category>
              <SubCategory>Valve A</SubCategory>
              <SubSubCategory>Position 1</SubSubCategory>
              <Test>Expected Steps</Test>
              <Result>1633</Result>
              <Pass xsi:nil="true" />
              <Time>2018-10-18T15:14:44.7454507-04:00</Time>
            </TestResultDetail>
            <TestResultDetail>
              <Category>Reagent Valve Response</Category>
              <SubCategory>Valve A</SubCategory>
              <SubSubCategory>Position 1</SubSubCategory>
              <Test>Actual Steps</Test>
              <Result>1653</Result>
              <Pass xsi:nil="true" />
              <Time>0001-01-01T00:00:00</Time>
            </TestResultDetail>
            <TestResultDetail>
              <Category>Reagent Valve Response</Category>
              <SubCategory>Valve A</SubCategory>
              <SubSubCategory>Position 1</SubSubCategory>
              <Test>Error Steps</Test>
              <ExpectedResult>&lt; 100</ExpectedResult>
              <Result>20</Result>
              <Pass>true</Pass>
              <Time>0001-01-01T00:00:00</Time>
            </TestResultDetail>
            <TestResultDetail>
              <Category>Reagent Valve Response</Category>
              <SubCategory>Valve A</SubCategory>
              <SubSubCategory>Position 2</SubSubCategory>
              <Test>Expected Steps</Test>
              <Result>204</Result>
              <Pass xsi:nil="true" />
              <Time>2018-10-18T15:14:45.4554517-04:00</Time>
            </TestResultDetail>
            <TestResultDetail>
              <Category>Reagent Valve Response</Category>
              <SubCategory>Valve A</SubCategory>
              <SubSubCategory>Position 2</SubSubCategory>
              <Test>Actual Steps</Test>
              <Result>209</Result>
              <Pass xsi:nil="true" />
              <Time>0001-01-01T00:00:00</Time>
            </TestResultDetail>
            <TestResultDetail>
              <Category>Reagent Valve Response</Category>
              <SubCategory>Valve A</SubCategory>
              <SubSubCategory>Position 2</SubSubCategory>
              <Test>Error Steps</Test>
              <ExpectedResult>&lt; 100</ExpectedResult>
              <Result>5</Result>
              <Pass>true</Pass>
              <Time>0001-01-01T00:00:00</Time>
            </TestResultDetail>
            <TestResultDetail>
              <Category>Reagent Valve Response</Category>
              <SubCategory>Valve A</SubCategory>
              <SubSubCategory>Position 3</SubSubCategory>
              <Test>Expected Steps</Test>
              <Result>204</Result>
              <Pass xsi:nil="true" />
              <Time>2018-10-18T15:14:46.1554526-04:00</Time>
            </TestResultDetail>
            <TestResultDetail>
              <Category>Reagent Valve Response</Category>
              <SubCategory>Valve A</SubCategory>
              <SubSubCategory>Position 3</SubSubCategory>
              <Test>Actual Steps</Test>
              <Result>213</Result>
              <Pass xsi:nil="true" />
              <Time>0001-01-01T00:00:00</Time>
            </TestResultDetail>
            <TestResultDetail>
              <Category>Reagent Valve Response</Category>
              <SubCategory>Valve A</SubCategory>
              <SubSubCategory>Position 3</SubSubCategory>
              <Test>Error Steps</Test>
              <ExpectedResult>&lt; 100</ExpectedResult>
              <Result>9</Result>
              <Pass>true</Pass>
              <Time>0001-01-01T00:00:00</Time>
            </TestResultDetail>
            <TestResultDetail>
              <Category>Reagent Valve Response</Category>
              <SubCategory>Valve A</SubCategory>
              <SubSubCategory>Position 4</SubSubCategory>
              <Test>Expected Steps</Test>
              <Result>204</Result>
              <Pass xsi:nil="true" />
              <Time>2018-10-18T15:14:46.8554536-04:00</Time>
            </TestResultDetail>
            <TestResultDetail>
              <Category>Reagent Valve Response</Category>
              <SubCategory>Valve A</SubCategory>
              <SubSubCategory>Position 4</SubSubCategory>
              <Test>Actual Steps</Test>
              <Result>214</Result>
              <Pass xsi:nil="true" />
              <Time>0001-01-01T00:00:00</Time>
            </TestResultDetail>
            <TestResultDetail>
              <Category>Reagent Valve Response</Category>
              <SubCategory>Valve A</SubCategory>
              <SubSubCategory>Position 4</SubSubCategory>
              <Test>Error Steps</Test>
              <ExpectedResult>&lt; 100</ExpectedResult>
              <Result>10</Result>
              <Pass>true</Pass>
              <Time>0001-01-01T00:00:00</Time>
            </TestResultDetail>
            <TestResultDetail>
              <Category>Reagent Valve Response</Category>
              <SubCategory>Valve A</SubCategory>
              <SubSubCategory>Position 5</SubSubCategory>
              <Test>Expected Steps</Test>
              <Result>204</Result>
              <Pass xsi:nil="true" />
              <Time>2018-10-18T15:14:47.5354546-04:00</Time>
            </TestResultDetail>
            <TestResultDetail>
              <Category>Reagent Valve Response</Category>
              <SubCategory>Valve A</SubCategory>
              <SubSubCategory>Position 5</SubSubCategory>
              <Test>Actual Steps</Test>
              <Result>214</Result>
              <Pass xsi:nil="true" />
              <Time>0001-01-01T00:00:00</Time>
            </TestResultDetail>
            <TestResultDetail>
              <Category>Reagent Valve Response</Category>
              <SubCategory>Valve A</SubCategory>
              <SubSubCategory>Position 5</SubSubCategory>
              <Test>Error Steps</Test>
              <ExpectedResult>&lt; 100</ExpectedResult>
              <Result>10</Result>
              <Pass>true</Pass>
              <Time>0001-01-01T00:00:00</Time>
            </TestResultDetail>
            <TestResultDetail>
              <Category>Reagent Valve Response</Category>
              <SubCategory>Valve A</SubCategory>
              <SubSubCategory>Position 6</SubSubCategory>
              <Test>Expected Steps</Test>
              <Result>204</Result>
              <Pass xsi:nil="true" />
              <Time>2018-10-18T15:14:48.2354556-04:00</Time>
            </TestResultDetail>
            <TestResultDetail>
              <Category>Reagent Valve Response</Category>
              <SubCategory>Valve A</SubCategory>
              <SubSubCategory>Position 6</SubSubCategory>
              <Test>Actual Steps</Test>
              <Result>211</Result>
              <Pass xsi:nil="true" />
              <Time>0001-01-01T00:00:00</Time>
            </TestResultDetail>
            <TestResultDetail>
              <Category>Reagent Valve Response</Category>
              <SubCategory>Valve A</SubCategory>
              <SubSubCategory>Position 6</SubSubCategory>
              <Test>Error Steps</Test>
              <ExpectedResult>&lt; 100</ExpectedResult>
              <Result>7</Result>
              <Pass>true</Pass>
              <Time>0001-01-01T00:00:00</Time>
            </TestResultDetail>
            <TestResultDetail>
              <Category>Reagent Valve Response</Category>
              <SubCategory>Valve A</SubCategory>
              <SubSubCategory>Position 7</SubSubCategory>
              <Test>Expected Steps</Test>
              <Result>204</Result>
              <Pass xsi:nil="true" />
              <Time>2018-10-18T15:14:48.9354565-04:00</Time>
            </TestResultDetail>
            <TestResultDetail>
              <Category>Reagent Valve Response</Category>
              <SubCategory>Valve A</SubCategory>
              <SubSubCategory>Position 7</SubSubCategory>
              <Test>Actual Steps</Test>
              <Result>213</Result>
              <Pass xsi:nil="true" />
              <Time>0001-01-01T00:00:00</Time>
            </TestResultDetail>
            <TestResultDetail>
              <Category>Reagent Valve Response</Category>
              <SubCategory>Valve A</SubCategory>
              <SubSubCategory>Position 7</SubSubCategory>
              <Test>Error Steps</Test>
              <ExpectedResult>&lt; 100</ExpectedResult>
              <Result>9</Result>
              <Pass>true</Pass>
              <Time>0001-01-01T00:00:00</Time>
            </TestResultDetail>
            <TestResultDetail>
              <Category>Reagent Valve Response</Category>
              <SubCategory>Valve A</SubCategory>
              <SubSubCategory>Position 8</SubSubCategory>
              <Test>Expected Steps</Test>
              <Result>204</Result>
              <Pass xsi:nil="true" />
              <Time>2018-10-18T15:14:49.6454575-04:00</Time>
            </TestResultDetail>
            <TestResultDetail>
              <Category>Reagent Valve Response</Category>
              <SubCategory>Valve A</SubCategory>
              <SubSubCategory>Position 8</SubSubCategory>
              <Test>Actual Steps</Test>
              <Result>215</Result>
              <Pass xsi:nil="true" />
              <Time>0001-01-01T00:00:00</Time>
            </TestResultDetail>
            <TestResultDetail>
              <Category>Reagent Valve Response</Category>
              <SubCategory>Valve A</SubCategory>
              <SubSubCategory>Position 8</SubSubCategory>
              <Test>Error Steps</Test>
              <ExpectedResult>&lt; 100</ExpectedResult>
              <Result>11</Result>
              <Pass>true</Pass>
              <Time>0001-01-01T00:00:00</Time>
            </TestResultDetail>
            <TestResultDetail>
              <Category>Reagent Valve Response</Category>
              <SubCategory>Valve A</SubCategory>
              <SubSubCategory>Position 9</SubSubCategory>
              <Test>Expected Steps</Test>
              <Result>204</Result>
              <Pass xsi:nil="true" />
              <Time>2018-10-18T15:14:50.3454585-04:00</Time>
            </TestResultDetail>
            <TestResultDetail>
              <Category>Reagent Valve Response</Category>
              <SubCategory>Valve A</SubCategory>
              <SubSubCategory>Position 9</SubSubCategory>
              <Test>Actual Steps</Test>
              <Result>211</Result>
              <Pass xsi:nil="true" />
              <Time>0001-01-01T00:00:00</Time>
            </TestResultDetail>
            <TestResultDetail>
              <Category>Reagent Valve Response</Category>
              <SubCategory>Valve A</SubCategory>
              <SubSubCategory>Position 9</SubSubCategory>
              <Test>Error Steps</Test>
              <ExpectedResult>&lt; 100</ExpectedResult>
              <Result>7</Result>
              <Pass>true</Pass>
              <Time>0001-01-01T00:00:00</Time>
            </TestResultDetail>
            <TestResultDetail>
              <Category>Reagent Valve Response</Category>
              <SubCategory>Valve A</SubCategory>
              <SubSubCategory>Position 10</SubSubCategory>
              <Test>Expected Steps</Test>
              <Result>204</Result>
              <Pass xsi:nil="true" />
              <Time>2018-10-18T15:14:51.0454595-04:00</Time>
            </TestResultDetail>
            <TestResultDetail>
              <Category>Reagent Valve Response</Category>
              <SubCategory>Valve A</SubCategory>
              <SubSubCategory>Position 10</SubSubCategory>
              <Test>Actual Steps</Test>
              <Result>209</Result>
              <Pass xsi:nil="true" />
              <Time>0001-01-01T00:00:00</Time>
            </TestResultDetail>
            <TestResultDetail>
              <Category>Reagent Valve Response</Category>
              <SubCategory>Valve A</SubCategory>
              <SubSubCategory>Position 10</SubSubCategory>
              <Test>Error Steps</Test>
              <ExpectedResult>&lt; 100</ExpectedResult>
              <Result>5</Result>
              <Pass>true</Pass>
              <Time>0001-01-01T00:00:00</Time>
            </TestResultDetail>
            <TestResultDetail>
              <Category>Reagent Valve Response</Category>
              <SubCategory>Valve A</SubCategory>
              <SubSubCategory>Position 11</SubSubCategory>
              <Test>Expected Steps</Test>
              <Result>204</Result>
              <Pass xsi:nil="true" />
              <Time>2018-10-18T15:14:51.7454605-04:00</Time>
            </TestResultDetail>
            <TestResultDetail>
              <Category>Reagent Valve Response</Category>
              <SubCategory>Valve A</SubCategory>
              <SubSubCategory>Position 11</SubSubCategory>
              <Test>Actual Steps</Test>
              <Result>213</Result>
              <Pass xsi:nil="true" />
              <Time>0001-01-01T00:00:00</Time>
            </TestResultDetail>
            <TestResultDetail>
              <Category>Reagent Valve Response</Category>
              <SubCategory>Valve A</SubCategory>
              <SubSubCategory>Position 11</SubSubCategory>
              <Test>Error Steps</Test>
              <ExpectedResult>&lt; 100</ExpectedResult>
              <Result>9</Result>
              <Pass>true</Pass>
              <Time>0001-01-01T00:00:00</Time>
            </TestResultDetail>
            <TestResultDetail>
              <Category>Reagent Valve Response</Category>
              <SubCategory>Valve A</SubCategory>
              <SubSubCategory>Position 12</SubSubCategory>
              <Test>Expected Steps</Test>
              <Result>204</Result>
              <Pass xsi:nil="true" />
              <Time>2018-10-18T15:14:52.4454615-04:00</Time>
            </TestResultDetail>
            <TestResultDetail>
              <Category>Reagent Valve Response</Category>
              <SubCategory>Valve A</SubCategory>
              <SubSubCategory>Position 12</SubSubCategory>
              <Test>Actual Steps</Test>
              <Result>214</Result>
              <Pass xsi:nil="true" />
              <Time>0001-01-01T00:00:00</Time>
            </TestResultDetail>
            <TestResultDetail>
              <Category>Reagent Valve Response</Category>
              <SubCategory>Valve A</SubCategory>
              <SubSubCategory>Position 12</SubSubCategory>
              <Test>Error Steps</Test>
              <ExpectedResult>&lt; 100</ExpectedResult>
              <Result>10</Result>
              <Pass>true</Pass>
              <Time>0001-01-01T00:00:00</Time>
            </TestResultDetail>
            <TestResultDetail>
              <Category>Reagent Valve Response</Category>
              <SubCategory>Valve A</SubCategory>
              <SubSubCategory>Position 13</SubSubCategory>
              <Test>Expected Steps</Test>
              <Result>204</Result>
              <Pass xsi:nil="true" />
              <Time>2018-10-18T15:14:53.1454624-04:00</Time>
            </TestResultDetail>
            <TestResultDetail>
              <Category>Reagent Valve Response</Category>
              <SubCategory>Valve A</SubCategory>
              <SubSubCategory>Position 13</SubSubCategory>
              <Test>Actual Steps</Test>
              <Result>212</Result>
              <Pass xsi:nil="true" />
              <Time>0001-01-01T00:00:00</Time>
            </TestResultDetail>
            <TestResultDetail>
              <Category>Reagent Valve Response</Category>
              <SubCategory>Valve A</SubCategory>
              <SubSubCategory>Position 13</SubSubCategory>
              <Test>Error Steps</Test>
              <ExpectedResult>&lt; 100</ExpectedResult>
              <Result>8</Result>
              <Pass>true</Pass>
              <Time>0001-01-01T00:00:00</Time>
            </TestResultDetail>
            <TestResultDetail>
              <Category>Reagent Valve Response</Category>
              <SubCategory>Valve A</SubCategory>
              <SubSubCategory>Position 14</SubSubCategory>
              <Test>Expected Steps</Test>
              <Result>204</Result>
              <Pass xsi:nil="true" />
              <Time>2018-10-18T15:14:53.8454634-04:00</Time>
            </TestResultDetail>
            <TestResultDetail>
              <Category>Reagent Valve Response</Category>
              <SubCategory>Valve A</SubCategory>
              <SubSubCategory>Position 14</SubSubCategory>
              <Test>Actual Steps</Test>
              <Result>210</Result>
              <Pass xsi:nil="true" />
              <Time>0001-01-01T00:00:00</Time>
            </TestResultDetail>
            <TestResultDetail>
              <Category>Reagent Valve Response</Category>
              <SubCategory>Valve A</SubCategory>
              <SubSubCategory>Position 14</SubSubCategory>
              <Test>Error Steps</Test>
              <ExpectedResult>&lt; 100</ExpectedResult>
              <Result>6</Result>
              <Pass>true</Pass>
              <Time>0001-01-01T00:00:00</Time>
            </TestResultDetail>
            <TestResultDetail>
              <Category>Reagent Valve Response</Category>
              <SubCategory>Valve A</SubCategory>
              <SubSubCategory>Position 15</SubSubCategory>
              <Test>Expected Steps</Test>
              <Result>204</Result>
              <Pass xsi:nil="true" />
              <Time>2018-10-18T15:14:54.5554644-04:00</Time>
            </TestResultDetail>
            <TestResultDetail>
              <Category>Reagent Valve Response</Category>
              <SubCategory>Valve A</SubCategory>
              <SubSubCategory>Position 15</SubSubCategory>
              <Test>Actual Steps</Test>
              <Result>212</Result>
              <Pass xsi:nil="true" />
              <Time>0001-01-01T00:00:00</Time>
            </TestResultDetail>
            <TestResultDetail>
              <Category>Reagent Valve Response</Category>
              <SubCategory>Valve A</SubCategory>
              <SubSubCategory>Position 15</SubSubCategory>
              <Test>Error Steps</Test>
              <ExpectedResult>&lt; 100</ExpectedResult>
              <Result>8</Result>
              <Pass>true</Pass>
              <Time>0001-01-01T00:00:00</Time>
            </TestResultDetail>
            <TestResultDetail>
              <Category>Reagent Valve Response</Category>
              <SubCategory>Valve A</SubCategory>
              <SubSubCategory>Position 16</SubSubCategory>
              <Test>Expected Steps</Test>
              <Result>204</Result>
              <Pass xsi:nil="true" />
              <Time>2018-10-18T15:14:55.2454654-04:00</Time>
            </TestResultDetail>
            <TestResultDetail>
              <Category>Reagent Valve Response</Category>
              <SubCategory>Valve A</SubCategory>
              <SubSubCategory>Position 16</SubSubCategory>
              <Test>Actual Steps</Test>
              <Result>212</Result>
              <Pass xsi:nil="true" />
              <Time>0001-01-01T00:00:00</Time>
            </TestResultDetail>
            <TestResultDetail>
              <Category>Reagent Valve Response</Category>
              <SubCategory>Valve A</SubCategory>
              <SubSubCategory>Position 16</SubSubCategory>
              <Test>Error Steps</Test>
              <ExpectedResult>&lt; 100</ExpectedResult>
              <Result>8</Result>
              <Pass>true</Pass>
              <Time>0001-01-01T00:00:00</Time>
            </TestResultDetail>
            <TestResultDetail>
              <Category>Reagent Valve Response</Category>
              <SubCategory>Valve A</SubCategory>
              <SubSubCategory>Position 17</SubSubCategory>
              <Test>Expected Steps</Test>
              <Result>204</Result>
              <Pass xsi:nil="true" />
              <Time>2018-10-18T15:14:55.9454664-04:00</Time>
            </TestResultDetail>
            <TestResultDetail>
              <Category>Reagent Valve Response</Category>
              <SubCategory>Valve A</SubCategory>
              <SubSubCategory>Position 17</SubSubCategory>
              <Test>Actual Steps</Test>
              <Result>211</Result>
              <Pass xsi:nil="true" />
              <Time>0001-01-01T00:00:00</Time>
            </TestResultDetail>
            <TestResultDetail>
              <Category>Reagent Valve Response</Category>
              <SubCategory>Valve A</SubCategory>
              <SubSubCategory>Position 17</SubSubCategory>
              <Test>Error Steps</Test>
              <ExpectedResult>&lt; 100</ExpectedResult>
              <Result>7</Result>
              <Pass>true</Pass>
              <Time>0001-01-01T00:00:00</Time>
            </TestResultDetail>
            <TestResultDetail>
              <Category>Reagent Valve Response</Category>
              <SubCategory>Valve A</SubCategory>
              <SubSubCategory>Position 18</SubSubCategory>
              <Test>Expected Steps</Test>
              <Result>204</Result>
              <Pass xsi:nil="true" />
              <Time>2018-10-18T15:14:56.6254673-04:00</Time>
            </TestResultDetail>
            <TestResultDetail>
              <Category>Reagent Valve Response</Category>
              <SubCategory>Valve A</SubCategory>
              <SubSubCategory>Position 18</SubSubCategory>
              <Test>Actual Steps</Test>
              <Result>211</Result>
              <Pass xsi:nil="true" />
              <Time>0001-01-01T00:00:00</Time>
            </TestResultDetail>
            <TestResultDetail>
              <Category>Reagent Valve Response</Category>
              <SubCategory>Valve A</SubCategory>
              <SubSubCategory>Position 18</SubSubCategory>
              <Test>Error Steps</Test>
              <ExpectedResult>&lt; 100</ExpectedResult>
              <Result>7</Result>
              <Pass>true</Pass>
              <Time>0001-01-01T00:00:00</Time>
            </TestResultDetail>
            <TestResultDetail>
              <Category>Reagent Valve Response</Category>
              <SubCategory>Valve A</SubCategory>
              <SubSubCategory>Position 19</SubSubCategory>
              <Test>Expected Steps</Test>
              <Result>204</Result>
              <Pass xsi:nil="true" />
              <Time>2018-10-18T15:14:57.3254683-04:00</Time>
            </TestResultDetail>
            <TestResultDetail>
              <Category>Reagent Valve Response</Category>
              <SubCategory>Valve A</SubCategory>
              <SubSubCategory>Position 19</SubSubCategory>
              <Test>Actual Steps</Test>
              <Result>214</Result>
              <Pass xsi:nil="true" />
              <Time>0001-01-01T00:00:00</Time>
            </TestResultDetail>
            <TestResultDetail>
              <Category>Reagent Valve Response</Category>
              <SubCategory>Valve A</SubCategory>
              <SubSubCategory>Position 19</SubSubCategory>
              <Test>Error Steps</Test>
              <ExpectedResult>&lt; 100</ExpectedResult>
              <Result>10</Result>
              <Pass>true</Pass>
              <Time>0001-01-01T00:00:00</Time>
            </TestResultDetail>
            <TestResultDetail>
              <Category>Reagent Valve Response</Category>
              <SubCategory>Valve A</SubCategory>
              <SubSubCategory>Position 20</SubSubCategory>
              <Test>Expected Steps</Test>
              <Result>204</Result>
              <Pass xsi:nil="true" />
              <Time>2018-10-18T15:14:58.0254693-04:00</Time>
            </TestResultDetail>
            <TestResultDetail>
              <Category>Reagent Valve Response</Category>
              <SubCategory>Valve A</SubCategory>
              <SubSubCategory>Position 20</SubSubCategory>
              <Test>Actual Steps</Test>
              <Result>213</Result>
              <Pass xsi:nil="true" />
              <Time>0001-01-01T00:00:00</Time>
            </TestResultDetail>
            <TestResultDetail>
              <Category>Reagent Valve Response</Category>
              <SubCategory>Valve A</SubCategory>
              <SubSubCategory>Position 20</SubSubCategory>
              <Test>Error Steps</Test>
              <ExpectedResult>&lt; 100</ExpectedResult>
              <Result>9</Result>
              <Pass>true</Pass>
              <Time>0001-01-01T00:00:00</Time>
            </TestResultDetail>
            <TestResultDetail>
              <Category>Reagent Valve Response</Category>
              <SubCategory>Valve A</SubCategory>
              <SubSubCategory>Position 21</SubSubCategory>
              <Test>Expected Steps</Test>
              <Result>204</Result>
              <Pass xsi:nil="true" />
              <Time>2018-10-18T15:14:58.7554703-04:00</Time>
            </TestResultDetail>
            <TestResultDetail>
              <Category>Reagent Valve Response</Category>
              <SubCategory>Valve A</SubCategory>
              <SubSubCategory>Position 21</SubSubCategory>
              <Test>Actual Steps</Test>
              <Result>212</Result>
              <Pass xsi:nil="true" />
              <Time>0001-01-01T00:00:00</Time>
            </TestResultDetail>
            <TestResultDetail>
              <Category>Reagent Valve Response</Category>
              <SubCategory>Valve A</SubCategory>
              <SubSubCategory>Position 21</SubSubCategory>
              <Test>Error Steps</Test>
              <ExpectedResult>&lt; 100</ExpectedResult>
              <Result>8</Result>
              <Pass>true</Pass>
              <Time>0001-01-01T00:00:00</Time>
            </TestResultDetail>
            <TestResultDetail>
              <Category>Reagent Valve Response</Category>
              <SubCategory>Valve A</SubCategory>
              <SubSubCategory>Position 22</SubSubCategory>
              <Test>Expected Steps</Test>
              <Result>204</Result>
              <Pass xsi:nil="true" />
              <Time>2018-10-18T15:14:59.4554713-04:00</Time>
            </TestResultDetail>
            <TestResultDetail>
              <Category>Reagent Valve Response</Category>
              <SubCategory>Valve A</SubCategory>
              <SubSubCategory>Position 22</SubSubCategory>
              <Test>Actual Steps</Test>
              <Result>211</Result>
              <Pass xsi:nil="true" />
              <Time>0001-01-01T00:00:00</Time>
            </TestResultDetail>
            <TestResultDetail>
              <Category>Reagent Valve Response</Category>
              <SubCategory>Valve A</SubCategory>
              <SubSubCategory>Position 22</SubSubCategory>
              <Test>Error Steps</Test>
              <ExpectedResult>&lt; 100</ExpectedResult>
              <Result>7</Result>
              <Pass>true</Pass>
              <Time>0001-01-01T00:00:00</Time>
            </TestResultDetail>
            <TestResultDetail>
              <Category>Reagent Valve Response</Category>
              <SubCategory>Valve A</SubCategory>
              <SubSubCategory>Position 23</SubSubCategory>
              <Test>Expected Steps</Test>
              <Result>204</Result>
              <Pass xsi:nil="true" />
              <Time>2018-10-18T15:15:00.1554722-04:00</Time>
            </TestResultDetail>
            <TestResultDetail>
              <Category>Reagent Valve Response</Category>
              <SubCategory>Valve A</SubCategory>
              <SubSubCategory>Position 23</SubSubCategory>
              <Test>Actual Steps</Test>
              <Result>212</Result>
              <Pass xsi:nil="true" />
              <Time>0001-01-01T00:00:00</Time>
            </TestResultDetail>
            <TestResultDetail>
              <Category>Reagent Valve Response</Category>
              <SubCategory>Valve A</SubCategory>
              <SubSubCategory>Position 23</SubSubCategory>
              <Test>Error Steps</Test>
              <ExpectedResult>&lt; 100</ExpectedResult>
              <Result>8</Result>
              <Pass>true</Pass>
              <Time>0001-01-01T00:00:00</Time>
            </TestResultDetail>
            <TestResultDetail>
              <Category>Reagent Valve Response</Category>
              <SubCategory>Valve A</SubCategory>
              <SubSubCategory>Position 24</SubSubCategory>
              <Test>Expected Steps</Test>
              <Result>204</Result>
              <Pass xsi:nil="true" />
              <Time>2018-10-18T15:15:00.8554732-04:00</Time>
            </TestResultDetail>
            <TestResultDetail>
              <Category>Reagent Valve Response</Category>
              <SubCategory>Valve A</SubCategory>
              <SubSubCategory>Position 24</SubSubCategory>
              <Test>Actual Steps</Test>
              <Result>213</Result>
              <Pass xsi:nil="true" />
              <Time>0001-01-01T00:00:00</Time>
            </TestResultDetail>
            <TestResultDetail>
              <Category>Reagent Valve Response</Category>
              <SubCategory>Valve A</SubCategory>
              <SubSubCategory>Position 24</SubSubCategory>
              <Test>Error Steps</Test>
              <ExpectedResult>&lt; 100</ExpectedResult>
              <Result>9</Result>
              <Pass>true</Pass>
              <Time>0001-01-01T00:00:00</Time>
            </TestResultDetail>
            <TestResultDetail>
              <Category>Reagent Valve Response</Category>
              <SubCategory>Valve B</SubCategory>
              <SubSubCategory>Position 1</SubSubCategory>
              <Test>Expected Steps</Test>
              <Result>2450</Result>
              <Pass xsi:nil="true" />
              <Time>2018-10-18T15:15:02.4054754-04:00</Time>
            </TestResultDetail>
            <TestResultDetail>
              <Category>Reagent Valve Response</Category>
              <SubCategory>Valve B</SubCategory>
              <SubSubCategory>Position 1</SubSubCategory>
              <Test>Actual Steps</Test>
              <Result>2475</Result>
              <Pass xsi:nil="true" />
              <Time>0001-01-01T00:00:00</Time>
            </TestResultDetail>
            <TestResultDetail>
              <Category>Reagent Valve Response</Category>
              <SubCategory>Valve B</SubCategory>
              <SubSubCategory>Position 1</SubSubCategory>
              <Test>Error Steps</Test>
              <ExpectedResult>&lt; 100</ExpectedResult>
              <Result>25</Result>
              <Pass>true</Pass>
              <Time>0001-01-01T00:00:00</Time>
            </TestResultDetail>
            <TestResultDetail>
              <Category>Reagent Valve Response</Category>
              <SubCategory>Valve B</SubCategory>
              <SubSubCategory>Position 2</SubSubCategory>
              <Test>Expected Steps</Test>
              <Result>204</Result>
              <Pass xsi:nil="true" />
              <Time>2018-10-18T15:15:03.1254764-04:00</Time>
            </TestResultDetail>
            <TestResultDetail>
              <Category>Reagent Valve Response</Category>
              <SubCategory>Valve B</SubCategory>
              <SubSubCategory>Position 2</SubSubCategory>
              <Test>Actual Steps</Test>
              <Result>230</Result>
              <Pass xsi:nil="true" />
              <Time>0001-01-01T00:00:00</Time>
            </TestResultDetail>
            <TestResultDetail>
              <Category>Reagent Valve Response</Category>
              <SubCategory>Valve B</SubCategory>
              <SubSubCategory>Position 2</SubSubCategory>
              <Test>Error Steps</Test>
              <ExpectedResult>&lt; 100</ExpectedResult>
              <Result>26</Result>
              <Pass>true</Pass>
              <Time>0001-01-01T00:00:00</Time>
            </TestResultDetail>
            <TestResultDetail>
              <Category>Reagent Valve Response</Category>
              <SubCategory>Valve B</SubCategory>
              <SubSubCategory>Position 3</SubSubCategory>
              <Test>Expected Steps</Test>
              <Result>204</Result>
              <Pass xsi:nil="true" />
              <Time>2018-10-18T15:15:03.8554774-04:00</Time>
            </TestResultDetail>
            <TestResultDetail>
              <Category>Reagent Valve Response</Category>
              <SubCategory>Valve B</SubCategory>
              <SubSubCategory>Position 3</SubSubCategory>
              <Test>Actual Steps</Test>
              <Result>214</Result>
              <Pass xsi:nil="true" />
              <Time>0001-01-01T00:00:00</Time>
            </TestResultDetail>
            <TestResultDetail>
              <Category>Reagent Valve Response</Category>
              <SubCategory>Valve B</SubCategory>
              <SubSubCategory>Position 3</SubSubCategory>
              <Test>Error Steps</Test>
              <ExpectedResult>&lt; 100</ExpectedResult>
              <Result>10</Result>
              <Pass>true</Pass>
              <Time>0001-01-01T00:00:00</Time>
            </TestResultDetail>
            <TestResultDetail>
              <Category>Reagent Valve Response</Category>
              <SubCategory>Valve B</SubCategory>
              <SubSubCategory>Position 4</SubSubCategory>
              <Test>Expected Steps</Test>
              <Result>204</Result>
              <Pass xsi:nil="true" />
              <Time>2018-10-18T15:15:04.5554784-04:00</Time>
            </TestResultDetail>
            <TestResultDetail>
              <Category>Reagent Valve Response</Category>
              <SubCategory>Valve B</SubCategory>
              <SubSubCategory>Position 4</SubSubCategory>
              <Test>Actual Steps</Test>
              <Result>212</Result>
              <Pass xsi:nil="true" />
              <Time>0001-01-01T00:00:00</Time>
            </TestResultDetail>
            <TestResultDetail>
              <Category>Reagent Valve Response</Category>
              <SubCategory>Valve B</SubCategory>
              <SubSubCategory>Position 4</SubSubCategory>
              <Test>Error Steps</Test>
              <ExpectedResult>&lt; 100</ExpectedResult>
              <Result>8</Result>
              <Pass>true</Pass>
              <Time>0001-01-01T00:00:00</Time>
            </TestResultDetail>
            <TestResultDetail>
              <Category>Reagent Valve Response</Category>
              <SubCategory>Valve B</SubCategory>
              <SubSubCategory>Position 5</SubSubCategory>
              <Test>Expected Steps</Test>
              <Result>204</Result>
              <Pass xsi:nil="true" />
              <Time>2018-10-18T15:15:05.2554794-04:00</Time>
            </TestResultDetail>
            <TestResultDetail>
              <Category>Reagent Valve Response</Category>
              <SubCategory>Valve B</SubCategory>
              <SubSubCategory>Position 5</SubSubCategory>
              <Test>Actual Steps</Test>
              <Result>214</Result>
              <Pass xsi:nil="true" />
              <Time>0001-01-01T00:00:00</Time>
            </TestResultDetail>
            <TestResultDetail>
              <Category>Reagent Valve Response</Category>
              <SubCategory>Valve B</SubCategory>
              <SubSubCategory>Position 5</SubSubCategory>
              <Test>Error Steps</Test>
              <ExpectedResult>&lt; 100</ExpectedResult>
              <Result>10</Result>
              <Pass>true</Pass>
              <Time>0001-01-01T00:00:00</Time>
            </TestResultDetail>
            <TestResultDetail>
              <Category>Reagent Valve Response</Category>
              <SubCategory>Valve B</SubCategory>
              <SubSubCategory>Position 6</SubSubCategory>
              <Test>Expected Steps</Test>
              <Result>204</Result>
              <Pass xsi:nil="true" />
              <Time>2018-10-18T15:15:05.9554804-04:00</Time>
            </TestResultDetail>
            <TestResultDetail>
              <Category>Reagent Valve Response</Category>
              <SubCategory>Valve B</SubCategory>
              <SubSubCategory>Position 6</SubSubCategory>
              <Test>Actual Steps</Test>
              <Result>211</Result>
              <Pass xsi:nil="true" />
              <Time>0001-01-01T00:00:00</Time>
            </TestResultDetail>
            <TestResultDetail>
              <Category>Reagent Valve Response</Category>
              <SubCategory>Valve B</SubCategory>
              <SubSubCategory>Position 6</SubSubCategory>
              <Test>Error Steps</Test>
              <ExpectedResult>&lt; 100</ExpectedResult>
              <Result>7</Result>
              <Pass>true</Pass>
              <Time>0001-01-01T00:00:00</Time>
            </TestResultDetail>
            <TestResultDetail>
              <Category>Reagent Valve Response</Category>
              <SubCategory>Valve B</SubCategory>
              <SubSubCategory>Position 7</SubSubCategory>
              <Test>Expected Steps</Test>
              <Result>204</Result>
              <Pass xsi:nil="true" />
              <Time>2018-10-18T15:15:06.6854814-04:00</Time>
            </TestResultDetail>
            <TestResultDetail>
              <Category>Reagent Valve Response</Category>
              <SubCategory>Valve B</SubCategory>
              <SubSubCategory>Position 7</SubSubCategory>
              <Test>Actual Steps</Test>
              <Result>203</Result>
              <Pass xsi:nil="true" />
              <Time>0001-01-01T00:00:00</Time>
            </TestResultDetail>
            <TestResultDetail>
              <Category>Reagent Valve Response</Category>
              <SubCategory>Valve B</SubCategory>
              <SubSubCategory>Position 7</SubSubCategory>
              <Test>Error Steps</Test>
              <ExpectedResult>&lt; 100</ExpectedResult>
              <Result>-1</Result>
              <Pass>true</Pass>
              <Time>0001-01-01T00:00:00</Time>
            </TestResultDetail>
            <TestResultDetail>
              <Category>Reagent Valve Response</Category>
              <SubCategory>Valve B</SubCategory>
              <SubSubCategory>Position 8</SubSubCategory>
              <Test>Expected Steps</Test>
              <Result>204</Result>
              <Pass xsi:nil="true" />
              <Time>2018-10-18T15:15:07.3954824-04:00</Time>
            </TestResultDetail>
            <TestResultDetail>
              <Category>Reagent Valve Response</Category>
              <SubCategory>Valve B</SubCategory>
              <SubSubCategory>Position 8</SubSubCategory>
              <Test>Actual Steps</Test>
              <Result>215</Result>
              <Pass xsi:nil="true" />
              <Time>0001-01-01T00:00:00</Time>
            </TestResultDetail>
            <TestResultDetail>
              <Category>Reagent Valve Response</Category>
              <SubCategory>Valve B</SubCategory>
              <SubSubCategory>Position 8</SubSubCategory>
              <Test>Error Steps</Test>
              <ExpectedResult>&lt; 100</ExpectedResult>
              <Result>11</Result>
              <Pass>true</Pass>
              <Time>0001-01-01T00:00:00</Time>
            </TestResultDetail>
            <TestResultDetail>
              <Category>Reagent Valve Response</Category>
              <SubCategory>Valve B</SubCategory>
              <SubSubCategory>Position 9</SubSubCategory>
              <Test>Expected Steps</Test>
              <Result>204</Result>
              <Pass xsi:nil="true" />
              <Time>2018-10-18T15:15:08.1054834-04:00</Time>
            </TestResultDetail>
            <TestResultDetail>
              <Category>Reagent Valve Response</Category>
              <SubCategory>Valve B</SubCategory>
              <SubSubCategory>Position 9</SubSubCategory>
              <Test>Actual Steps</Test>
              <Result>212</Result>
              <Pass xsi:nil="true" />
              <Time>0001-01-01T00:00:00</Time>
            </TestResultDetail>
            <TestResultDetail>
              <Category>Reagent Valve Response</Category>
              <SubCategory>Valve B</SubCategory>
              <SubSubCategory>Position 9</SubSubCategory>
              <Test>Error Steps</Test>
              <ExpectedResult>&lt; 100</ExpectedResult>
              <Result>8</Result>
              <Pass>true</Pass>
              <Time>0001-01-01T00:00:00</Time>
            </TestResultDetail>
            <TestResultDetail>
              <Category>Reagent Valve Response</Category>
              <SubCategory>Valve B</SubCategory>
              <SubSubCategory>Position 10</SubSubCategory>
              <Test>Expected Steps</Test>
              <Result>204</Result>
              <Pass xsi:nil="true" />
              <Time>2018-10-18T15:15:08.8054844-04:00</Time>
            </TestResultDetail>
            <TestResultDetail>
              <Category>Reagent Valve Response</Category>
              <SubCategory>Valve B</SubCategory>
              <SubSubCategory>Position 10</SubSubCategory>
              <Test>Actual Steps</Test>
              <Result>210</Result>
              <Pass xsi:nil="true" />
              <Time>0001-01-01T00:00:00</Time>
            </TestResultDetail>
            <TestResultDetail>
              <Category>Reagent Valve Response</Category>
              <SubCategory>Valve B</SubCategory>
              <SubSubCategory>Position 10</SubSubCategory>
              <Test>Error Steps</Test>
              <ExpectedResult>&lt; 100</ExpectedResult>
              <Result>6</Result>
              <Pass>true</Pass>
              <Time>0001-01-01T00:00:00</Time>
            </TestResultDetail>
            <TestResultDetail>
              <Category>Reagent Valve Response</Category>
              <SubCategory>Valve B</SubCategory>
              <SubSubCategory>Position 11</SubSubCategory>
              <Test>Expected Steps</Test>
              <Result>204</Result>
              <Pass xsi:nil="true" />
              <Time>2018-10-18T15:15:09.5054853-04:00</Time>
            </TestResultDetail>
            <TestResultDetail>
              <Category>Reagent Valve Response</Category>
              <SubCategory>Valve B</SubCategory>
              <SubSubCategory>Position 11</SubSubCategory>
              <Test>Actual Steps</Test>
              <Result>211</Result>
              <Pass xsi:nil="true" />
              <Time>0001-01-01T00:00:00</Time>
            </TestResultDetail>
            <TestResultDetail>
              <Category>Reagent Valve Response</Category>
              <SubCategory>Valve B</SubCategory>
              <SubSubCategory>Position 11</SubSubCategory>
              <Test>Error Steps</Test>
              <ExpectedResult>&lt; 100</ExpectedResult>
              <Result>7</Result>
              <Pass>true</Pass>
              <Time>0001-01-01T00:00:00</Time>
            </TestResultDetail>
            <TestResultDetail>
              <Category>Reagent Valve Response</Category>
              <SubCategory>Valve B</SubCategory>
              <SubSubCategory>Position 12</SubSubCategory>
              <Test>Expected Steps</Test>
              <Result>204</Result>
              <Pass xsi:nil="true" />
              <Time>2018-10-18T15:15:10.1854863-04:00</Time>
            </TestResultDetail>
            <TestResultDetail>
              <Category>Reagent Valve Response</Category>
              <SubCategory>Valve B</SubCategory>
              <SubSubCategory>Position 12</SubSubCategory>
              <Test>Actual Steps</Test>
              <Result>211</Result>
              <Pass xsi:nil="true" />
              <Time>0001-01-01T00:00:00</Time>
            </TestResultDetail>
            <TestResultDetail>
              <Category>Reagent Valve Response</Category>
              <SubCategory>Valve B</SubCategory>
              <SubSubCategory>Position 12</SubSubCategory>
              <Test>Error Steps</Test>
              <ExpectedResult>&lt; 100</ExpectedResult>
              <Result>7</Result>
              <Pass>true</Pass>
              <Time>0001-01-01T00:00:00</Time>
            </TestResultDetail>
            <TestResultDetail>
              <Category>Reagent Valve Response</Category>
              <SubCategory>Valve B</SubCategory>
              <SubSubCategory>Position 13</SubSubCategory>
              <Test>Expected Steps</Test>
              <Result>204</Result>
              <Pass xsi:nil="true" />
              <Time>2018-10-18T15:15:10.8854873-04:00</Time>
            </TestResultDetail>
            <TestResultDetail>
              <Category>Reagent Valve Response</Category>
              <SubCategory>Valve B</SubCategory>
              <SubSubCategory>Position 13</SubSubCategory>
              <Test>Actual Steps</Test>
              <Result>204</Result>
              <Pass xsi:nil="true" />
              <Time>0001-01-01T00:00:00</Time>
            </TestResultDetail>
            <TestResultDetail>
              <Category>Reagent Valve Response</Category>
              <SubCategory>Valve B</SubCategory>
              <SubSubCategory>Position 13</SubSubCategory>
              <Test>Error Steps</Test>
              <ExpectedResult>&lt; 100</ExpectedResult>
              <Result>0</Result>
              <Pass>true</Pass>
              <Time>0001-01-01T00:00:00</Time>
            </TestResultDetail>
            <TestResultDetail>
              <Category>Reagent Valve Response</Category>
              <SubCategory>Valve B</SubCategory>
              <SubSubCategory>Position 14</SubSubCategory>
              <Test>Expected Steps</Test>
              <Result>204</Result>
              <Pass xsi:nil="true" />
              <Time>2018-10-18T15:15:11.5754882-04:00</Time>
            </TestResultDetail>
            <TestResultDetail>
              <Category>Reagent Valve Response</Category>
              <SubCategory>Valve B</SubCategory>
              <SubSubCategory>Position 14</SubSubCategory>
              <Test>Actual Steps</Test>
              <Result>199</Result>
              <Pass xsi:nil="true" />
              <Time>0001-01-01T00:00:00</Time>
            </TestResultDetail>
            <TestResultDetail>
              <Category>Reagent Valve Response</Category>
              <SubCategory>Valve B</SubCategory>
              <SubSubCategory>Position 14</SubSubCategory>
              <Test>Error Steps</Test>
              <ExpectedResult>&lt; 100</ExpectedResult>
              <Result>-5</Result>
              <Pass>true</Pass>
              <Time>0001-01-01T00:00:00</Time>
            </TestResultDetail>
            <TestResultDetail>
              <Category>Reagent Valve Response</Category>
              <SubCategory>Valve B</SubCategory>
              <SubSubCategory>Position 15</SubSubCategory>
              <Test>Expected Steps</Test>
              <Result>204</Result>
              <Pass xsi:nil="true" />
              <Time>2018-10-18T15:15:12.2754892-04:00</Time>
            </TestResultDetail>
            <TestResultDetail>
              <Category>Reagent Valve Response</Category>
              <SubCategory>Valve B</SubCategory>
              <SubSubCategory>Position 15</SubSubCategory>
              <Test>Actual Steps</Test>
              <Result>205</Result>
              <Pass xsi:nil="true" />
              <Time>0001-01-01T00:00:00</Time>
            </TestResultDetail>
            <TestResultDetail>
              <Category>Reagent Valve Response</Category>
              <SubCategory>Valve B</SubCategory>
              <SubSubCategory>Position 15</SubSubCategory>
              <Test>Error Steps</Test>
              <ExpectedResult>&lt; 100</ExpectedResult>
              <Result>1</Result>
              <Pass>true</Pass>
              <Time>0001-01-01T00:00:00</Time>
            </TestResultDetail>
            <TestResultDetail>
              <Category>Reagent Valve Response</Category>
              <SubCategory>Valve B</SubCategory>
              <SubSubCategory>Position 16</SubSubCategory>
              <Test>Expected Steps</Test>
              <Result>204</Result>
              <Pass xsi:nil="true" />
              <Time>2018-10-18T15:15:12.9854902-04:00</Time>
            </TestResultDetail>
            <TestResultDetail>
              <Category>Reagent Valve Response</Category>
              <SubCategory>Valve B</SubCategory>
              <SubSubCategory>Position 16</SubSubCategory>
              <Test>Actual Steps</Test>
              <Result>214</Result>
              <Pass xsi:nil="true" />
              <Time>0001-01-01T00:00:00</Time>
            </TestResultDetail>
            <TestResultDetail>
              <Category>Reagent Valve Response</Category>
              <SubCategory>Valve B</SubCategory>
              <SubSubCategory>Position 16</SubSubCategory>
              <Test>Error Steps</Test>
              <ExpectedResult>&lt; 100</ExpectedResult>
              <Result>10</Result>
              <Pass>true</Pass>
              <Time>0001-01-01T00:00:00</Time>
            </TestResultDetail>
            <TestResultDetail>
              <Category>Reagent Valve Response</Category>
              <SubCategory>Valve B</SubCategory>
              <SubSubCategory>Position 17</SubSubCategory>
              <Test>Expected Steps</Test>
              <Result>204</Result>
              <Pass xsi:nil="true" />
              <Time>2018-10-18T15:15:13.7254912-04:00</Time>
            </TestResultDetail>
            <TestResultDetail>
              <Category>Reagent Valve Response</Category>
              <SubCategory>Valve B</SubCategory>
              <SubSubCategory>Position 17</SubSubCategory>
              <Test>Actual Steps</Test>
              <Result>211</Result>
              <Pass xsi:nil="true" />
              <Time>0001-01-01T00:00:00</Time>
            </TestResultDetail>
            <TestResultDetail>
              <Category>Reagent Valve Response</Category>
              <SubCategory>Valve B</SubCategory>
              <SubSubCategory>Position 17</SubSubCategory>
              <Test>Error Steps</Test>
              <ExpectedResult>&lt; 100</ExpectedResult>
              <Result>7</Result>
              <Pass>true</Pass>
              <Time>0001-01-01T00:00:00</Time>
            </TestResultDetail>
            <TestResultDetail>
              <Category>Reagent Valve Response</Category>
              <SubCategory>Valve B</SubCategory>
              <SubSubCategory>Position 18</SubSubCategory>
              <Test>Expected Steps</Test>
              <Result>204</Result>
              <Pass xsi:nil="true" />
              <Time>2018-10-18T15:15:14.4354922-04:00</Time>
            </TestResultDetail>
            <TestResultDetail>
              <Category>Reagent Valve Response</Category>
              <SubCategory>Valve B</SubCategory>
              <SubSubCategory>Position 18</SubSubCategory>
              <Test>Actual Steps</Test>
              <Result>210</Result>
              <Pass xsi:nil="true" />
              <Time>0001-01-01T00:00:00</Time>
            </TestResultDetail>
            <TestResultDetail>
              <Category>Reagent Valve Response</Category>
              <SubCategory>Valve B</SubCategory>
              <SubSubCategory>Position 18</SubSubCategory>
              <Test>Error Steps</Test>
              <ExpectedResult>&lt; 100</ExpectedResult>
              <Result>6</Result>
              <Pass>true</Pass>
              <Time>0001-01-01T00:00:00</Time>
            </TestResultDetail>
            <TestResultDetail>
              <Category>Reagent Valve Response</Category>
              <SubCategory>Valve B</SubCategory>
              <SubSubCategory>Position 19</SubSubCategory>
              <Test>Expected Steps</Test>
              <Result>204</Result>
              <Pass xsi:nil="true" />
              <Time>2018-10-18T15:15:15.1454932-04:00</Time>
            </TestResultDetail>
            <TestResultDetail>
              <Category>Reagent Valve Response</Category>
              <SubCategory>Valve B</SubCategory>
              <SubSubCategory>Position 19</SubSubCategory>
              <Test>Actual Steps</Test>
              <Result>213</Result>
              <Pass xsi:nil="true" />
              <Time>0001-01-01T00:00:00</Time>
            </TestResultDetail>
            <TestResultDetail>
              <Category>Reagent Valve Response</Category>
              <SubCategory>Valve B</SubCategory>
              <SubSubCategory>Position 19</SubSubCategory>
              <Test>Error Steps</Test>
              <ExpectedResult>&lt; 100</ExpectedResult>
              <Result>9</Result>
              <Pass>true</Pass>
              <Time>0001-01-01T00:00:00</Time>
            </TestResultDetail>
            <TestResultDetail>
              <Category>Reagent Valve Response</Category>
              <SubCategory>Valve B</SubCategory>
              <SubSubCategory>Position 20</SubSubCategory>
              <Test>Expected Steps</Test>
              <Result>204</Result>
              <Pass xsi:nil="true" />
              <Time>2018-10-18T15:15:15.8454942-04:00</Time>
            </TestResultDetail>
            <TestResultDetail>
              <Category>Reagent Valve Response</Category>
              <SubCategory>Valve B</SubCategory>
              <SubSubCategory>Position 20</SubSubCategory>
              <Test>Actual Steps</Test>
              <Result>205</Result>
              <Pass xsi:nil="true" />
              <Time>0001-01-01T00:00:00</Time>
            </TestResultDetail>
            <TestResultDetail>
              <Category>Reagent Valve Response</Category>
              <SubCategory>Valve B</SubCategory>
              <SubSubCategory>Position 20</SubSubCategory>
              <Test>Error Steps</Test>
              <ExpectedResult>&lt; 100</ExpectedResult>
              <Result>1</Result>
              <Pass>true</Pass>
              <Time>0001-01-01T00:00:00</Time>
            </TestResultDetail>
            <TestResultDetail>
              <Category>Reagent Valve Response</Category>
              <SubCategory>Valve B</SubCategory>
              <SubSubCategory>Position 21</SubSubCategory>
              <Test>Expected Steps</Test>
              <Result>204</Result>
              <Pass xsi:nil="true" />
              <Time>2018-10-18T15:15:16.5454952-04:00</Time>
            </TestResultDetail>
            <TestResultDetail>
              <Category>Reagent Valve Response</Category>
              <SubCategory>Valve B</SubCategory>
              <SubSubCategory>Position 21</SubSubCategory>
              <Test>Actual Steps</Test>
              <Result>204</Result>
              <Pass xsi:nil="true" />
              <Time>0001-01-01T00:00:00</Time>
            </TestResultDetail>
            <TestResultDetail>
              <Category>Reagent Valve Response</Category>
              <SubCategory>Valve B</SubCategory>
              <SubSubCategory>Position 21</SubSubCategory>
              <Test>Error Steps</Test>
              <ExpectedResult>&lt; 100</ExpectedResult>
              <Result>0</Result>
              <Pass>true</Pass>
              <Time>0001-01-01T00:00:00</Time>
            </TestResultDetail>
            <TestResultDetail>
              <Category>Reagent Valve Response</Category>
              <SubCategory>Valve B</SubCategory>
              <SubSubCategory>Position 22</SubSubCategory>
              <Test>Expected Steps</Test>
              <Result>204</Result>
              <Pass xsi:nil="true" />
              <Time>2018-10-18T15:15:17.2554962-04:00</Time>
            </TestResultDetail>
            <TestResultDetail>
              <Category>Reagent Valve Response</Category>
              <SubCategory>Valve B</SubCategory>
              <SubSubCategory>Position 22</SubSubCategory>
              <Test>Actual Steps</Test>
              <Result>213</Result>
              <Pass xsi:nil="true" />
              <Time>0001-01-01T00:00:00</Time>
            </TestResultDetail>
            <TestResultDetail>
              <Category>Reagent Valve Response</Category>
              <SubCategory>Valve B</SubCategory>
              <SubSubCategory>Position 22</SubSubCategory>
              <Test>Error Steps</Test>
              <ExpectedResult>&lt; 100</ExpectedResult>
              <Result>9</Result>
              <Pass>true</Pass>
              <Time>0001-01-01T00:00:00</Time>
            </TestResultDetail>
            <TestResultDetail>
              <Category>Reagent Valve Response</Category>
              <SubCategory>Valve B</SubCategory>
              <SubSubCategory>Position 23</SubSubCategory>
              <Test>Expected Steps</Test>
              <Result>204</Result>
              <Pass xsi:nil="true" />
              <Time>2018-10-18T15:15:18.0054972-04:00</Time>
            </TestResultDetail>
            <TestResultDetail>
              <Category>Reagent Valve Response</Category>
              <SubCategory>Valve B</SubCategory>
              <SubSubCategory>Position 23</SubSubCategory>
              <Test>Actual Steps</Test>
              <Result>212</Result>
              <Pass xsi:nil="true" />
              <Time>0001-01-01T00:00:00</Time>
            </TestResultDetail>
            <TestResultDetail>
              <Category>Reagent Valve Response</Category>
              <SubCategory>Valve B</SubCategory>
              <SubSubCategory>Position 23</SubSubCategory>
              <Test>Error Steps</Test>
              <ExpectedResult>&lt; 100</ExpectedResult>
              <Result>8</Result>
              <Pass>true</Pass>
              <Time>0001-01-01T00:00:00</Time>
            </TestResultDetail>
            <TestResultDetail>
              <Category>Reagent Valve Response</Category>
              <SubCategory>Valve B</SubCategory>
              <SubSubCategory>Position 24</SubSubCategory>
              <Test>Expected Steps</Test>
              <Result>204</Result>
              <Pass xsi:nil="true" />
              <Time>2018-10-18T15:15:18.7154982-04:00</Time>
            </TestResultDetail>
            <TestResultDetail>
              <Category>Reagent Valve Response</Category>
              <SubCategory>Valve B</SubCategory>
              <SubSubCategory>Position 24</SubSubCategory>
              <Test>Actual Steps</Test>
              <Result>215</Result>
              <Pass xsi:nil="true" />
              <Time>0001-01-01T00:00:00</Time>
            </TestResultDetail>
            <TestResultDetail>
              <Category>Reagent Valve Response</Category>
              <SubCategory>Valve B</SubCategory>
              <SubSubCategory>Position 24</SubSubCategory>
              <Test>Error Steps</Test>
              <ExpectedResult>&lt; 100</ExpectedResult>
              <Result>11</Result>
              <Pass>true</Pass>
              <Time>0001-01-01T00:00:00</Time>
            </TestResultDetail>
            <TestResultDetail>
              <Category>Pump Valve Response</Category>
              <SubCategory>Pump A</SubCategory>
              <SubSubCategory>Position 3000</SubSubCategory>
              <Test>Syringe Positions</Test>
              <ExpectedResult>3000</ExpectedResult>
              <Pass>true</Pass>
              <Time>2018-10-18T15:15:31.6555163-04:00</Time>
            </TestResultDetail>
            <TestResultDetail>
              <Category>Pump Valve Response</Category>
              <SubCategory>Pump A</SubCategory>
              <SubSubCategory>Position 0</SubSubCategory>
              <Test>Syringe Positions</Test>
              <ExpectedResult>0</ExpectedResult>
              <Pass>true</Pass>
              <Time>0001-01-01T00:00:00</Time>
            </TestResultDetail>
            <TestResultDetail>
              <Category>Pump Valve Response</Category>
              <SubCategory>Pump A</SubCategory>
              <SubSubCategory>Position 1</SubSubCategory>
              <Test>Valve Positions</Test>
              <ExpectedResult>1</ExpectedResult>
              <Pass>true</Pass>
              <Time>0001-01-01T00:00:00</Time>
            </TestResultDetail>
            <TestResultDetail>
              <Category>Pump Valve Response</Category>
              <SubCategory>Pump A</SubCategory>
              <SubSubCategory>Position 2</SubSubCategory>
              <Test>Valve Positions</Test>
              <ExpectedResult>2</ExpectedResult>
              <Pass>true</Pass>
              <Time>0001-01-01T00:00:00</Time>
            </TestResultDetail>
            <TestResultDetail>
              <Category>Pump Valve Response</Category>
              <SubCategory>Pump A</SubCategory>
              <SubSubCategory>Position 3</SubSubCategory>
              <Test>Valve Positions</Test>
              <ExpectedResult>3</ExpectedResult>
              <Pass>true</Pass>
              <Time>0001-01-01T00:00:00</Time>
            </TestResultDetail>
            <TestResultDetail>
              <Category>Pump Valve Response</Category>
              <SubCategory>Pump A</SubCategory>
              <SubSubCategory>Position 4</SubSubCategory>
              <Test>Valve Positions</Test>
              <ExpectedResult>4</ExpectedResult>
              <Pass>true</Pass>
              <Time>0001-01-01T00:00:00</Time>
            </TestResultDetail>
            <TestResultDetail>
              <Category>Pump Valve Response</Category>
              <SubCategory>Pump A</SubCategory>
              <SubSubCategory>Position 5</SubSubCategory>
              <Test>Valve Positions</Test>
              <ExpectedResult>5</ExpectedResult>
              <Pass>true</Pass>
              <Time>0001-01-01T00:00:00</Time>
            </TestResultDetail>
            <TestResultDetail>
              <Category>Pump Valve Response</Category>
              <SubCategory>Pump A</SubCategory>
              <SubSubCategory>Position 6</SubSubCategory>
              <Test>Valve Positions</Test>
              <ExpectedResult>6</ExpectedResult>
              <Pass>true</Pass>
              <Time>0001-01-01T00:00:00</Time>
            </TestResultDetail>
            <TestResultDetail>
              <Category>Pump Valve Response</Category>
              <SubCategory>Pump B</SubCategory>
              <SubSubCategory>Position 3000</SubSubCategory>
              <Test>Syringe Positions</Test>
              <ExpectedResult>3000</ExpectedResult>
              <Pass>true</Pass>
              <Time>2018-10-18T15:16:03.3355607-04:00</Time>
            </TestResultDetail>
            <TestResultDetail>
              <Category>Pump Valve Response</Category>
              <SubCategory>Pump B</SubCategory>
              <SubSubCategory>Position 0</SubSubCategory>
              <Test>Syringe Positions</Test>
              <ExpectedResult>0</ExpectedResult>
              <Pass>true</Pass>
              <Time>0001-01-01T00:00:00</Time>
            </TestResultDetail>
            <TestResultDetail>
              <Category>Pump Valve Response</Category>
              <SubCategory>Pump B</SubCategory>
              <SubSubCategory>Position 1</SubSubCategory>
              <Test>Valve Positions</Test>
              <ExpectedResult>1</ExpectedResult>
              <Pass>true</Pass>
              <Time>0001-01-01T00:00:00</Time>
            </TestResultDetail>
            <TestResultDetail>
              <Category>Pump Valve Response</Category>
              <SubCategory>Pump B</SubCategory>
              <SubSubCategory>Position 2</SubSubCategory>
              <Test>Valve Positions</Test>
              <ExpectedResult>2</ExpectedResult>
              <Pass>true</Pass>
              <Time>0001-01-01T00:00:00</Time>
            </TestResultDetail>
            <TestResultDetail>
              <Category>Pump Valve Response</Category>
              <SubCategory>Pump B</SubCategory>
              <SubSubCategory>Position 3</SubSubCategory>
              <Test>Valve Positions</Test>
              <ExpectedResult>3</ExpectedResult>
              <Pass>true</Pass>
              <Time>0001-01-01T00:00:00</Time>
            </TestResultDetail>
            <TestResultDetail>
              <Category>Pump Valve Response</Category>
              <SubCategory>Pump B</SubCategory>
              <SubSubCategory>Position 4</SubSubCategory>
              <Test>Valve Positions</Test>
              <ExpectedResult>4</ExpectedResult>
              <Pass>true</Pass>
              <Time>0001-01-01T00:00:00</Time>
            </TestResultDetail>
            <TestResultDetail>
              <Category>Pump Valve Response</Category>
              <SubCategory>Pump B</SubCategory>
              <SubSubCategory>Position 5</SubSubCategory>
              <Test>Valve Positions</Test>
              <ExpectedResult>5</ExpectedResult>
              <Pass>true</Pass>
              <Time>0001-01-01T00:00:00</Time>
            </TestResultDetail>
            <TestResultDetail>
              <Category>Pump Valve Response</Category>
              <SubCategory>Pump B</SubCategory>
              <SubSubCategory>Position 6</SubSubCategory>
              <Test>Valve Positions</Test>
              <ExpectedResult>6</ExpectedResult>
              <Pass>true</Pass>
              <Time>0001-01-01T00:00:00</Time>
            </TestResultDetail>
          </Items>
        </TestResultDetails>
      </value>
    </item>
    <item>
      <key>
        <string>PressureDecay1</string>
      </key>
      <value>
        <TestResultDetails>
          <TestOutputXmlPaths>
            <string>D:\Illumina\SystemCheckResults\PressureDecay\NS500355 2018-10-18__15_16_22\NS500355_Pressure Decay_Results.xml</string>
            <string>D:\Illumina\SystemCheckResults\PressureDecay\NS500355 2018-10-18__15_27_01\NS500355_Pressure Decay_Results.xml</string>
          </TestOutputXmlPaths>
          <Items>
            <TestResultDetail>
              <Category>PressureDecay1</Category>
              <SubCategory>Fluidic System Pressure Decay Test - NSS v1.2</SubCategory>
              <SubSubCategory>Lane A</SubSubCategory>
              <Test>First Sample</Test>
              <Result>15:25:06.006</Result>
              <Pass xsi:nil="true" />
              <Time>2018-10-18T15:27:01.6864824-04:00</Time>
            </TestResultDetail>
            <TestResultDetail>
              <Category>PressureDecay1</Category>
              <SubCategory>Fluidic System Pressure Decay Test - NSS v1.2</SubCategory>
              <SubSubCategory>Lane A</SubSubCategory>
              <Test>First Pressure</Test>
              <Result>16.955000</Result>
              <Pass xsi:nil="true" />
              <Time>0001-01-01T00:00:00</Time>
            </TestResultDetail>
            <TestResultDetail>
              <Category>PressureDecay1</Category>
              <SubCategory>Fluidic System Pressure Decay Test - NSS v1.2</SubCategory>
              <SubSubCategory>Lane A</SubSubCategory>
              <Test>Second Sample</Test>
              <Result>15:25:49.886</Result>
              <Pass xsi:nil="true" />
              <Time>0001-01-01T00:00:00</Time>
            </TestResultDetail>
            <TestResultDetail>
              <Category>PressureDecay1</Category>
              <SubCategory>Fluidic System Pressure Decay Test - NSS v1.2</SubCategory>
              <SubSubCategory>Lane A</SubSubCategory>
              <Test>Second Pressure</Test>
              <Result>15.191680</Result>
              <Pass xsi:nil="true" />
              <Time>0001-01-01T00:00:00</Time>
            </TestResultDetail>
            <TestResultDetail>
              <Category>PressureDecay1</Category>
              <SubCategory>Fluidic System Pressure Decay Test - NSS v1.2</SubCategory>
              <SubSubCategory>Lane A</SubSubCategory>
              <Test>Leak Rate</Test>
              <ExpectedResult>&lt; 5</ExpectedResult>
              <Result>0.039580</Result>
              <Pass>true</Pass>
              <Time>0001-01-01T00:00:00</Time>
            </TestResultDetail>
            <TestResultDetail>
              <Category>PressureDecay1</Category>
              <SubCategory>Fluidic System Pressure Decay Test - NSS v1.2</SubCategory>
              <SubSubCategory>Lane A</SubSubCategory>
              <Test>Target Pressure</Test>
              <Result>0.020000</Result>
              <Pass xsi:nil="true" />
              <Time>0001-01-01T00:00:00</Time>
            </TestResultDetail>
            <TestResultDetail>
              <Category>PressureDecay1</Category>
              <SubCategory>Fluidic System Pressure Decay Test - NSS v1.2</SubCategory>
              <SubSubCategory>Lane B</SubSubCategory>
              <Test>First Sample</Test>
              <Result>15:25:05.746</Result>
              <Pass xsi:nil="true" />
              <Time>2018-10-18T15:27:01.6864824-04:00</Time>
            </TestResultDetail>
            <TestResultDetail>
              <Category>PressureDecay1</Category>
              <SubCategory>Fluidic System Pressure Decay Test - NSS v1.2</SubCategory>
              <SubSubCategory>Lane B</SubSubCategory>
              <Test>First Pressure</Test>
              <Result>16.887180</Result>
              <Pass xsi:nil="true" />
              <Time>0001-01-01T00:00:00</Time>
            </TestResultDetail>
            <TestResultDetail>
              <Category>PressureDecay1</Category>
              <SubCategory>Fluidic System Pressure Decay Test - NSS v1.2</SubCategory>
              <SubSubCategory>Lane B</SubSubCategory>
              <Test>Second Sample</Test>
              <Result>15:25:49.626</Result>
              <Pass xsi:nil="true" />
              <Time>0001-01-01T00:00:00</Time>
            </TestResultDetail>
            <TestResultDetail>
              <Category>PressureDecay1</Category>
              <SubCategory>Fluidic System Pressure Decay Test - NSS v1.2</SubCategory>
              <SubSubCategory>Lane B</SubSubCategory>
              <Test>Second Pressure</Test>
              <Result>16.276800</Result>
              <Pass xsi:nil="true" />
              <Time>0001-01-01T00:00:00</Time>
            </TestResultDetail>
            <TestResultDetail>
              <Category>PressureDecay1</Category>
              <SubCategory>Fluidic System Pressure Decay Test - NSS v1.2</SubCategory>
              <SubSubCategory>Lane B</SubSubCategory>
              <Test>Leak Rate</Test>
              <ExpectedResult>&lt; 5</ExpectedResult>
              <Result>0.013751</Result>
              <Pass>true</Pass>
              <Time>0001-01-01T00:00:00</Time>
            </TestResultDetail>
            <TestResultDetail>
              <Category>PressureDecay1</Category>
              <SubCategory>Fluidic System Pressure Decay Test - NSS v1.2</SubCategory>
              <SubSubCategory>Lane B</SubSubCategory>
              <Test>Target Pressure</Test>
              <Result>0.020000</Result>
              <Pass xsi:nil="true" />
              <Time>0001-01-01T00:00:00</Time>
            </TestResultDetail>
            <TestResultDetail>
              <Category>PressureDecay1</Category>
              <SubCategory>Diagnostic Line Pressure Decay Test - NSS v1.2</SubCategory>
              <SubSubCategory>Lane A</SubSubCategory>
              <Test>First Sample</Test>
              <Result>15:29:14.866</Result>
              <Pass xsi:nil="true" />
              <Time>2018-10-18T15:30:17.3867564-04:00</Time>
            </TestResultDetail>
            <TestResultDetail>
              <Category>PressureDecay1</Category>
              <SubCategory>Diagnostic Line Pressure Decay Test - NSS v1.2</SubCategory>
              <SubSubCategory>Lane A</SubSubCategory>
              <Test>First Pressure</Test>
              <Result>17.226280</Result>
              <Pass xsi:nil="true" />
              <Time>0001-01-01T00:00:00</Time>
            </TestResultDetail>
            <TestResultDetail>
              <Category>PressureDecay1</Category>
              <SubCategory>Diagnostic Line Pressure Decay Test - NSS v1.2</SubCategory>
              <SubSubCategory>Lane A</SubSubCategory>
              <Test>Second Sample</Test>
              <Result>15:29:58.826</Result>
              <Pass xsi:nil="true" />
              <Time>0001-01-01T00:00:00</Time>
            </TestResultDetail>
            <TestResultDetail>
              <Category>PressureDecay1</Category>
              <SubCategory>Diagnostic Line Pressure Decay Test - NSS v1.2</SubCategory>
              <SubSubCategory>Lane A</SubSubCategory>
              <Test>Second Pressure</Test>
              <Result>12.817980</Result>
              <Pass xsi:nil="true" />
              <Time>0001-01-01T00:00:00</Time>
            </TestResultDetail>
            <TestResultDetail>
              <Category>PressureDecay1</Category>
              <SubCategory>Diagnostic Line Pressure Decay Test - NSS v1.2</SubCategory>
              <SubSubCategory>Lane A</SubSubCategory>
              <Test>Leak Rate</Test>
              <ExpectedResult>&lt; 5</ExpectedResult>
              <Result>0.100360</Result>
              <Pass>true</Pass>
              <Time>0001-01-01T00:00:00</Time>
            </TestResultDetail>
            <TestResultDetail>
              <Category>PressureDecay1</Category>
              <SubCategory>Diagnostic Line Pressure Decay Test - NSS v1.2</SubCategory>
              <SubSubCategory>Lane A</SubSubCategory>
              <Test>Target Pressure</Test>
              <Result>0.020000</Result>
              <Pass xsi:nil="true" />
              <Time>0001-01-01T00:00:00</Time>
            </TestResultDetail>
            <TestResultDetail>
              <Category>PressureDecay1</Category>
              <SubCategory>Diagnostic Line Pressure Decay Test - NSS v1.2</SubCategory>
              <SubSubCategory>Lane B</SubSubCategory>
              <Test>First Sample</Test>
              <Result>15:29:15.136</Result>
              <Pass xsi:nil="true" />
              <Time>2018-10-18T15:30:17.3867564-04:00</Time>
            </TestResultDetail>
            <TestResultDetail>
              <Category>PressureDecay1</Category>
              <SubCategory>Diagnostic Line Pressure Decay Test - NSS v1.2</SubCategory>
              <SubSubCategory>Lane B</SubSubCategory>
              <Test>First Pressure</Test>
              <Result>18.175760</Result>
              <Pass xsi:nil="true" />
              <Time>0001-01-01T00:00:00</Time>
            </TestResultDetail>
            <TestResultDetail>
              <Category>PressureDecay1</Category>
              <SubCategory>Diagnostic Line Pressure Decay Test - NSS v1.2</SubCategory>
              <SubSubCategory>Lane B</SubSubCategory>
              <Test>Second Sample</Test>
              <Result>15:29:59.006</Result>
              <Pass xsi:nil="true" />
              <Time>0001-01-01T00:00:00</Time>
            </TestResultDetail>
            <TestResultDetail>
              <Category>PressureDecay1</Category>
              <SubCategory>Diagnostic Line Pressure Decay Test - NSS v1.2</SubCategory>
              <SubSubCategory>Lane B</SubSubCategory>
              <Test>Second Pressure</Test>
              <Result>17.158460</Result>
              <Pass xsi:nil="true" />
              <Time>0001-01-01T00:00:00</Time>
            </TestResultDetail>
            <TestResultDetail>
              <Category>PressureDecay1</Category>
              <SubCategory>Diagnostic Line Pressure Decay Test - NSS v1.2</SubCategory>
              <SubSubCategory>Lane B</SubSubCategory>
              <Test>Leak Rate</Test>
              <ExpectedResult>&lt; 5</ExpectedResult>
              <Result>0.022580</Result>
              <Pass>true</Pass>
              <Time>0001-01-01T00:00:00</Time>
            </TestResultDetail>
            <TestResultDetail>
              <Category>PressureDecay1</Category>
              <SubCategory>Diagnostic Line Pressure Decay Test - NSS v1.2</SubCategory>
              <SubSubCategory>Lane B</SubSubCategory>
              <Test>Target Pressure</Test>
              <Result>0.020000</Result>
              <Pass xsi:nil="true" />
              <Time>0001-01-01T00:00:00</Time>
            </TestResultDetail>
          </Items>
        </TestResultDetails>
      </value>
    </item>
    <item>
      <key>
        <string>FlowRate</string>
      </key>
      <value>
        <TestResultDetails>
          <TestOutputXmlPaths>
            <string>D:\Illumina\SystemCheckResults\FlowRate\NS500355 2018-10-18__15_38_21\NS500355_Flow Rate Test_Results.xml</string>
          </TestOutputXmlPaths>
          <Items>
            <TestResultDetail>
              <Category>Flow Rate</Category>
              <SubCategory>Lane A</SubCategory>
              <Test>Actual Flow Rate</Test>
              <ExpectedResult>3100.000000 +/- 700.000000</ExpectedResult>
              <Result>3191.724121</Result>
              <Pass>true</Pass>
              <Time>2018-10-18T15:48:57.2383242-04:00</Time>
            </TestResultDetail>
            <TestResultDetail>
              <Category>Flow Rate</Category>
              <SubCategory>Lane A</SubCategory>
              <Test>Flight Time</Test>
              <Result>128600</Result>
              <Pass xsi:nil="true" />
              <Time>2018-10-18T15:48:57.2383242-04:00</Time>
            </TestResultDetail>
            <TestResultDetail>
              <Category>Flow Rate</Category>
              <SubCategory>Lane A</SubCategory>
              <Test>Scale Factor</Test>
              <Result>0.971262</Result>
              <Pass xsi:nil="true" />
              <Time>2018-10-18T15:48:57.2383242-04:00</Time>
            </TestResultDetail>
            <TestResultDetail>
              <Category>Flow Rate</Category>
              <SubCategory>Lane A</SubCategory>
              <Test>Std</Test>
              <ExpectedResult>&lt; 3100.000000</ExpectedResult>
              <Result>25.367011</Result>
              <Pass>true</Pass>
              <Time>2018-10-18T15:48:57.2383242-04:00</Time>
            </TestResultDetail>
            <TestResultDetail>
              <Category>Flow Rate</Category>
              <SubCategory>Lane B</SubCategory>
              <Test>Actual Flow Rate</Test>
              <ExpectedResult>3100.000000 +/- 700.000000</ExpectedResult>
              <Result>3053.903564</Result>
              <Pass>true</Pass>
              <Time>2018-10-18T15:48:57.2383242-04:00</Time>
            </TestResultDetail>
            <TestResultDetail>
              <Category>Flow Rate</Category>
              <SubCategory>Lane B</SubCategory>
              <Test>Flight Time</Test>
              <Result>134400</Result>
              <Pass xsi:nil="true" />
              <Time>2018-10-18T15:48:57.2383242-04:00</Time>
            </TestResultDetail>
            <TestResultDetail>
              <Category>Flow Rate</Category>
              <SubCategory>Lane B</SubCategory>
              <Test>Scale Factor</Test>
              <Result>1.015094</Result>
              <Pass xsi:nil="true" />
              <Time>2018-10-18T15:48:57.2383242-04:00</Time>
            </TestResultDetail>
            <TestResultDetail>
              <Category>Flow Rate</Category>
              <SubCategory>Lane B</SubCategory>
              <Test>Std</Test>
              <ExpectedResult>&lt; 3100.000000</ExpectedResult>
              <Result>18.269968</Result>
              <Pass>true</Pass>
              <Time>2018-10-18T15:48:57.2383242-04:00</Time>
            </TestResultDetail>
          </Items>
        </TestResultDetails>
      </value>
    </item>
    <item>
      <key>
        <string>Impedance</string>
      </key>
      <value>
        <TestResultDetails>
          <TestOutputXmlPaths />
          <Items />
        </TestResultDetails>
      </value>
    </item>
    <item>
      <key>
        <string>PressureDecay2</string>
      </key>
      <value>
        <TestResultDetails>
          <TestOutputXmlPaths />
          <Items />
        </TestResultDetails>
      </value>
    </item>
    <item>
      <key>
        <string>Fans</string>
      </key>
      <value>
        <TestResultDetails>
          <TestOutputXmlPaths />
          <Items />
        </TestResultDetails>
      </value>
    </item>
    <item>
      <key>
        <string>Probes</string>
      </key>
      <value>
        <TestResultDetails>
          <TestOutputXmlPaths />
          <Items />
        </TestResultDetails>
      </value>
    </item>
    <item>
      <key>
        <string>FlowCellThermal</string>
      </key>
      <value>
        <TestResultDetails>
          <TestOutputXmlPaths />
          <Items />
        </TestResultDetails>
      </value>
    </item>
  </TestResultDetails>
</SystemCheckTestResultDetails>