<?xml version="1.0"?>
<IcTestResult xmlns:xsd="http://www.w3.org/2001/XMLSchema" xmlns:xsi="http://www.w3.org/2001/XMLSchema-instance" Id="NS500355_2021-12-02T11:06:23">
  <TestName>Pressure Decay</TestName>
  <ModuleVersion>2.2.0.2</ModuleVersion>
  <InstrumentId>NS500355</InstrumentId>
  <IntegratedChassisId>ICA1415024</IntegratedChassisId>
  <ImagingModuleId>IMB1624024</ImagingModuleId>
  <FpgaVersion>r.2016.3.0</FpgaVersion>
  <CameraFWVersion>1.080</CameraFWVersion>
  <StageFWVersion>15059452_v0.07                 </StageFWVersion>
  <FlowCellSerial>HLFWJBGXK</FlowCellSerial>
  <Location>Field</Location>
  <FileName>D:\Illumina\SystemCheckResults\PressureDecay\NS500355 2021-12-02__11_06_23\NS500355_Pressure Decay_Results.xml</FileName>
  <RecipeName>Fluidic System Pressure Decay Test - NSS v1.2</RecipeName>
  <StartTime>2021-12-02T11:06:23.8972253-05:00</StartTime>
  <EndTime>2021-12-02T11:17:04.1481217-05:00</EndTime>
  <IntegratedChassis>
    <Metrics />
    <Cycles />
    <LaneValves>
      <LaneValve Letter="A">
        <Metrics>
          <Metric Name="First_Sample" Type="xsd:dateTime" Value="11:15:05.607" />
          <Metric Name="First_Pressure" Type="xsd:float" Value="17.15846" />
          <Metric Name="Second_Sample" Type="xsd:dateTime" Value="11:15:49.338" />
          <Metric Name="Second_Pressure" Type="xsd:float" Value="17.15846" />
          <Metric Name="Leak_Rate" Type="xsd:float" Value="0.000793" />
          <Metric Name="Target" Type="xsd:float" Value="0.02" />
        </Metrics>
      </LaneValve>
      <LaneValve Letter="B">
        <Metrics>
          <Metric Name="First_Sample" Type="xsd:dateTime" Value="11:15:05.347" />
          <Metric Name="First_Pressure" Type="xsd:float" Value="17.09064" />
          <Metric Name="Second_Sample" Type="xsd:dateTime" Value="11:15:50.128" />
          <Metric Name="Second_Pressure" Type="xsd:float" Value="16.955" />
          <Metric Name="Leak_Rate" Type="xsd:float" Value="0.002944" />
          <Metric Name="Target" Type="xsd:float" Value="0.02" />
        </Metrics>
      </LaneValve>
    </LaneValves>
  </IntegratedChassis>
</IcTestResult>