<?xml version="1.0"?>
<IcTestResult xmlns:xsd="http://www.w3.org/2001/XMLSchema" xmlns:xsi="http://www.w3.org/2001/XMLSchema-instance" Id="NS500355_2021-12-02T11:25:05">
  <TestName>FanTest</TestName>
  <ModuleVersion>2.2.0.2</ModuleVersion>
  <InstrumentId>NS500355</InstrumentId>
  <IntegratedChassisId>ICA1415024</IntegratedChassisId>
  <ImagingModuleId>IMB1624024</ImagingModuleId>
  <FpgaVersion>r.2016.3.0</FpgaVersion>
  <CameraFWVersion>1.080</CameraFWVersion>
  <StageFWVersion>15059452_v0.07                 </StageFWVersion>
  <FlowCellSerial>HLFWJBGXK</FlowCellSerial>
  <Location>Field</Location>
  <FileName>D:\Illumina\SystemCheckResults\FanTest\NS500355 2021-12-02__11_25_05\NS500355_FanTest_Results.xml</FileName>
  <RecipeName />
  <StartTime>2021-12-02T11:25:05.9687962-05:00</StartTime>
  <EndTime>2021-12-02T11:25:16.2388106-05:00</EndTime>
  <IntegratedChassis>
    <Metrics />
    <Cycles>
      <Cycle Number="1">
        <Metrics>
          <Temperature>
            <Metrics>
              <Metric Name="Fan_Name" Type="xsd:int" Value="LED" />
              <Metric Name="Id" Type="xsd:float" Value="0" />
              <Metric Name="Target_PPM" Type="xsd:float" Value="5" />
              <Metric Name="Measured_PPM" Type="xsd:float" Value="8475" />
              <Metric Name="Status" Type="xsd:float" Value="Pass" />
            </Metrics>
          </Temperature>
          <Temperature>
            <Metrics>
              <Metric Name="Fan_Name" Type="xsd:int" Value="Ebox1" />
              <Metric Name="Id" Type="xsd:float" Value="2" />
              <Metric Name="Target_PPM" Type="xsd:float" Value="5" />
              <Metric Name="Measured_PPM" Type="xsd:float" Value="30" />
              <Metric Name="Status" Type="xsd:float" Value="Pass" />
            </Metrics>
          </Temperature>
          <Temperature>
            <Metrics>
              <Metric Name="Fan_Name" Type="xsd:int" Value="Exhaust0" />
              <Metric Name="Id" Type="xsd:float" Value="4" />
              <Metric Name="Target_PPM" Type="xsd:float" Value="5" />
              <Metric Name="Measured_PPM" Type="xsd:float" Value="8265" />
              <Metric Name="Status" Type="xsd:float" Value="Pass" />
            </Metrics>
          </Temperature>
          <Temperature>
            <Metrics>
              <Metric Name="Fan_Name" Type="xsd:int" Value="Exhaust1" />
              <Metric Name="Id" Type="xsd:float" Value="5" />
              <Metric Name="Target_PPM" Type="xsd:float" Value="5" />
              <Metric Name="Measured_PPM" Type="xsd:float" Value="8325" />
              <Metric Name="Status" Type="xsd:float" Value="Pass" />
            </Metrics>
          </Temperature>
          <Temperature>
            <Metrics>
              <Metric Name="Fan_Name" Type="xsd:int" Value="Exhaust2" />
              <Metric Name="Id" Type="xsd:float" Value="6" />
              <Metric Name="Target_PPM" Type="xsd:float" Value="5" />
              <Metric Name="Measured_PPM" Type="xsd:float" Value="8167" />
              <Metric Name="Status" Type="xsd:float" Value="Pass" />
            </Metrics>
          </Temperature>
          <Temperature>
            <Metrics>
              <Metric Name="Fan_Name" Type="xsd:int" Value="Flowcell" />
              <Metric Name="Id" Type="xsd:float" Value="3" />
              <Metric Name="Target_PPM" Type="xsd:float" Value="5" />
              <Metric Name="Measured_PPM" Type="xsd:float" Value="17933" />
              <Metric Name="Status" Type="xsd:float" Value="Pass" />
            </Metrics>
          </Temperature>
        </Metrics>
      </Cycle>
    </Cycles>
    <LaneValves />
  </IntegratedChassis>
</IcTestResult>