Filename, D:\Illumina\SystemCheckResults\FanTest\NS500355 2021-12-02__11_25_05\NS500355_FanTest_Results.csv
Application, 2.2.0.2
Test Name, FanTest
Location, Field
Instrument ID, NS500355
Integrated Chassis ID, ICA1415024
Imaging Module ID, IMB1624024
FPGA version, r.2016.3.0
Camera FW version, 1.080
Stage FW version, 15059452_v0.07                 
Flow Cell Serial Number, HLFWJBGXK
Start Date, 12/2/2021
Start Time, 11:25:05 AM



FanName,Id,PPM,MeasuredPPM,Status
LED,0,5,8475,Pass
Ebox0,1,5,0,NotTested
Ebox1,2,5,30,Pass
Exhaust0,4,5,8265,Pass
Exhaust1,5,5,8325,Pass
Exhaust2,6,5,8167,Pass
Flowcell,3,5,17933,Pass
