Filename,D:\Illumina\SystemCheckResults\AllResultDetails\NS500355_2018-10-18__16_01_04_SystemCheckResultDetails.csv
Application,2.2.0.2
Location,Field
Instrument ID,NS500355
Integrated Chassis ID,ICA1415024
Imaging Module ID,ICA1415024
FPGA version,r.2016.3.0

Category,Detail 1, Detail 2,Test,Expected Result,Result,Pass,Time
Reagent Valve Response,Valve A,Position 1,Expected Steps,,1633,,10/18/2018 3:14:44 PM
Reagent Valve Response,Valve A,Position 1,Actual Steps,,1653,,1/1/0001 12:00:00 AM
Reagent Valve Response,Valve A,Position 1,Error Steps,< 100,20,True,1/1/0001 12:00:00 AM
Reagent Valve Response,Valve A,Position 2,Expected Steps,,204,,10/18/2018 3:14:45 PM
Reagent Valve Response,Valve A,Position 2,Actual Steps,,209,,1/1/0001 12:00:00 AM
Reagent Valve Response,Valve A,Position 2,Error Steps,< 100,5,True,1/1/0001 12:00:00 AM
Reagent Valve Response,Valve A,Position 3,Expected Steps,,204,,10/18/2018 3:14:46 PM
Reagent Valve Response,Valve A,Position 3,Actual Steps,,213,,1/1/0001 12:00:00 AM
Reagent Valve Response,Valve A,Position 3,Error Steps,< 100,9,True,1/1/0001 12:00:00 AM
Reagent Valve Response,Valve A,Position 4,Expected Steps,,204,,10/18/2018 3:14:46 PM
Reagent Valve Response,Valve A,Position 4,Actual Steps,,214,,1/1/0001 12:00:00 AM
Reagent Valve Response,Valve A,Position 4,Error Steps,< 100,10,True,1/1/0001 12:00:00 AM
Reagent Valve Response,Valve A,Position 5,Expected Steps,,204,,10/18/2018 3:14:47 PM
Reagent Valve Response,Valve A,Position 5,Actual Steps,,214,,1/1/0001 12:00:00 AM
Reagent Valve Response,Valve A,Position 5,Error Steps,< 100,10,True,1/1/0001 12:00:00 AM
Reagent Valve Response,Valve A,Position 6,Expected Steps,,204,,10/18/2018 3:14:48 PM
Reagent Valve Response,Valve A,Position 6,Actual Steps,,211,,1/1/0001 12:00:00 AM
Reagent Valve Response,Valve A,Position 6,Error Steps,< 100,7,True,1/1/0001 12:00:00 AM
Reagent Valve Response,Valve A,Position 7,Expected Steps,,204,,10/18/2018 3:14:48 PM
Reagent Valve Response,Valve A,Position 7,Actual Steps,,213,,1/1/0001 12:00:00 AM
Reagent Valve Response,Valve A,Position 7,Error Steps,< 100,9,True,1/1/0001 12:00:00 AM
Reagent Valve Response,Valve A,Position 8,Expected Steps,,204,,10/18/2018 3:14:49 PM
Reagent Valve Response,Valve A,Position 8,Actual Steps,,215,,1/1/0001 12:00:00 AM
Reagent Valve Response,Valve A,Position 8,Error Steps,< 100,11,True,1/1/0001 12:00:00 AM
Reagent Valve Response,Valve A,Position 9,Expected Steps,,204,,10/18/2018 3:14:50 PM
Reagent Valve Response,Valve A,Position 9,Actual Steps,,211,,1/1/0001 12:00:00 AM
Reagent Valve Response,Valve A,Position 9,Error Steps,< 100,7,True,1/1/0001 12:00:00 AM
Reagent Valve Response,Valve A,Position 10,Expected Steps,,204,,10/18/2018 3:14:51 PM
Reagent Valve Response,Valve A,Position 10,Actual Steps,,209,,1/1/0001 12:00:00 AM
Reagent Valve Response,Valve A,Position 10,Error Steps,< 100,5,True,1/1/0001 12:00:00 AM
Reagent Valve Response,Valve A,Position 11,Expected Steps,,204,,10/18/2018 3:14:51 PM
Reagent Valve Response,Valve A,Position 11,Actual Steps,,213,,1/1/0001 12:00:00 AM
Reagent Valve Response,Valve A,Position 11,Error Steps,< 100,9,True,1/1/0001 12:00:00 AM
Reagent Valve Response,Valve A,Position 12,Expected Steps,,204,,10/18/2018 3:14:52 PM
Reagent Valve Response,Valve A,Position 12,Actual Steps,,214,,1/1/0001 12:00:00 AM
Reagent Valve Response,Valve A,Position 12,Error Steps,< 100,10,True,1/1/0001 12:00:00 AM
Reagent Valve Response,Valve A,Position 13,Expected Steps,,204,,10/18/2018 3:14:53 PM
Reagent Valve Response,Valve A,Position 13,Actual Steps,,212,,1/1/0001 12:00:00 AM
Reagent Valve Response,Valve A,Position 13,Error Steps,< 100,8,True,1/1/0001 12:00:00 AM
Reagent Valve Response,Valve A,Position 14,Expected Steps,,204,,10/18/2018 3:14:53 PM
Reagent Valve Response,Valve A,Position 14,Actual Steps,,210,,1/1/0001 12:00:00 AM
Reagent Valve Response,Valve A,Position 14,Error Steps,< 100,6,True,1/1/0001 12:00:00 AM
Reagent Valve Response,Valve A,Position 15,Expected Steps,,204,,10/18/2018 3:14:54 PM
Reagent Valve Response,Valve A,Position 15,Actual Steps,,212,,1/1/0001 12:00:00 AM
Reagent Valve Response,Valve A,Position 15,Error Steps,< 100,8,True,1/1/0001 12:00:00 AM
Reagent Valve Response,Valve A,Position 16,Expected Steps,,204,,10/18/2018 3:14:55 PM
Reagent Valve Response,Valve A,Position 16,Actual Steps,,212,,1/1/0001 12:00:00 AM
Reagent Valve Response,Valve A,Position 16,Error Steps,< 100,8,True,1/1/0001 12:00:00 AM
Reagent Valve Response,Valve A,Position 17,Expected Steps,,204,,10/18/2018 3:14:55 PM
Reagent Valve Response,Valve A,Position 17,Actual Steps,,211,,1/1/0001 12:00:00 AM
Reagent Valve Response,Valve A,Position 17,Error Steps,< 100,7,True,1/1/0001 12:00:00 AM
Reagent Valve Response,Valve A,Position 18,Expected Steps,,204,,10/18/2018 3:14:56 PM
Reagent Valve Response,Valve A,Position 18,Actual Steps,,211,,1/1/0001 12:00:00 AM
Reagent Valve Response,Valve A,Position 18,Error Steps,< 100,7,True,1/1/0001 12:00:00 AM
Reagent Valve Response,Valve A,Position 19,Expected Steps,,204,,10/18/2018 3:14:57 PM
Reagent Valve Response,Valve A,Position 19,Actual Steps,,214,,1/1/0001 12:00:00 AM
Reagent Valve Response,Valve A,Position 19,Error Steps,< 100,10,True,1/1/0001 12:00:00 AM
Reagent Valve Response,Valve A,Position 20,Expected Steps,,204,,10/18/2018 3:14:58 PM
Reagent Valve Response,Valve A,Position 20,Actual Steps,,213,,1/1/0001 12:00:00 AM
Reagent Valve Response,Valve A,Position 20,Error Steps,< 100,9,True,1/1/0001 12:00:00 AM
Reagent Valve Response,Valve A,Position 21,Expected Steps,,204,,10/18/2018 3:14:58 PM
Reagent Valve Response,Valve A,Position 21,Actual Steps,,212,,1/1/0001 12:00:00 AM
Reagent Valve Response,Valve A,Position 21,Error Steps,< 100,8,True,1/1/0001 12:00:00 AM
Reagent Valve Response,Valve A,Position 22,Expected Steps,,204,,10/18/2018 3:14:59 PM
Reagent Valve Response,Valve A,Position 22,Actual Steps,,211,,1/1/0001 12:00:00 AM
Reagent Valve Response,Valve A,Position 22,Error Steps,< 100,7,True,1/1/0001 12:00:00 AM
Reagent Valve Response,Valve A,Position 23,Expected Steps,,204,,10/18/2018 3:15:00 PM
Reagent Valve Response,Valve A,Position 23,Actual Steps,,212,,1/1/0001 12:00:00 AM
Reagent Valve Response,Valve A,Position 23,Error Steps,< 100,8,True,1/1/0001 12:00:00 AM
Reagent Valve Response,Valve A,Position 24,Expected Steps,,204,,10/18/2018 3:15:00 PM
Reagent Valve Response,Valve A,Position 24,Actual Steps,,213,,1/1/0001 12:00:00 AM
Reagent Valve Response,Valve A,Position 24,Error Steps,< 100,9,True,1/1/0001 12:00:00 AM
Reagent Valve Response,Valve B,Position 1,Expected Steps,,2450,,10/18/2018 3:15:02 PM
Reagent Valve Response,Valve B,Position 1,Actual Steps,,2475,,1/1/0001 12:00:00 AM
Reagent Valve Response,Valve B,Position 1,Error Steps,< 100,25,True,1/1/0001 12:00:00 AM
Reagent Valve Response,Valve B,Position 2,Expected Steps,,204,,10/18/2018 3:15:03 PM
Reagent Valve Response,Valve B,Position 2,Actual Steps,,230,,1/1/0001 12:00:00 AM
Reagent Valve Response,Valve B,Position 2,Error Steps,< 100,26,True,1/1/0001 12:00:00 AM
Reagent Valve Response,Valve B,Position 3,Expected Steps,,204,,10/18/2018 3:15:03 PM
Reagent Valve Response,Valve B,Position 3,Actual Steps,,214,,1/1/0001 12:00:00 AM
Reagent Valve Response,Valve B,Position 3,Error Steps,< 100,10,True,1/1/0001 12:00:00 AM
Reagent Valve Response,Valve B,Position 4,Expected Steps,,204,,10/18/2018 3:15:04 PM
Reagent Valve Response,Valve B,Position 4,Actual Steps,,212,,1/1/0001 12:00:00 AM
Reagent Valve Response,Valve B,Position 4,Error Steps,< 100,8,True,1/1/0001 12:00:00 AM
Reagent Valve Response,Valve B,Position 5,Expected Steps,,204,,10/18/2018 3:15:05 PM
Reagent Valve Response,Valve B,Position 5,Actual Steps,,214,,1/1/0001 12:00:00 AM
Reagent Valve Response,Valve B,Position 5,Error Steps,< 100,10,True,1/1/0001 12:00:00 AM
Reagent Valve Response,Valve B,Position 6,Expected Steps,,204,,10/18/2018 3:15:05 PM
Reagent Valve Response,Valve B,Position 6,Actual Steps,,211,,1/1/0001 12:00:00 AM
Reagent Valve Response,Valve B,Position 6,Error Steps,< 100,7,True,1/1/0001 12:00:00 AM
Reagent Valve Response,Valve B,Position 7,Expected Steps,,204,,10/18/2018 3:15:06 PM
Reagent Valve Response,Valve B,Position 7,Actual Steps,,203,,1/1/0001 12:00:00 AM
Reagent Valve Response,Valve B,Position 7,Error Steps,< 100,-1,True,1/1/0001 12:00:00 AM
Reagent Valve Response,Valve B,Position 8,Expected Steps,,204,,10/18/2018 3:15:07 PM
Reagent Valve Response,Valve B,Position 8,Actual Steps,,215,,1/1/0001 12:00:00 AM
Reagent Valve Response,Valve B,Position 8,Error Steps,< 100,11,True,1/1/0001 12:00:00 AM
Reagent Valve Response,Valve B,Position 9,Expected Steps,,204,,10/18/2018 3:15:08 PM
Reagent Valve Response,Valve B,Position 9,Actual Steps,,212,,1/1/0001 12:00:00 AM
Reagent Valve Response,Valve B,Position 9,Error Steps,< 100,8,True,1/1/0001 12:00:00 AM
Reagent Valve Response,Valve B,Position 10,Expected Steps,,204,,10/18/2018 3:15:08 PM
Reagent Valve Response,Valve B,Position 10,Actual Steps,,210,,1/1/0001 12:00:00 AM
Reagent Valve Response,Valve B,Position 10,Error Steps,< 100,6,True,1/1/0001 12:00:00 AM
Reagent Valve Response,Valve B,Position 11,Expected Steps,,204,,10/18/2018 3:15:09 PM
Reagent Valve Response,Valve B,Position 11,Actual Steps,,211,,1/1/0001 12:00:00 AM
Reagent Valve Response,Valve B,Position 11,Error Steps,< 100,7,True,1/1/0001 12:00:00 AM
Reagent Valve Response,Valve B,Position 12,Expected Steps,,204,,10/18/2018 3:15:10 PM
Reagent Valve Response,Valve B,Position 12,Actual Steps,,211,,1/1/0001 12:00:00 AM
Reagent Valve Response,Valve B,Position 12,Error Steps,< 100,7,True,1/1/0001 12:00:00 AM
Reagent Valve Response,Valve B,Position 13,Expected Steps,,204,,10/18/2018 3:15:10 PM
Reagent Valve Response,Valve B,Position 13,Actual Steps,,204,,1/1/0001 12:00:00 AM
Reagent Valve Response,Valve B,Position 13,Error Steps,< 100,0,True,1/1/0001 12:00:00 AM
Reagent Valve Response,Valve B,Position 14,Expected Steps,,204,,10/18/2018 3:15:11 PM
Reagent Valve Response,Valve B,Position 14,Actual Steps,,199,,1/1/0001 12:00:00 AM
Reagent Valve Response,Valve B,Position 14,Error Steps,< 100,-5,True,1/1/0001 12:00:00 AM
Reagent Valve Response,Valve B,Position 15,Expected Steps,,204,,10/18/2018 3:15:12 PM
Reagent Valve Response,Valve B,Position 15,Actual Steps,,205,,1/1/0001 12:00:00 AM
Reagent Valve Response,Valve B,Position 15,Error Steps,< 100,1,True,1/1/0001 12:00:00 AM
Reagent Valve Response,Valve B,Position 16,Expected Steps,,204,,10/18/2018 3:15:12 PM
Reagent Valve Response,Valve B,Position 16,Actual Steps,,214,,1/1/0001 12:00:00 AM
Reagent Valve Response,Valve B,Position 16,Error Steps,< 100,10,True,1/1/0001 12:00:00 AM
Reagent Valve Response,Valve B,Position 17,Expected Steps,,204,,10/18/2018 3:15:13 PM
Reagent Valve Response,Valve B,Position 17,Actual Steps,,211,,1/1/0001 12:00:00 AM
Reagent Valve Response,Valve B,Position 17,Error Steps,< 100,7,True,1/1/0001 12:00:00 AM
Reagent Valve Response,Valve B,Position 18,Expected Steps,,204,,10/18/2018 3:15:14 PM
Reagent Valve Response,Valve B,Position 18,Actual Steps,,210,,1/1/0001 12:00:00 AM
Reagent Valve Response,Valve B,Position 18,Error Steps,< 100,6,True,1/1/0001 12:00:00 AM
Reagent Valve Response,Valve B,Position 19,Expected Steps,,204,,10/18/2018 3:15:15 PM
Reagent Valve Response,Valve B,Position 19,Actual Steps,,213,,1/1/0001 12:00:00 AM
Reagent Valve Response,Valve B,Position 19,Error Steps,< 100,9,True,1/1/0001 12:00:00 AM
Reagent Valve Response,Valve B,Position 20,Expected Steps,,204,,10/18/2018 3:15:15 PM
Reagent Valve Response,Valve B,Position 20,Actual Steps,,205,,1/1/0001 12:00:00 AM
Reagent Valve Response,Valve B,Position 20,Error Steps,< 100,1,True,1/1/0001 12:00:00 AM
Reagent Valve Response,Valve B,Position 21,Expected Steps,,204,,10/18/2018 3:15:16 PM
Reagent Valve Response,Valve B,Position 21,Actual Steps,,204,,1/1/0001 12:00:00 AM
Reagent Valve Response,Valve B,Position 21,Error Steps,< 100,0,True,1/1/0001 12:00:00 AM
Reagent Valve Response,Valve B,Position 22,Expected Steps,,204,,10/18/2018 3:15:17 PM
Reagent Valve Response,Valve B,Position 22,Actual Steps,,213,,1/1/0001 12:00:00 AM
Reagent Valve Response,Valve B,Position 22,Error Steps,< 100,9,True,1/1/0001 12:00:00 AM
Reagent Valve Response,Valve B,Position 23,Expected Steps,,204,,10/18/2018 3:15:18 PM
Reagent Valve Response,Valve B,Position 23,Actual Steps,,212,,1/1/0001 12:00:00 AM
Reagent Valve Response,Valve B,Position 23,Error Steps,< 100,8,True,1/1/0001 12:00:00 AM
Reagent Valve Response,Valve B,Position 24,Expected Steps,,204,,10/18/2018 3:15:18 PM
Reagent Valve Response,Valve B,Position 24,Actual Steps,,215,,1/1/0001 12:00:00 AM
Reagent Valve Response,Valve B,Position 24,Error Steps,< 100,11,True,1/1/0001 12:00:00 AM
Pump Valve Response,Pump A,Position 3000,Syringe Positions,3000,,True,10/18/2018 3:15:31 PM
Pump Valve Response,Pump A,Position 0,Syringe Positions,0,,True,1/1/0001 12:00:00 AM
Pump Valve Response,Pump A,Position 1,Valve Positions,1,,True,1/1/0001 12:00:00 AM
Pump Valve Response,Pump A,Position 2,Valve Positions,2,,True,1/1/0001 12:00:00 AM
Pump Valve Response,Pump A,Position 3,Valve Positions,3,,True,1/1/0001 12:00:00 AM
Pump Valve Response,Pump A,Position 4,Valve Positions,4,,True,1/1/0001 12:00:00 AM
Pump Valve Response,Pump A,Position 5,Valve Positions,5,,True,1/1/0001 12:00:00 AM
Pump Valve Response,Pump A,Position 6,Valve Positions,6,,True,1/1/0001 12:00:00 AM
Pump Valve Response,Pump B,Position 3000,Syringe Positions,3000,,True,10/18/2018 3:16:03 PM
Pump Valve Response,Pump B,Position 0,Syringe Positions,0,,True,1/1/0001 12:00:00 AM
Pump Valve Response,Pump B,Position 1,Valve Positions,1,,True,1/1/0001 12:00:00 AM
Pump Valve Response,Pump B,Position 2,Valve Positions,2,,True,1/1/0001 12:00:00 AM
Pump Valve Response,Pump B,Position 3,Valve Positions,3,,True,1/1/0001 12:00:00 AM
Pump Valve Response,Pump B,Position 4,Valve Positions,4,,True,1/1/0001 12:00:00 AM
Pump Valve Response,Pump B,Position 5,Valve Positions,5,,True,1/1/0001 12:00:00 AM
Pump Valve Response,Pump B,Position 6,Valve Positions,6,,True,1/1/0001 12:00:00 AM
PressureDecay1,Fluidic System Pressure Decay Test - NSS v1.2,Lane A,First Sample,,15:25:06.006,,10/18/2018 3:27:01 PM
PressureDecay1,Fluidic System Pressure Decay Test - NSS v1.2,Lane A,First Pressure,,16.955000,,1/1/0001 12:00:00 AM
PressureDecay1,Fluidic System Pressure Decay Test - NSS v1.2,Lane A,Second Sample,,15:25:49.886,,1/1/0001 12:00:00 AM
PressureDecay1,Fluidic System Pressure Decay Test - NSS v1.2,Lane A,Second Pressure,,15.191680,,1/1/0001 12:00:00 AM
PressureDecay1,Fluidic System Pressure Decay Test - NSS v1.2,Lane A,Leak Rate,< 5,0.039580,True,1/1/0001 12:00:00 AM
PressureDecay1,Fluidic System Pressure Decay Test - NSS v1.2,Lane A,Target Pressure,,0.020000,,1/1/0001 12:00:00 AM
PressureDecay1,Fluidic System Pressure Decay Test - NSS v1.2,Lane B,First Sample,,15:25:05.746,,10/18/2018 3:27:01 PM
PressureDecay1,Fluidic System Pressure Decay Test - NSS v1.2,Lane B,First Pressure,,16.887180,,1/1/0001 12:00:00 AM
PressureDecay1,Fluidic System Pressure Decay Test - NSS v1.2,Lane B,Second Sample,,15:25:49.626,,1/1/0001 12:00:00 AM
PressureDecay1,Fluidic System Pressure Decay Test - NSS v1.2,Lane B,Second Pressure,,16.276800,,1/1/0001 12:00:00 AM
PressureDecay1,Fluidic System Pressure Decay Test - NSS v1.2,Lane B,Leak Rate,< 5,0.013751,True,1/1/0001 12:00:00 AM
PressureDecay1,Fluidic System Pressure Decay Test - NSS v1.2,Lane B,Target Pressure,,0.020000,,1/1/0001 12:00:00 AM
PressureDecay1,Diagnostic Line Pressure Decay Test - NSS v1.2,Lane A,First Sample,,15:29:14.866,,10/18/2018 3:30:17 PM
PressureDecay1,Diagnostic Line Pressure Decay Test - NSS v1.2,Lane A,First Pressure,,17.226280,,1/1/0001 12:00:00 AM
PressureDecay1,Diagnostic Line Pressure Decay Test - NSS v1.2,Lane A,Second Sample,,15:29:58.826,,1/1/0001 12:00:00 AM
PressureDecay1,Diagnostic Line Pressure Decay Test - NSS v1.2,Lane A,Second Pressure,,12.817980,,1/1/0001 12:00:00 AM
PressureDecay1,Diagnostic Line Pressure Decay Test - NSS v1.2,Lane A,Leak Rate,< 5,0.100360,True,1/1/0001 12:00:00 AM
PressureDecay1,Diagnostic Line Pressure Decay Test - NSS v1.2,Lane A,Target Pressure,,0.020000,,1/1/0001 12:00:00 AM
PressureDecay1,Diagnostic Line Pressure Decay Test - NSS v1.2,Lane B,First Sample,,15:29:15.136,,10/18/2018 3:30:17 PM
PressureDecay1,Diagnostic Line Pressure Decay Test - NSS v1.2,Lane B,First Pressure,,18.175760,,1/1/0001 12:00:00 AM
PressureDecay1,Diagnostic Line Pressure Decay Test - NSS v1.2,Lane B,Second Sample,,15:29:59.006,,1/1/0001 12:00:00 AM
PressureDecay1,Diagnostic Line Pressure Decay Test - NSS v1.2,Lane B,Second Pressure,,17.158460,,1/1/0001 12:00:00 AM
PressureDecay1,Diagnostic Line Pressure Decay Test - NSS v1.2,Lane B,Leak Rate,< 5,0.022580,True,1/1/0001 12:00:00 AM
PressureDecay1,Diagnostic Line Pressure Decay Test - NSS v1.2,Lane B,Target Pressure,,0.020000,,1/1/0001 12:00:00 AM
Flow Rate,Lane A,,Actual Flow Rate,3100.000000 +/- 700.000000,3191.724121,True,10/18/2018 3:48:57 PM
Flow Rate,Lane A,,Flight Time,,128600,,10/18/2018 3:48:57 PM
Flow Rate,Lane A,,Scale Factor,,0.971262,,10/18/2018 3:48:57 PM
Flow Rate,Lane A,,Std,< 3100.000000,25.367011,True,10/18/2018 3:48:57 PM
Flow Rate,Lane B,,Actual Flow Rate,3100.000000 +/- 700.000000,3053.903564,True,10/18/2018 3:48:57 PM
Flow Rate,Lane B,,Flight Time,,134400,,10/18/2018 3:48:57 PM
Flow Rate,Lane B,,Scale Factor,,1.015094,,10/18/2018 3:48:57 PM
Flow Rate,Lane B,,Std,< 3100.000000,18.269968,True,10/18/2018 3:48:57 PM
