Filename,D:\Illumina\SystemCheckResults\AllResultDetails\NS500355_2019-04-01__14_19_32_SystemCheckResultDetails.csv
Application,2.2.0.2
Location,Field
Instrument ID,NS500355
Integrated Chassis ID,ICA1415024
Imaging Module ID,ICA1415024
FPGA version,r.2016.3.0

Category,Detail 1, Detail 2,Test,Expected Result,Result,Pass,Time
BSM,Cycle 1,,BSM Z Up Distance,149259 +/- 3635,150643,True,4/1/2019 1:00:08 PM
BSM,Cycle 1,,BSM Z Up Avg Gain,62900 +/- 5000,62722,True,4/1/2019 1:00:08 PM
BSM,Cycle 1,,BSM Z Down Distance,149259 +/- 3635,151073,True,4/1/2019 1:00:08 PM
BSM,Cycle 1,,BSM Z Down Avg Gain,61800 +/- 5000,62281,True,4/1/2019 1:00:08 PM
FCLM FAM,,,FAM Y Load Distance,194968 +/- 1948,194426,True,4/1/2019 1:03:14 PM
FCLM FAM,,,FAM Y Load Avg Gain,58800 +/- 7200,59809,True,4/1/2019 1:03:14 PM
FCLM FAM,,,FAM Z Load Distance,19089 +/- 1093,18943,True,4/1/2019 1:03:14 PM
FCLM FAM,,,FCLM X Load Avg Gain,<= 65000,51479,True,4/1/2019 1:03:14 PM
FCLM FAM,,,FCLM Y Load Avg Gain,<= 65000,53341,True,4/1/2019 1:03:14 PM
FCLM FAM,,,FCLM Z Load Avg Gain,<= 65000,59714,True,4/1/2019 1:03:14 PM
FCLM FAM,,,FCLM Align Load Avg Gain,<= 65000,51114,True,4/1/2019 1:03:14 PM
FCLM FAM,,,FAM Y Unload Distance,194968 +/- 1948,194348,True,4/1/2019 1:03:14 PM
FCLM FAM,,,FAM Y Unload Avg Gain,58800 +/- 7200,59565,True,4/1/2019 1:03:14 PM
FCLM FAM,,,FAM Z Unload Distance,19089 +/- 1093,18881,True,4/1/2019 1:03:14 PM
FCLM FAM,,,FCLM X Unload Avg Gain,<= 75000,53907,True,4/1/2019 1:03:14 PM
FCLM FAM,,,FCLM Y Unload Avg Gain,<= 75000,50744,True,4/1/2019 1:03:14 PM
FCLM FAM,,,FCLM Z Unload Avg Gain,<= 75000,63092,True,4/1/2019 1:03:14 PM
FCLM FAM,,,FCLM Align Unload Avg Gain,<= 75000,54680,True,4/1/2019 1:03:14 PM
Z Travel Limits Test,Camera 1,,Z_min_range,X >= 299.0,299.973,True,4/1/2019 1:03:51 PM
Z-Stage Step and Settle Test,Camera 1,,Z_step_settle_max,X <= 70,53,True,4/1/2019 1:03:52 PM
Z-Stage Step and Settle Test,Camera 1,,Z_step_settle_min,,48,,4/1/2019 1:03:52 PM
Z-Stage Step and Settle Test,Camera 1,,Z_stability_oper_max,X <= 0.500,0.087,True,4/1/2019 1:03:52 PM
Z Travel Limits Test,Camera 2,,Z_min_range,X >= 299.0,299.973,True,4/1/2019 1:03:51 PM
Z-Stage Step and Settle Test,Camera 2,,Z_step_settle_max,X <= 70,53,True,4/1/2019 1:03:52 PM
Z-Stage Step and Settle Test,Camera 2,,Z_step_settle_min,,48,,4/1/2019 1:03:52 PM
Z-Stage Step and Settle Test,Camera 2,,Z_stability_oper_max,X <= 0.500,0.093,True,4/1/2019 1:03:52 PM
Z Travel Limits Test,Camera 3,,Z_min_range,X >= 299.0,299.942,True,4/1/2019 1:03:51 PM
Z-Stage Step and Settle Test,Camera 3,,Z_step_settle_max,X <= 70,53,True,4/1/2019 1:03:52 PM
Z-Stage Step and Settle Test,Camera 3,,Z_step_settle_min,,48,,4/1/2019 1:03:52 PM
Z-Stage Step and Settle Test,Camera 3,,Z_stability_oper_max,X <= 0.500,0.121,True,4/1/2019 1:03:52 PM
Z Travel Limits Test,Camera 4,,Z_min_range,X >= 299.0,299.957,True,4/1/2019 1:03:51 PM
Z-Stage Step and Settle Test,Camera 4,,Z_step_settle_max,X <= 70,53,True,4/1/2019 1:03:52 PM
Z-Stage Step and Settle Test,Camera 4,,Z_step_settle_min,,48,,4/1/2019 1:03:52 PM
Z-Stage Step and Settle Test,Camera 4,,Z_stability_oper_max,X <= 0.500,0.159,True,4/1/2019 1:03:52 PM
Z Travel Limits Test,Camera 5,,Z_min_range,X >= 299.0,299.988,True,4/1/2019 1:03:51 PM
Z-Stage Step and Settle Test,Camera 5,,Z_step_settle_max,X <= 70,53,True,4/1/2019 1:03:52 PM
Z-Stage Step and Settle Test,Camera 5,,Z_step_settle_min,,48,,4/1/2019 1:03:52 PM
Z-Stage Step and Settle Test,Camera 5,,Z_stability_oper_max,X <= 0.500,0.093,True,4/1/2019 1:03:52 PM
Z Travel Limits Test,Camera 6,,Z_min_range,X >= 299.0,299.973,True,4/1/2019 1:03:51 PM
Z-Stage Step and Settle Test,Camera 6,,Z_step_settle_max,X <= 70,53,True,4/1/2019 1:03:52 PM
Z-Stage Step and Settle Test,Camera 6,,Z_step_settle_min,,48,,4/1/2019 1:03:52 PM
Z-Stage Step and Settle Test,Camera 6,,Z_stability_oper_max,X <= 0.500,0.099,True,4/1/2019 1:03:52 PM
Camera XY Travel Limits Test,Stage,,X_range,X >= 22.95,23.00,True,4/1/2019 1:03:40 PM
Camera XY Travel Limits Test,Stage,,Y_range,X >= 28.45,28.50,True,4/1/2019 1:03:40 PM
XY Registration Test,Camera 1,,Theta_X_Tilt,="-0.172 <= X <= 0.172",-0.002813223,True,4/1/2019 1:20:00 PM
XY Registration Test,Camera 1,,Theta_Y_Tilt,="-0.229 <= X <= 0.229",-0.0192212,True,4/1/2019 1:20:00 PM
XY Registration Test,Camera 2,,Theta_X_Tilt,="-0.172 <= X <= 0.172",-0.0006794874,True,4/1/2019 1:20:00 PM
XY Registration Test,Camera 2,,Theta_Y_Tilt,="-0.229 <= X <= 0.229",0.0124082,True,4/1/2019 1:20:00 PM
XY Registration Test,Camera 3,,Theta_X_Tilt,="-0.172 <= X <= 0.172",0.01707277,True,4/1/2019 1:20:00 PM
XY Registration Test,Camera 3,,Theta_Y_Tilt,="-0.229 <= X <= 0.229",0.01259928,True,4/1/2019 1:20:00 PM
XY Registration Test,Camera 4,,Theta_X_Tilt,="-0.172 <= X <= 0.172",0.01721178,True,4/1/2019 1:20:00 PM
XY Registration Test,Camera 4,,Theta_Y_Tilt,="-0.229 <= X <= 0.229",0.01835256,True,4/1/2019 1:20:00 PM
XY Registration Test,Camera 5,,Theta_X_Tilt,="-0.172 <= X <= 0.172",-0.005595617,True,4/1/2019 1:20:00 PM
XY Registration Test,Camera 5,,Theta_Y_Tilt,="-0.229 <= X <= 0.229",0.011289,True,4/1/2019 1:20:00 PM
XY Registration Test,Camera 6,,Theta_X_Tilt,="-0.172 <= X <= 0.172",0.01395054,True,4/1/2019 1:20:00 PM
XY Registration Test,Camera 6,,Theta_Y_Tilt,="-0.229 <= X <= 0.229",0.01636243,True,4/1/2019 1:20:00 PM
XY Registration Test,Stage,,Y_skew,="-0.235 <= X <= 0.235",-0.04973355,True,4/1/2019 1:20:00 PM
Reagent Valve Response,Valve A,Position 1,Expected Steps,,1633,,4/1/2019 1:21:20 PM
Reagent Valve Response,Valve A,Position 1,Actual Steps,,1675,,1/1/0001 12:00:00 AM
Reagent Valve Response,Valve A,Position 1,Error Steps,< 100,42,True,1/1/0001 12:00:00 AM
Reagent Valve Response,Valve A,Position 2,Expected Steps,,204,,4/1/2019 1:21:21 PM
Reagent Valve Response,Valve A,Position 2,Actual Steps,,212,,1/1/0001 12:00:00 AM
Reagent Valve Response,Valve A,Position 2,Error Steps,< 100,8,True,1/1/0001 12:00:00 AM
Reagent Valve Response,Valve A,Position 3,Expected Steps,,204,,4/1/2019 1:21:22 PM
Reagent Valve Response,Valve A,Position 3,Actual Steps,,205,,1/1/0001 12:00:00 AM
Reagent Valve Response,Valve A,Position 3,Error Steps,< 100,1,True,1/1/0001 12:00:00 AM
Reagent Valve Response,Valve A,Position 4,Expected Steps,,204,,4/1/2019 1:21:22 PM
Reagent Valve Response,Valve A,Position 4,Actual Steps,,206,,1/1/0001 12:00:00 AM
Reagent Valve Response,Valve A,Position 4,Error Steps,< 100,2,True,1/1/0001 12:00:00 AM
Reagent Valve Response,Valve A,Position 5,Expected Steps,,204,,4/1/2019 1:21:23 PM
Reagent Valve Response,Valve A,Position 5,Actual Steps,,211,,1/1/0001 12:00:00 AM
Reagent Valve Response,Valve A,Position 5,Error Steps,< 100,7,True,1/1/0001 12:00:00 AM
Reagent Valve Response,Valve A,Position 6,Expected Steps,,204,,4/1/2019 1:21:24 PM
Reagent Valve Response,Valve A,Position 6,Actual Steps,,213,,1/1/0001 12:00:00 AM
Reagent Valve Response,Valve A,Position 6,Error Steps,< 100,9,True,1/1/0001 12:00:00 AM
Reagent Valve Response,Valve A,Position 7,Expected Steps,,204,,4/1/2019 1:21:24 PM
Reagent Valve Response,Valve A,Position 7,Actual Steps,,214,,1/1/0001 12:00:00 AM
Reagent Valve Response,Valve A,Position 7,Error Steps,< 100,10,True,1/1/0001 12:00:00 AM
Reagent Valve Response,Valve A,Position 8,Expected Steps,,204,,4/1/2019 1:21:25 PM
Reagent Valve Response,Valve A,Position 8,Actual Steps,,210,,1/1/0001 12:00:00 AM
Reagent Valve Response,Valve A,Position 8,Error Steps,< 100,6,True,1/1/0001 12:00:00 AM
Reagent Valve Response,Valve A,Position 9,Expected Steps,,204,,4/1/2019 1:21:26 PM
Reagent Valve Response,Valve A,Position 9,Actual Steps,,203,,1/1/0001 12:00:00 AM
Reagent Valve Response,Valve A,Position 9,Error Steps,< 100,-1,True,1/1/0001 12:00:00 AM
Reagent Valve Response,Valve A,Position 10,Expected Steps,,204,,4/1/2019 1:21:27 PM
Reagent Valve Response,Valve A,Position 10,Actual Steps,,208,,1/1/0001 12:00:00 AM
Reagent Valve Response,Valve A,Position 10,Error Steps,< 100,4,True,1/1/0001 12:00:00 AM
Reagent Valve Response,Valve A,Position 11,Expected Steps,,204,,4/1/2019 1:21:27 PM
Reagent Valve Response,Valve A,Position 11,Actual Steps,,205,,1/1/0001 12:00:00 AM
Reagent Valve Response,Valve A,Position 11,Error Steps,< 100,1,True,1/1/0001 12:00:00 AM
Reagent Valve Response,Valve A,Position 12,Expected Steps,,204,,4/1/2019 1:21:28 PM
Reagent Valve Response,Valve A,Position 12,Actual Steps,,212,,1/1/0001 12:00:00 AM
Reagent Valve Response,Valve A,Position 12,Error Steps,< 100,8,True,1/1/0001 12:00:00 AM
Reagent Valve Response,Valve A,Position 13,Expected Steps,,204,,4/1/2019 1:21:29 PM
Reagent Valve Response,Valve A,Position 13,Actual Steps,,213,,1/1/0001 12:00:00 AM
Reagent Valve Response,Valve A,Position 13,Error Steps,< 100,9,True,1/1/0001 12:00:00 AM
Reagent Valve Response,Valve A,Position 14,Expected Steps,,204,,4/1/2019 1:21:29 PM
Reagent Valve Response,Valve A,Position 14,Actual Steps,,200,,1/1/0001 12:00:00 AM
Reagent Valve Response,Valve A,Position 14,Error Steps,< 100,-4,True,1/1/0001 12:00:00 AM
Reagent Valve Response,Valve A,Position 15,Expected Steps,,204,,4/1/2019 1:21:30 PM
Reagent Valve Response,Valve A,Position 15,Actual Steps,,204,,1/1/0001 12:00:00 AM
Reagent Valve Response,Valve A,Position 15,Error Steps,< 100,0,True,1/1/0001 12:00:00 AM
Reagent Valve Response,Valve A,Position 16,Expected Steps,,204,,4/1/2019 1:21:31 PM
Reagent Valve Response,Valve A,Position 16,Actual Steps,,212,,1/1/0001 12:00:00 AM
Reagent Valve Response,Valve A,Position 16,Error Steps,< 100,8,True,1/1/0001 12:00:00 AM
Reagent Valve Response,Valve A,Position 17,Expected Steps,,204,,4/1/2019 1:21:32 PM
Reagent Valve Response,Valve A,Position 17,Actual Steps,,201,,1/1/0001 12:00:00 AM
Reagent Valve Response,Valve A,Position 17,Error Steps,< 100,-3,True,1/1/0001 12:00:00 AM
Reagent Valve Response,Valve A,Position 18,Expected Steps,,204,,4/1/2019 1:21:32 PM
Reagent Valve Response,Valve A,Position 18,Actual Steps,,206,,1/1/0001 12:00:00 AM
Reagent Valve Response,Valve A,Position 18,Error Steps,< 100,2,True,1/1/0001 12:00:00 AM
Reagent Valve Response,Valve A,Position 19,Expected Steps,,204,,4/1/2019 1:21:33 PM
Reagent Valve Response,Valve A,Position 19,Actual Steps,,205,,1/1/0001 12:00:00 AM
Reagent Valve Response,Valve A,Position 19,Error Steps,< 100,1,True,1/1/0001 12:00:00 AM
Reagent Valve Response,Valve A,Position 20,Expected Steps,,204,,4/1/2019 1:21:34 PM
Reagent Valve Response,Valve A,Position 20,Actual Steps,,207,,1/1/0001 12:00:00 AM
Reagent Valve Response,Valve A,Position 20,Error Steps,< 100,3,True,1/1/0001 12:00:00 AM
Reagent Valve Response,Valve A,Position 21,Expected Steps,,204,,4/1/2019 1:21:34 PM
Reagent Valve Response,Valve A,Position 21,Actual Steps,,205,,1/1/0001 12:00:00 AM
Reagent Valve Response,Valve A,Position 21,Error Steps,< 100,1,True,1/1/0001 12:00:00 AM
Reagent Valve Response,Valve A,Position 22,Expected Steps,,204,,4/1/2019 1:21:35 PM
Reagent Valve Response,Valve A,Position 22,Actual Steps,,205,,1/1/0001 12:00:00 AM
Reagent Valve Response,Valve A,Position 22,Error Steps,< 100,1,True,1/1/0001 12:00:00 AM
Reagent Valve Response,Valve A,Position 23,Expected Steps,,204,,4/1/2019 1:21:36 PM
Reagent Valve Response,Valve A,Position 23,Actual Steps,,207,,1/1/0001 12:00:00 AM
Reagent Valve Response,Valve A,Position 23,Error Steps,< 100,3,True,1/1/0001 12:00:00 AM
Reagent Valve Response,Valve A,Position 24,Expected Steps,,204,,4/1/2019 1:21:36 PM
Reagent Valve Response,Valve A,Position 24,Actual Steps,,203,,1/1/0001 12:00:00 AM
Reagent Valve Response,Valve A,Position 24,Error Steps,< 100,-1,True,1/1/0001 12:00:00 AM
Reagent Valve Response,Valve B,Position 1,Expected Steps,,2450,,4/1/2019 1:21:38 PM
Reagent Valve Response,Valve B,Position 1,Actual Steps,,2483,,1/1/0001 12:00:00 AM
Reagent Valve Response,Valve B,Position 1,Error Steps,< 100,33,True,1/1/0001 12:00:00 AM
Reagent Valve Response,Valve B,Position 2,Expected Steps,,204,,4/1/2019 1:21:39 PM
Reagent Valve Response,Valve B,Position 2,Actual Steps,,236,,1/1/0001 12:00:00 AM
Reagent Valve Response,Valve B,Position 2,Error Steps,< 100,32,True,1/1/0001 12:00:00 AM
Reagent Valve Response,Valve B,Position 3,Expected Steps,,204,,4/1/2019 1:21:39 PM
Reagent Valve Response,Valve B,Position 3,Actual Steps,,205,,1/1/0001 12:00:00 AM
Reagent Valve Response,Valve B,Position 3,Error Steps,< 100,1,True,1/1/0001 12:00:00 AM
Reagent Valve Response,Valve B,Position 4,Expected Steps,,204,,4/1/2019 1:21:40 PM
Reagent Valve Response,Valve B,Position 4,Actual Steps,,208,,1/1/0001 12:00:00 AM
Reagent Valve Response,Valve B,Position 4,Error Steps,< 100,4,True,1/1/0001 12:00:00 AM
Reagent Valve Response,Valve B,Position 5,Expected Steps,,204,,4/1/2019 1:21:41 PM
Reagent Valve Response,Valve B,Position 5,Actual Steps,,209,,1/1/0001 12:00:00 AM
Reagent Valve Response,Valve B,Position 5,Error Steps,< 100,5,True,1/1/0001 12:00:00 AM
Reagent Valve Response,Valve B,Position 6,Expected Steps,,204,,4/1/2019 1:21:42 PM
Reagent Valve Response,Valve B,Position 6,Actual Steps,,214,,1/1/0001 12:00:00 AM
Reagent Valve Response,Valve B,Position 6,Error Steps,< 100,10,True,1/1/0001 12:00:00 AM
Reagent Valve Response,Valve B,Position 7,Expected Steps,,204,,4/1/2019 1:21:42 PM
Reagent Valve Response,Valve B,Position 7,Actual Steps,,212,,1/1/0001 12:00:00 AM
Reagent Valve Response,Valve B,Position 7,Error Steps,< 100,8,True,1/1/0001 12:00:00 AM
Reagent Valve Response,Valve B,Position 8,Expected Steps,,204,,4/1/2019 1:21:43 PM
Reagent Valve Response,Valve B,Position 8,Actual Steps,,212,,1/1/0001 12:00:00 AM
Reagent Valve Response,Valve B,Position 8,Error Steps,< 100,8,True,1/1/0001 12:00:00 AM
Reagent Valve Response,Valve B,Position 9,Expected Steps,,204,,4/1/2019 1:21:44 PM
Reagent Valve Response,Valve B,Position 9,Actual Steps,,208,,1/1/0001 12:00:00 AM
Reagent Valve Response,Valve B,Position 9,Error Steps,< 100,4,True,1/1/0001 12:00:00 AM
Reagent Valve Response,Valve B,Position 10,Expected Steps,,204,,4/1/2019 1:21:44 PM
Reagent Valve Response,Valve B,Position 10,Actual Steps,,205,,1/1/0001 12:00:00 AM
Reagent Valve Response,Valve B,Position 10,Error Steps,< 100,1,True,1/1/0001 12:00:00 AM
Reagent Valve Response,Valve B,Position 11,Expected Steps,,204,,4/1/2019 1:21:45 PM
Reagent Valve Response,Valve B,Position 11,Actual Steps,,204,,1/1/0001 12:00:00 AM
Reagent Valve Response,Valve B,Position 11,Error Steps,< 100,0,True,1/1/0001 12:00:00 AM
Reagent Valve Response,Valve B,Position 12,Expected Steps,,204,,4/1/2019 1:21:46 PM
Reagent Valve Response,Valve B,Position 12,Actual Steps,,214,,1/1/0001 12:00:00 AM
Reagent Valve Response,Valve B,Position 12,Error Steps,< 100,10,True,1/1/0001 12:00:00 AM
Reagent Valve Response,Valve B,Position 13,Expected Steps,,204,,4/1/2019 1:21:47 PM
Reagent Valve Response,Valve B,Position 13,Actual Steps,,211,,1/1/0001 12:00:00 AM
Reagent Valve Response,Valve B,Position 13,Error Steps,< 100,7,True,1/1/0001 12:00:00 AM
Reagent Valve Response,Valve B,Position 14,Expected Steps,,204,,4/1/2019 1:21:47 PM
Reagent Valve Response,Valve B,Position 14,Actual Steps,,201,,1/1/0001 12:00:00 AM
Reagent Valve Response,Valve B,Position 14,Error Steps,< 100,-3,True,1/1/0001 12:00:00 AM
Reagent Valve Response,Valve B,Position 15,Expected Steps,,204,,4/1/2019 1:21:48 PM
Reagent Valve Response,Valve B,Position 15,Actual Steps,,213,,1/1/0001 12:00:00 AM
Reagent Valve Response,Valve B,Position 15,Error Steps,< 100,9,True,1/1/0001 12:00:00 AM
Reagent Valve Response,Valve B,Position 16,Expected Steps,,204,,4/1/2019 1:21:49 PM
Reagent Valve Response,Valve B,Position 16,Actual Steps,,206,,1/1/0001 12:00:00 AM
Reagent Valve Response,Valve B,Position 16,Error Steps,< 100,2,True,1/1/0001 12:00:00 AM
Reagent Valve Response,Valve B,Position 17,Expected Steps,,204,,4/1/2019 1:21:49 PM
Reagent Valve Response,Valve B,Position 17,Actual Steps,,200,,1/1/0001 12:00:00 AM
Reagent Valve Response,Valve B,Position 17,Error Steps,< 100,-4,True,1/1/0001 12:00:00 AM
Reagent Valve Response,Valve B,Position 18,Expected Steps,,204,,4/1/2019 1:21:50 PM
Reagent Valve Response,Valve B,Position 18,Actual Steps,,206,,1/1/0001 12:00:00 AM
Reagent Valve Response,Valve B,Position 18,Error Steps,< 100,2,True,1/1/0001 12:00:00 AM
Reagent Valve Response,Valve B,Position 19,Expected Steps,,204,,4/1/2019 1:21:51 PM
Reagent Valve Response,Valve B,Position 19,Actual Steps,,202,,1/1/0001 12:00:00 AM
Reagent Valve Response,Valve B,Position 19,Error Steps,< 100,-2,True,1/1/0001 12:00:00 AM
Reagent Valve Response,Valve B,Position 20,Expected Steps,,204,,4/1/2019 1:21:51 PM
Reagent Valve Response,Valve B,Position 20,Actual Steps,,209,,1/1/0001 12:00:00 AM
Reagent Valve Response,Valve B,Position 20,Error Steps,< 100,5,True,1/1/0001 12:00:00 AM
Reagent Valve Response,Valve B,Position 21,Expected Steps,,204,,4/1/2019 1:21:52 PM
Reagent Valve Response,Valve B,Position 21,Actual Steps,,202,,1/1/0001 12:00:00 AM
Reagent Valve Response,Valve B,Position 21,Error Steps,< 100,-2,True,1/1/0001 12:00:00 AM
Reagent Valve Response,Valve B,Position 22,Expected Steps,,204,,4/1/2019 1:21:53 PM
Reagent Valve Response,Valve B,Position 22,Actual Steps,,205,,1/1/0001 12:00:00 AM
Reagent Valve Response,Valve B,Position 22,Error Steps,< 100,1,True,1/1/0001 12:00:00 AM
Reagent Valve Response,Valve B,Position 23,Expected Steps,,204,,4/1/2019 1:21:54 PM
Reagent Valve Response,Valve B,Position 23,Actual Steps,,206,,1/1/0001 12:00:00 AM
Reagent Valve Response,Valve B,Position 23,Error Steps,< 100,2,True,1/1/0001 12:00:00 AM
Reagent Valve Response,Valve B,Position 24,Expected Steps,,204,,4/1/2019 1:21:54 PM
Reagent Valve Response,Valve B,Position 24,Actual Steps,,208,,1/1/0001 12:00:00 AM
Reagent Valve Response,Valve B,Position 24,Error Steps,< 100,4,True,1/1/0001 12:00:00 AM
Pump Valve Response,Pump A,Position 3000,Syringe Positions,3000,,True,4/1/2019 1:22:07 PM
Pump Valve Response,Pump A,Position 0,Syringe Positions,0,,True,1/1/0001 12:00:00 AM
Pump Valve Response,Pump A,Position 1,Valve Positions,1,,True,1/1/0001 12:00:00 AM
Pump Valve Response,Pump A,Position 2,Valve Positions,2,,True,1/1/0001 12:00:00 AM
Pump Valve Response,Pump A,Position 3,Valve Positions,3,,True,1/1/0001 12:00:00 AM
Pump Valve Response,Pump A,Position 4,Valve Positions,4,,True,1/1/0001 12:00:00 AM
Pump Valve Response,Pump A,Position 5,Valve Positions,5,,True,1/1/0001 12:00:00 AM
Pump Valve Response,Pump A,Position 6,Valve Positions,6,,True,1/1/0001 12:00:00 AM
Pump Valve Response,Pump B,Position 3000,Syringe Positions,3000,,True,4/1/2019 1:22:39 PM
Pump Valve Response,Pump B,Position 0,Syringe Positions,0,,True,1/1/0001 12:00:00 AM
Pump Valve Response,Pump B,Position 1,Valve Positions,1,,True,1/1/0001 12:00:00 AM
Pump Valve Response,Pump B,Position 2,Valve Positions,2,,True,1/1/0001 12:00:00 AM
Pump Valve Response,Pump B,Position 3,Valve Positions,3,,True,1/1/0001 12:00:00 AM
Pump Valve Response,Pump B,Position 4,Valve Positions,4,,True,1/1/0001 12:00:00 AM
Pump Valve Response,Pump B,Position 5,Valve Positions,5,,True,1/1/0001 12:00:00 AM
Pump Valve Response,Pump B,Position 6,Valve Positions,6,,True,1/1/0001 12:00:00 AM
PressureDecay1,Fluidic System Pressure Decay Test - NSS v1.2,,,,,False,4/1/2019 1:22:58 PM
PressureDecay1,Fluidic System Pressure Decay Test - NSS v1.2,Lane A,First Sample,,00:00:00.000,,4/1/2019 1:33:18 PM
PressureDecay1,Fluidic System Pressure Decay Test - NSS v1.2,Lane A,First Pressure,,NaN,,1/1/0001 12:00:00 AM
PressureDecay1,Fluidic System Pressure Decay Test - NSS v1.2,Lane A,Second Sample,,00:00:00.000,,1/1/0001 12:00:00 AM
PressureDecay1,Fluidic System Pressure Decay Test - NSS v1.2,Lane A,Second Pressure,,NaN,,1/1/0001 12:00:00 AM
PressureDecay1,Fluidic System Pressure Decay Test - NSS v1.2,Lane A,Leak Rate,< 5,NaN,False,1/1/0001 12:00:00 AM
PressureDecay1,Fluidic System Pressure Decay Test - NSS v1.2,Lane A,Target Pressure,,NaN,,1/1/0001 12:00:00 AM
PressureDecay1,Fluidic System Pressure Decay Test - NSS v1.2,Lane B,First Sample,,00:00:00.000,,4/1/2019 1:33:18 PM
PressureDecay1,Fluidic System Pressure Decay Test - NSS v1.2,Lane B,First Pressure,,NaN,,1/1/0001 12:00:00 AM
PressureDecay1,Fluidic System Pressure Decay Test - NSS v1.2,Lane B,Second Sample,,00:00:00.000,,1/1/0001 12:00:00 AM
PressureDecay1,Fluidic System Pressure Decay Test - NSS v1.2,Lane B,Second Pressure,,NaN,,1/1/0001 12:00:00 AM
PressureDecay1,Fluidic System Pressure Decay Test - NSS v1.2,Lane B,Leak Rate,< 5,NaN,False,1/1/0001 12:00:00 AM
PressureDecay1,Fluidic System Pressure Decay Test - NSS v1.2,Lane B,Target Pressure,,NaN,,1/1/0001 12:00:00 AM
PressureDecay1,Diagnostic Line Pressure Decay Test - NSS v1.2,Lane A,First Sample,,13:35:30.970,,4/1/2019 1:36:37 PM
PressureDecay1,Diagnostic Line Pressure Decay Test - NSS v1.2,Lane A,First Pressure,,18.718320,,1/1/0001 12:00:00 AM
PressureDecay1,Diagnostic Line Pressure Decay Test - NSS v1.2,Lane A,Second Sample,,13:36:15.840,,1/1/0001 12:00:00 AM
PressureDecay1,Diagnostic Line Pressure Decay Test - NSS v1.2,Lane A,Second Pressure,,18.582680,,1/1/0001 12:00:00 AM
PressureDecay1,Diagnostic Line Pressure Decay Test - NSS v1.2,Lane A,Leak Rate,< 5,0.002968,True,1/1/0001 12:00:00 AM
PressureDecay1,Diagnostic Line Pressure Decay Test - NSS v1.2,Lane A,Target Pressure,,0.020000,,1/1/0001 12:00:00 AM
PressureDecay1,Diagnostic Line Pressure Decay Test - NSS v1.2,Lane B,First Sample,,13:35:30.700,,4/1/2019 1:36:37 PM
PressureDecay1,Diagnostic Line Pressure Decay Test - NSS v1.2,Lane B,First Pressure,,18.175760,,1/1/0001 12:00:00 AM
PressureDecay1,Diagnostic Line Pressure Decay Test - NSS v1.2,Lane B,Second Sample,,13:36:14.850,,1/1/0001 12:00:00 AM
PressureDecay1,Diagnostic Line Pressure Decay Test - NSS v1.2,Lane B,Second Pressure,,17.836660,,1/1/0001 12:00:00 AM
PressureDecay1,Diagnostic Line Pressure Decay Test - NSS v1.2,Lane B,Leak Rate,< 5,0.007114,True,1/1/0001 12:00:00 AM
PressureDecay1,Diagnostic Line Pressure Decay Test - NSS v1.2,Lane B,Target Pressure,,0.020000,,1/1/0001 12:00:00 AM
Flow Rate,Lane A,,Actual Flow Rate,3100.000000 +/- 700.000000,3142.692871,True,4/1/2019 1:55:13 PM
Flow Rate,Lane A,,Flight Time,,130600,,4/1/2019 1:55:13 PM
Flow Rate,Lane A,,Scale Factor,,0.986415,,4/1/2019 1:55:13 PM
Flow Rate,Lane A,,Std,< 3100.000000,11.806708,True,4/1/2019 1:55:13 PM
Flow Rate,Lane B,,Actual Flow Rate,3100.000000 +/- 700.000000,3162.122559,True,4/1/2019 1:55:13 PM
Flow Rate,Lane B,,Flight Time,,129800,,4/1/2019 1:55:13 PM
Flow Rate,Lane B,,Scale Factor,,0.980354,,4/1/2019 1:55:13 PM
Flow Rate,Lane B,,Std,< 3100.000000,18.194994,True,4/1/2019 1:55:13 PM
Fan Test,Fan 0 - LED,,Speed (PPM),>= 5,8467,True,1/1/0001 12:00:00 AM
Fan Test,Fan 2 - Ebox1,,Speed (PPM),>= 5,30954,True,1/1/0001 12:00:00 AM
Fan Test,Fan 3 - Exhaust0,,Speed (PPM),>= 5,8111,True,1/1/0001 12:00:00 AM
Fan Test,Fan 4 - Exhaust1,,Speed (PPM),>= 5,0,False,1/1/0001 12:00:00 AM
Fan Test,Fan 5 - Exhaust2,,Speed (PPM),>= 5,8265,True,1/1/0001 12:00:00 AM
Fan Test,Fan 6 - Flowcell,,Speed (PPM),>= 5,17897,True,1/1/0001 12:00:00 AM
Temp Probe Test,Probe 0 - Board0,,Temperature (C),>= 0,27.287,True,1/1/0001 12:00:00 AM
Temp Probe Test,Probe 1 - Board1,,Temperature (C),>= 0,41.674,True,1/1/0001 12:00:00 AM
Temp Probe Test,Probe 2 - Camera0,,Temperature (C),>= 0,30.688,True,1/1/0001 12:00:00 AM
Temp Probe Test,Probe 3 - Camera1,,Temperature (C),>= 0,30.7128,True,1/1/0001 12:00:00 AM
Temp Probe Test,Probe 4 - Camera2,,Temperature (C),>= 0,30.563,True,1/1/0001 12:00:00 AM
Temp Probe Test,Probe 5 - Camera3,,Temperature (C),>= 0,30.563,True,1/1/0001 12:00:00 AM
Temp Probe Test,Probe 6 - Camera4,,Temperature (C),>= 0,30.813,True,1/1/0001 12:00:00 AM
Temp Probe Test,Probe 7 - Camera5,,Temperature (C),>= 0,30.75,True,1/1/0001 12:00:00 AM
Temp Probe Test,Probe 8 - ThermoCouple_Side,,Temperature (C),>= 0,26.6,True,1/1/0001 12:00:00 AM
Temp Probe Test,Probe 9 - ThermoCouple_Rear,,Temperature (C),>= 0,32.5,True,1/1/0001 12:00:00 AM
