Filename,D:\Illumina\SystemCheckResults\AllResultDetails\NS500355_2021-12-02__12_13_12_SystemCheckResultDetails.csv
Application,2.2.0.2
Location,Field
Instrument ID,NS500355
Integrated Chassis ID,ICA1415024
Imaging Module ID,ICA1415024
FPGA version,r.2016.3.0

Category,Detail 1, Detail 2,Test,Expected Result,Result,Pass,Time
BSM,Cycle 1,,BSM Z Up Distance,149259 +/- 3635,147710,True,12/2/2021 11:31:27 AM
BSM,Cycle 1,,BSM Z Up Avg Gain,62900 +/- 5000,62013,True,12/2/2021 11:31:27 AM
BSM,Cycle 1,,BSM Z Down Distance,149259 +/- 3635,147512,True,12/2/2021 11:31:27 AM
BSM,Cycle 1,,BSM Z Down Avg Gain,61800 +/- 5000,61648,True,12/2/2021 11:31:27 AM
FCLM FAM,,,FAM Y Load Distance,194968 +/- 1948,194318,True,12/2/2021 11:34:13 AM
FCLM FAM,,,FAM Y Load Avg Gain,58800 +/- 7200,59957,True,12/2/2021 11:34:13 AM
FCLM FAM,,,FAM Z Load Distance,19089 +/- 1093,18960,True,12/2/2021 11:34:13 AM
FCLM FAM,,,FCLM X Load Avg Gain,<= 65000,51630,True,12/2/2021 11:34:13 AM
FCLM FAM,,,FCLM Y Load Avg Gain,<= 65000,53866,True,12/2/2021 11:34:13 AM
FCLM FAM,,,FCLM Z Load Avg Gain,<= 65000,59465,True,12/2/2021 11:34:13 AM
FCLM FAM,,,FCLM Align Load Avg Gain,<= 65000,52225,True,12/2/2021 11:34:13 AM
FCLM FAM,,,FAM Y Unload Distance,194968 +/- 1948,194401,True,12/2/2021 11:34:13 AM
FCLM FAM,,,FAM Y Unload Avg Gain,58800 +/- 7200,59505,True,12/2/2021 11:34:13 AM
FCLM FAM,,,FAM Z Unload Distance,19089 +/- 1093,18886,True,12/2/2021 11:34:13 AM
FCLM FAM,,,FCLM X Unload Avg Gain,<= 75000,54328,True,12/2/2021 11:34:13 AM
FCLM FAM,,,FCLM Y Unload Avg Gain,<= 75000,52489,True,12/2/2021 11:34:13 AM
FCLM FAM,,,FCLM Z Unload Avg Gain,<= 75000,63109,True,12/2/2021 11:34:13 AM
FCLM FAM,,,FCLM Align Unload Avg Gain,<= 75000,56289,True,12/2/2021 11:34:13 AM
Z Travel Limits Test,Camera 1,,Z_min_range,X >= 299.0,299.957,True,12/2/2021 11:34:50 AM
Z-Stage Step and Settle Test,Camera 1,,Z_step_settle_max,X <= 70,53,True,12/2/2021 11:34:52 AM
Z-Stage Step and Settle Test,Camera 1,,Z_step_settle_min,,48,,12/2/2021 11:34:52 AM
Z-Stage Step and Settle Test,Camera 1,,Z_stability_oper_max,X <= 0.500,0.089,True,12/2/2021 11:34:52 AM
Z Travel Limits Test,Camera 2,,Z_min_range,X >= 299.0,299.973,True,12/2/2021 11:34:50 AM
Z-Stage Step and Settle Test,Camera 2,,Z_step_settle_max,X <= 70,53,True,12/2/2021 11:34:52 AM
Z-Stage Step and Settle Test,Camera 2,,Z_step_settle_min,,47,,12/2/2021 11:34:52 AM
Z-Stage Step and Settle Test,Camera 2,,Z_stability_oper_max,X <= 0.500,0.106,True,12/2/2021 11:34:52 AM
Z Travel Limits Test,Camera 3,,Z_min_range,X >= 299.0,299.957,True,12/2/2021 11:34:50 AM
Z-Stage Step and Settle Test,Camera 3,,Z_step_settle_max,X <= 70,53,True,12/2/2021 11:34:52 AM
Z-Stage Step and Settle Test,Camera 3,,Z_step_settle_min,,48,,12/2/2021 11:34:52 AM
Z-Stage Step and Settle Test,Camera 3,,Z_stability_oper_max,X <= 0.500,0.094,True,12/2/2021 11:34:52 AM
Z Travel Limits Test,Camera 4,,Z_min_range,X >= 299.0,299.973,True,12/2/2021 11:34:50 AM
Z-Stage Step and Settle Test,Camera 4,,Z_step_settle_max,X <= 70,53,True,12/2/2021 11:34:52 AM
Z-Stage Step and Settle Test,Camera 4,,Z_step_settle_min,,48,,12/2/2021 11:34:52 AM
Z-Stage Step and Settle Test,Camera 4,,Z_stability_oper_max,X <= 0.500,0.147,True,12/2/2021 11:34:52 AM
Z Travel Limits Test,Camera 5,,Z_min_range,X >= 299.0,299.957,True,12/2/2021 11:34:50 AM
Z-Stage Step and Settle Test,Camera 5,,Z_step_settle_max,X <= 70,53,True,12/2/2021 11:34:52 AM
Z-Stage Step and Settle Test,Camera 5,,Z_step_settle_min,,48,,12/2/2021 11:34:52 AM
Z-Stage Step and Settle Test,Camera 5,,Z_stability_oper_max,X <= 0.500,0.091,True,12/2/2021 11:34:52 AM
Z Travel Limits Test,Camera 6,,Z_min_range,X >= 299.0,299.911,True,12/2/2021 11:34:50 AM
Z-Stage Step and Settle Test,Camera 6,,Z_step_settle_max,X <= 70,53,True,12/2/2021 11:34:52 AM
Z-Stage Step and Settle Test,Camera 6,,Z_step_settle_min,,48,,12/2/2021 11:34:52 AM
Z-Stage Step and Settle Test,Camera 6,,Z_stability_oper_max,X <= 0.500,0.112,True,12/2/2021 11:34:52 AM
Camera XY Travel Limits Test,Stage,,X_range,X >= 22.95,23.00,True,12/2/2021 11:34:39 AM
Camera XY Travel Limits Test,Stage,,Y_range,X >= 28.45,28.50,True,12/2/2021 11:34:39 AM
XY Registration Test,Camera 1,,Theta_X_Tilt,="-0.172 <= X <= 0.172",-0.01694586,True,12/2/2021 11:50:08 AM
XY Registration Test,Camera 1,,Theta_Y_Tilt,="-0.229 <= X <= 0.229",-0.01268445,True,12/2/2021 11:50:08 AM
XY Registration Test,Camera 2,,Theta_X_Tilt,="-0.172 <= X <= 0.172",0.007764938,True,12/2/2021 11:50:08 AM
XY Registration Test,Camera 2,,Theta_Y_Tilt,="-0.229 <= X <= 0.229",0.01223644,True,12/2/2021 11:50:08 AM
XY Registration Test,Camera 3,,Theta_X_Tilt,="-0.172 <= X <= 0.172",0.02661391,True,12/2/2021 11:50:08 AM
XY Registration Test,Camera 3,,Theta_Y_Tilt,="-0.229 <= X <= 0.229",0.01397705,True,12/2/2021 11:50:08 AM
XY Registration Test,Camera 4,,Theta_X_Tilt,="-0.172 <= X <= 0.172",0.02463567,True,12/2/2021 11:50:08 AM
XY Registration Test,Camera 4,,Theta_Y_Tilt,="-0.229 <= X <= 0.229",-0.001809589,True,12/2/2021 11:50:08 AM
XY Registration Test,Camera 5,,Theta_X_Tilt,="-0.172 <= X <= 0.172",0.006668697,True,12/2/2021 11:50:08 AM
XY Registration Test,Camera 5,,Theta_Y_Tilt,="-0.229 <= X <= 0.229",-0.01324516,True,12/2/2021 11:50:08 AM
XY Registration Test,Camera 6,,Theta_X_Tilt,="-0.172 <= X <= 0.172",-0.002866788,True,12/2/2021 11:50:08 AM
XY Registration Test,Camera 6,,Theta_Y_Tilt,="-0.229 <= X <= 0.229",0.004615691,True,12/2/2021 11:50:08 AM
XY Registration Test,Stage,,Y_skew,="-0.235 <= X <= 0.235",-0.0497761,True,12/2/2021 11:50:08 AM
Reagent Valve Response,Valve A,Position 1,Expected Steps,,1633,,12/2/2021 11:51:06 AM
Reagent Valve Response,Valve A,Position 1,Actual Steps,,1681,,1/1/0001 12:00:00 AM
Reagent Valve Response,Valve A,Position 1,Error Steps,< 100,48,True,1/1/0001 12:00:00 AM
Reagent Valve Response,Valve A,Position 2,Expected Steps,,204,,12/2/2021 11:51:07 AM
Reagent Valve Response,Valve A,Position 2,Actual Steps,,212,,1/1/0001 12:00:00 AM
Reagent Valve Response,Valve A,Position 2,Error Steps,< 100,8,True,1/1/0001 12:00:00 AM
Reagent Valve Response,Valve A,Position 3,Expected Steps,,204,,12/2/2021 11:51:08 AM
Reagent Valve Response,Valve A,Position 3,Actual Steps,,223,,1/1/0001 12:00:00 AM
Reagent Valve Response,Valve A,Position 3,Error Steps,< 100,19,True,1/1/0001 12:00:00 AM
Reagent Valve Response,Valve A,Position 4,Expected Steps,,204,,12/2/2021 11:51:08 AM
Reagent Valve Response,Valve A,Position 4,Actual Steps,,210,,1/1/0001 12:00:00 AM
Reagent Valve Response,Valve A,Position 4,Error Steps,< 100,6,True,1/1/0001 12:00:00 AM
Reagent Valve Response,Valve A,Position 5,Expected Steps,,204,,12/2/2021 11:51:09 AM
Reagent Valve Response,Valve A,Position 5,Actual Steps,,211,,1/1/0001 12:00:00 AM
Reagent Valve Response,Valve A,Position 5,Error Steps,< 100,7,True,1/1/0001 12:00:00 AM
Reagent Valve Response,Valve A,Position 6,Expected Steps,,204,,12/2/2021 11:51:10 AM
Reagent Valve Response,Valve A,Position 6,Actual Steps,,210,,1/1/0001 12:00:00 AM
Reagent Valve Response,Valve A,Position 6,Error Steps,< 100,6,True,1/1/0001 12:00:00 AM
Reagent Valve Response,Valve A,Position 7,Expected Steps,,204,,12/2/2021 11:51:11 AM
Reagent Valve Response,Valve A,Position 7,Actual Steps,,214,,1/1/0001 12:00:00 AM
Reagent Valve Response,Valve A,Position 7,Error Steps,< 100,10,True,1/1/0001 12:00:00 AM
Reagent Valve Response,Valve A,Position 8,Expected Steps,,204,,12/2/2021 11:51:11 AM
Reagent Valve Response,Valve A,Position 8,Actual Steps,,213,,1/1/0001 12:00:00 AM
Reagent Valve Response,Valve A,Position 8,Error Steps,< 100,9,True,1/1/0001 12:00:00 AM
Reagent Valve Response,Valve A,Position 9,Expected Steps,,204,,12/2/2021 11:51:12 AM
Reagent Valve Response,Valve A,Position 9,Actual Steps,,210,,1/1/0001 12:00:00 AM
Reagent Valve Response,Valve A,Position 9,Error Steps,< 100,6,True,1/1/0001 12:00:00 AM
Reagent Valve Response,Valve A,Position 10,Expected Steps,,204,,12/2/2021 11:51:13 AM
Reagent Valve Response,Valve A,Position 10,Actual Steps,,212,,1/1/0001 12:00:00 AM
Reagent Valve Response,Valve A,Position 10,Error Steps,< 100,8,True,1/1/0001 12:00:00 AM
Reagent Valve Response,Valve A,Position 11,Expected Steps,,204,,12/2/2021 11:51:14 AM
Reagent Valve Response,Valve A,Position 11,Actual Steps,,209,,1/1/0001 12:00:00 AM
Reagent Valve Response,Valve A,Position 11,Error Steps,< 100,5,True,1/1/0001 12:00:00 AM
Reagent Valve Response,Valve A,Position 12,Expected Steps,,204,,12/2/2021 11:51:14 AM
Reagent Valve Response,Valve A,Position 12,Actual Steps,,211,,1/1/0001 12:00:00 AM
Reagent Valve Response,Valve A,Position 12,Error Steps,< 100,7,True,1/1/0001 12:00:00 AM
Reagent Valve Response,Valve A,Position 13,Expected Steps,,204,,12/2/2021 11:51:15 AM
Reagent Valve Response,Valve A,Position 13,Actual Steps,,211,,1/1/0001 12:00:00 AM
Reagent Valve Response,Valve A,Position 13,Error Steps,< 100,7,True,1/1/0001 12:00:00 AM
Reagent Valve Response,Valve A,Position 14,Expected Steps,,204,,12/2/2021 11:51:16 AM
Reagent Valve Response,Valve A,Position 14,Actual Steps,,211,,1/1/0001 12:00:00 AM
Reagent Valve Response,Valve A,Position 14,Error Steps,< 100,7,True,1/1/0001 12:00:00 AM
Reagent Valve Response,Valve A,Position 15,Expected Steps,,204,,12/2/2021 11:51:16 AM
Reagent Valve Response,Valve A,Position 15,Actual Steps,,211,,1/1/0001 12:00:00 AM
Reagent Valve Response,Valve A,Position 15,Error Steps,< 100,7,True,1/1/0001 12:00:00 AM
Reagent Valve Response,Valve A,Position 16,Expected Steps,,204,,12/2/2021 11:51:17 AM
Reagent Valve Response,Valve A,Position 16,Actual Steps,,212,,1/1/0001 12:00:00 AM
Reagent Valve Response,Valve A,Position 16,Error Steps,< 100,8,True,1/1/0001 12:00:00 AM
Reagent Valve Response,Valve A,Position 17,Expected Steps,,204,,12/2/2021 11:51:18 AM
Reagent Valve Response,Valve A,Position 17,Actual Steps,,214,,1/1/0001 12:00:00 AM
Reagent Valve Response,Valve A,Position 17,Error Steps,< 100,10,True,1/1/0001 12:00:00 AM
Reagent Valve Response,Valve A,Position 18,Expected Steps,,204,,12/2/2021 11:51:18 AM
Reagent Valve Response,Valve A,Position 18,Actual Steps,,210,,1/1/0001 12:00:00 AM
Reagent Valve Response,Valve A,Position 18,Error Steps,< 100,6,True,1/1/0001 12:00:00 AM
Reagent Valve Response,Valve A,Position 19,Expected Steps,,204,,12/2/2021 11:51:19 AM
Reagent Valve Response,Valve A,Position 19,Actual Steps,,214,,1/1/0001 12:00:00 AM
Reagent Valve Response,Valve A,Position 19,Error Steps,< 100,10,True,1/1/0001 12:00:00 AM
Reagent Valve Response,Valve A,Position 20,Expected Steps,,204,,12/2/2021 11:51:20 AM
Reagent Valve Response,Valve A,Position 20,Actual Steps,,213,,1/1/0001 12:00:00 AM
Reagent Valve Response,Valve A,Position 20,Error Steps,< 100,9,True,1/1/0001 12:00:00 AM
Reagent Valve Response,Valve A,Position 21,Expected Steps,,204,,12/2/2021 11:51:21 AM
Reagent Valve Response,Valve A,Position 21,Actual Steps,,205,,1/1/0001 12:00:00 AM
Reagent Valve Response,Valve A,Position 21,Error Steps,< 100,1,True,1/1/0001 12:00:00 AM
Reagent Valve Response,Valve A,Position 22,Expected Steps,,204,,12/2/2021 11:51:21 AM
Reagent Valve Response,Valve A,Position 22,Actual Steps,,222,,1/1/0001 12:00:00 AM
Reagent Valve Response,Valve A,Position 22,Error Steps,< 100,18,True,1/1/0001 12:00:00 AM
Reagent Valve Response,Valve A,Position 23,Expected Steps,,204,,12/2/2021 11:51:22 AM
Reagent Valve Response,Valve A,Position 23,Actual Steps,,206,,1/1/0001 12:00:00 AM
Reagent Valve Response,Valve A,Position 23,Error Steps,< 100,2,True,1/1/0001 12:00:00 AM
Reagent Valve Response,Valve A,Position 24,Expected Steps,,204,,12/2/2021 11:51:23 AM
Reagent Valve Response,Valve A,Position 24,Actual Steps,,215,,1/1/0001 12:00:00 AM
Reagent Valve Response,Valve A,Position 24,Error Steps,< 100,11,True,1/1/0001 12:00:00 AM
Reagent Valve Response,Valve B,Position 1,Expected Steps,,2450,,12/2/2021 11:51:24 AM
Reagent Valve Response,Valve B,Position 1,Actual Steps,,2478,,1/1/0001 12:00:00 AM
Reagent Valve Response,Valve B,Position 1,Error Steps,< 100,28,True,1/1/0001 12:00:00 AM
Reagent Valve Response,Valve B,Position 2,Expected Steps,,204,,12/2/2021 11:51:25 AM
Reagent Valve Response,Valve B,Position 2,Actual Steps,,241,,1/1/0001 12:00:00 AM
Reagent Valve Response,Valve B,Position 2,Error Steps,< 100,37,True,1/1/0001 12:00:00 AM
Reagent Valve Response,Valve B,Position 3,Expected Steps,,204,,12/2/2021 11:51:26 AM
Reagent Valve Response,Valve B,Position 3,Actual Steps,,213,,1/1/0001 12:00:00 AM
Reagent Valve Response,Valve B,Position 3,Error Steps,< 100,9,True,1/1/0001 12:00:00 AM
Reagent Valve Response,Valve B,Position 4,Expected Steps,,204,,12/2/2021 11:51:26 AM
Reagent Valve Response,Valve B,Position 4,Actual Steps,,214,,1/1/0001 12:00:00 AM
Reagent Valve Response,Valve B,Position 4,Error Steps,< 100,10,True,1/1/0001 12:00:00 AM
Reagent Valve Response,Valve B,Position 5,Expected Steps,,204,,12/2/2021 11:51:27 AM
Reagent Valve Response,Valve B,Position 5,Actual Steps,,212,,1/1/0001 12:00:00 AM
Reagent Valve Response,Valve B,Position 5,Error Steps,< 100,8,True,1/1/0001 12:00:00 AM
Reagent Valve Response,Valve B,Position 6,Expected Steps,,204,,12/2/2021 11:51:28 AM
Reagent Valve Response,Valve B,Position 6,Actual Steps,,213,,1/1/0001 12:00:00 AM
Reagent Valve Response,Valve B,Position 6,Error Steps,< 100,9,True,1/1/0001 12:00:00 AM
Reagent Valve Response,Valve B,Position 7,Expected Steps,,204,,12/2/2021 11:51:29 AM
Reagent Valve Response,Valve B,Position 7,Actual Steps,,212,,1/1/0001 12:00:00 AM
Reagent Valve Response,Valve B,Position 7,Error Steps,< 100,8,True,1/1/0001 12:00:00 AM
Reagent Valve Response,Valve B,Position 8,Expected Steps,,204,,12/2/2021 11:51:29 AM
Reagent Valve Response,Valve B,Position 8,Actual Steps,,213,,1/1/0001 12:00:00 AM
Reagent Valve Response,Valve B,Position 8,Error Steps,< 100,9,True,1/1/0001 12:00:00 AM
Reagent Valve Response,Valve B,Position 9,Expected Steps,,204,,12/2/2021 11:51:30 AM
Reagent Valve Response,Valve B,Position 9,Actual Steps,,208,,1/1/0001 12:00:00 AM
Reagent Valve Response,Valve B,Position 9,Error Steps,< 100,4,True,1/1/0001 12:00:00 AM
Reagent Valve Response,Valve B,Position 10,Expected Steps,,204,,12/2/2021 11:51:31 AM
Reagent Valve Response,Valve B,Position 10,Actual Steps,,212,,1/1/0001 12:00:00 AM
Reagent Valve Response,Valve B,Position 10,Error Steps,< 100,8,True,1/1/0001 12:00:00 AM
Reagent Valve Response,Valve B,Position 11,Expected Steps,,204,,12/2/2021 11:51:31 AM
Reagent Valve Response,Valve B,Position 11,Actual Steps,,211,,1/1/0001 12:00:00 AM
Reagent Valve Response,Valve B,Position 11,Error Steps,< 100,7,True,1/1/0001 12:00:00 AM
Reagent Valve Response,Valve B,Position 12,Expected Steps,,204,,12/2/2021 11:51:32 AM
Reagent Valve Response,Valve B,Position 12,Actual Steps,,215,,1/1/0001 12:00:00 AM
Reagent Valve Response,Valve B,Position 12,Error Steps,< 100,11,True,1/1/0001 12:00:00 AM
Reagent Valve Response,Valve B,Position 13,Expected Steps,,204,,12/2/2021 11:51:33 AM
Reagent Valve Response,Valve B,Position 13,Actual Steps,,210,,1/1/0001 12:00:00 AM
Reagent Valve Response,Valve B,Position 13,Error Steps,< 100,6,True,1/1/0001 12:00:00 AM
Reagent Valve Response,Valve B,Position 14,Expected Steps,,204,,12/2/2021 11:51:33 AM
Reagent Valve Response,Valve B,Position 14,Actual Steps,,211,,1/1/0001 12:00:00 AM
Reagent Valve Response,Valve B,Position 14,Error Steps,< 100,7,True,1/1/0001 12:00:00 AM
Reagent Valve Response,Valve B,Position 15,Expected Steps,,204,,12/2/2021 11:51:34 AM
Reagent Valve Response,Valve B,Position 15,Actual Steps,,210,,1/1/0001 12:00:00 AM
Reagent Valve Response,Valve B,Position 15,Error Steps,< 100,6,True,1/1/0001 12:00:00 AM
Reagent Valve Response,Valve B,Position 16,Expected Steps,,204,,12/2/2021 11:51:35 AM
Reagent Valve Response,Valve B,Position 16,Actual Steps,,213,,1/1/0001 12:00:00 AM
Reagent Valve Response,Valve B,Position 16,Error Steps,< 100,9,True,1/1/0001 12:00:00 AM
Reagent Valve Response,Valve B,Position 17,Expected Steps,,204,,12/2/2021 11:51:36 AM
Reagent Valve Response,Valve B,Position 17,Actual Steps,,211,,1/1/0001 12:00:00 AM
Reagent Valve Response,Valve B,Position 17,Error Steps,< 100,7,True,1/1/0001 12:00:00 AM
Reagent Valve Response,Valve B,Position 18,Expected Steps,,204,,12/2/2021 11:51:36 AM
Reagent Valve Response,Valve B,Position 18,Actual Steps,,211,,1/1/0001 12:00:00 AM
Reagent Valve Response,Valve B,Position 18,Error Steps,< 100,7,True,1/1/0001 12:00:00 AM
Reagent Valve Response,Valve B,Position 19,Expected Steps,,204,,12/2/2021 11:51:37 AM
Reagent Valve Response,Valve B,Position 19,Actual Steps,,213,,1/1/0001 12:00:00 AM
Reagent Valve Response,Valve B,Position 19,Error Steps,< 100,9,True,1/1/0001 12:00:00 AM
Reagent Valve Response,Valve B,Position 20,Expected Steps,,204,,12/2/2021 11:51:38 AM
Reagent Valve Response,Valve B,Position 20,Actual Steps,,216,,1/1/0001 12:00:00 AM
Reagent Valve Response,Valve B,Position 20,Error Steps,< 100,12,True,1/1/0001 12:00:00 AM
Reagent Valve Response,Valve B,Position 21,Expected Steps,,204,,12/2/2021 11:51:38 AM
Reagent Valve Response,Valve B,Position 21,Actual Steps,,211,,1/1/0001 12:00:00 AM
Reagent Valve Response,Valve B,Position 21,Error Steps,< 100,7,True,1/1/0001 12:00:00 AM
Reagent Valve Response,Valve B,Position 22,Expected Steps,,204,,12/2/2021 11:51:39 AM
Reagent Valve Response,Valve B,Position 22,Actual Steps,,221,,1/1/0001 12:00:00 AM
Reagent Valve Response,Valve B,Position 22,Error Steps,< 100,17,True,1/1/0001 12:00:00 AM
Reagent Valve Response,Valve B,Position 23,Expected Steps,,204,,12/2/2021 11:51:40 AM
Reagent Valve Response,Valve B,Position 23,Actual Steps,,213,,1/1/0001 12:00:00 AM
Reagent Valve Response,Valve B,Position 23,Error Steps,< 100,9,True,1/1/0001 12:00:00 AM
Reagent Valve Response,Valve B,Position 24,Expected Steps,,204,,12/2/2021 11:51:41 AM
Reagent Valve Response,Valve B,Position 24,Actual Steps,,215,,1/1/0001 12:00:00 AM
Reagent Valve Response,Valve B,Position 24,Error Steps,< 100,11,True,1/1/0001 12:00:00 AM
Pump Valve Response,Pump A,Position 3000,Syringe Positions,3000,,True,12/2/2021 11:51:54 AM
Pump Valve Response,Pump A,Position 0,Syringe Positions,0,,True,1/1/0001 12:00:00 AM
Pump Valve Response,Pump A,Position 1,Valve Positions,1,,True,1/1/0001 12:00:00 AM
Pump Valve Response,Pump A,Position 2,Valve Positions,2,,True,1/1/0001 12:00:00 AM
Pump Valve Response,Pump A,Position 3,Valve Positions,3,,True,1/1/0001 12:00:00 AM
Pump Valve Response,Pump A,Position 4,Valve Positions,4,,True,1/1/0001 12:00:00 AM
Pump Valve Response,Pump A,Position 5,Valve Positions,5,,True,1/1/0001 12:00:00 AM
Pump Valve Response,Pump A,Position 6,Valve Positions,6,,True,1/1/0001 12:00:00 AM
Pump Valve Response,Pump B,Position 3000,Syringe Positions,3000,,True,12/2/2021 11:52:25 AM
Pump Valve Response,Pump B,Position 0,Syringe Positions,0,,True,1/1/0001 12:00:00 AM
Pump Valve Response,Pump B,Position 1,Valve Positions,1,,True,1/1/0001 12:00:00 AM
Pump Valve Response,Pump B,Position 2,Valve Positions,2,,True,1/1/0001 12:00:00 AM
Pump Valve Response,Pump B,Position 3,Valve Positions,3,,True,1/1/0001 12:00:00 AM
Pump Valve Response,Pump B,Position 4,Valve Positions,4,,True,1/1/0001 12:00:00 AM
Pump Valve Response,Pump B,Position 5,Valve Positions,5,,True,1/1/0001 12:00:00 AM
Pump Valve Response,Pump B,Position 6,Valve Positions,6,,True,1/1/0001 12:00:00 AM
PressureDecay1,Fluidic System Pressure Decay Test - NSS v1.2,Lane A,First Sample,,12:01:25.471,,12/2/2021 12:03:23 PM
PressureDecay1,Fluidic System Pressure Decay Test - NSS v1.2,Lane A,First Pressure,,17.158460,,1/1/0001 12:00:00 AM
PressureDecay1,Fluidic System Pressure Decay Test - NSS v1.2,Lane A,Second Sample,,12:02:09.641,,1/1/0001 12:00:00 AM
PressureDecay1,Fluidic System Pressure Decay Test - NSS v1.2,Lane A,Second Pressure,,17.022820,,1/1/0001 12:00:00 AM
PressureDecay1,Fluidic System Pressure Decay Test - NSS v1.2,Lane A,Leak Rate,< 5,0.003432,True,1/1/0001 12:00:00 AM
PressureDecay1,Fluidic System Pressure Decay Test - NSS v1.2,Lane A,Target Pressure,,0.020000,,1/1/0001 12:00:00 AM
PressureDecay1,Fluidic System Pressure Decay Test - NSS v1.2,Lane B,First Sample,,12:01:25.741,,12/2/2021 12:03:23 PM
PressureDecay1,Fluidic System Pressure Decay Test - NSS v1.2,Lane B,First Pressure,,17.090640,,1/1/0001 12:00:00 AM
PressureDecay1,Fluidic System Pressure Decay Test - NSS v1.2,Lane B,Second Sample,,12:02:09.451,,1/1/0001 12:00:00 AM
PressureDecay1,Fluidic System Pressure Decay Test - NSS v1.2,Lane B,Second Pressure,,16.887180,,1/1/0001 12:00:00 AM
PressureDecay1,Fluidic System Pressure Decay Test - NSS v1.2,Lane B,Leak Rate,< 5,0.004218,True,1/1/0001 12:00:00 AM
PressureDecay1,Fluidic System Pressure Decay Test - NSS v1.2,Lane B,Target Pressure,,0.020000,,1/1/0001 12:00:00 AM
Bubble Count,Lane A,Base Line to Post Aspirate Delta,Waste 1,0,0,True,12/2/2021 12:06:50 PM
Bubble Count,Lane A,Base Line to Post Aspirate Delta,Waste 2,0,0,True,12/2/2021 12:06:50 PM
Bubble Count,Lane A,Base Line to Post Aspirate Delta,Lane A1,>0,5,True,12/2/2021 12:06:50 PM
Bubble Count,Lane A,Base Line to Post Aspirate Delta,Lane B1,0,0,True,12/2/2021 12:06:50 PM
Bubble Count,Lane A,Post Aspirate to Post Dispense Delta,Waste 1,>10,140,True,12/2/2021 12:06:50 PM
Bubble Count,Lane A,Post Aspirate to Post Dispense Delta,Waste 2,>10,4,False,12/2/2021 12:06:50 PM
Bubble Count,Lane A,Post Aspirate to Post Dispense Delta,Lane A1,,15,,12/2/2021 12:06:50 PM
Bubble Count,Lane A,Post Aspirate to Post Dispense Delta,Lane B1,0,0,True,12/2/2021 12:06:50 PM
Bubble Count,Lane B,Base Line to Post Aspirate Delta,Waste 1,0,94,False,12/2/2021 12:06:50 PM
Bubble Count,Lane B,Base Line to Post Aspirate Delta,Waste 2,0,0,True,12/2/2021 12:06:50 PM
Bubble Count,Lane B,Base Line to Post Aspirate Delta,Lane A1,0,0,True,12/2/2021 12:06:50 PM
Bubble Count,Lane B,Base Line to Post Aspirate Delta,Lane B1,>0,0,False,12/2/2021 12:06:50 PM
Bubble Count,Lane B,Post Aspirate to Post Dispense Delta,Waste 1,>10,251,True,12/2/2021 12:06:50 PM
Bubble Count,Lane B,Post Aspirate to Post Dispense Delta,Waste 2,>10,6,False,12/2/2021 12:06:50 PM
Bubble Count,Lane B,Post Aspirate to Post Dispense Delta,Lane A1,0,0,True,12/2/2021 12:06:50 PM
Bubble Count,Lane B,Post Aspirate to Post Dispense Delta,Lane B1,,0,,12/2/2021 12:06:50 PM
Flow Rate,,,,,,False,1/1/0001 12:00:00 AM
Fan Test,Fan 0 - LED,,Speed (PPM),>= 5,8477,True,1/1/0001 12:00:00 AM
Fan Test,Fan 2 - Ebox1,,Speed (PPM),>= 5,30,True,1/1/0001 12:00:00 AM
Fan Test,Fan 3 - Exhaust0,,Speed (PPM),>= 5,8267,True,1/1/0001 12:00:00 AM
Fan Test,Fan 4 - Exhaust1,,Speed (PPM),>= 5,8321,True,1/1/0001 12:00:00 AM
Fan Test,Fan 5 - Exhaust2,,Speed (PPM),>= 5,8164,True,1/1/0001 12:00:00 AM
Fan Test,Fan 6 - Flowcell,,Speed (PPM),>= 5,17939,True,1/1/0001 12:00:00 AM
Temp Probe Test,Probe 0 - Board0,,Temperature (C),>= 0,42.667,True,1/1/0001 12:00:00 AM
Temp Probe Test,Probe 1 - Board1,,Temperature (C),>= 0,46.946,True,1/1/0001 12:00:00 AM
Temp Probe Test,Probe 2 - Camera0,,Temperature (C),>= 0,31.1376,True,1/1/0001 12:00:00 AM
Temp Probe Test,Probe 3 - Camera1,,Temperature (C),>= 0,31.2004,True,1/1/0001 12:00:00 AM
Temp Probe Test,Probe 4 - Camera2,,Temperature (C),>= 0,30.75,True,1/1/0001 12:00:00 AM
Temp Probe Test,Probe 5 - Camera3,,Temperature (C),>= 0,30.7878,True,1/1/0001 12:00:00 AM
Temp Probe Test,Probe 6 - Camera4,,Temperature (C),>= 0,31.3254,True,1/1/0001 12:00:00 AM
Temp Probe Test,Probe 7 - Camera5,,Temperature (C),>= 0,31.25,True,1/1/0001 12:00:00 AM
Temp Probe Test,Probe 8 - ThermoCouple_Side,,Temperature (C),>= 0,25.65,True,1/1/0001 12:00:00 AM
Temp Probe Test,Probe 9 - ThermoCouple_Rear,,Temperature (C),>= 0,32.25,True,1/1/0001 12:00:00 AM
