Filename,D:\Illumina\SystemCheckResults\AllResultDetails\NS500355_2018-10-18__14_59_47_SystemCheckResultDetails.csv
Application,2.2.0.2
Location,Field
Instrument ID,NS500355
Integrated Chassis ID,ICA1415024
Imaging Module ID,ICA1415024
FPGA version,r.2016.3.0

Category,Detail 1, Detail 2,Test,Expected Result,Result,Pass,Time
Reagent Valve Response,Valve A,Position 1,Expected Steps,,1633,,10/18/2018 2:16:19 PM
Reagent Valve Response,Valve A,Position 1,Actual Steps,,1653,,1/1/0001 12:00:00 AM
Reagent Valve Response,Valve A,Position 1,Error Steps,< 100,20,True,1/1/0001 12:00:00 AM
Reagent Valve Response,Valve A,Position 2,Expected Steps,,204,,10/18/2018 2:16:19 PM
Reagent Valve Response,Valve A,Position 2,Actual Steps,,209,,1/1/0001 12:00:00 AM
Reagent Valve Response,Valve A,Position 2,Error Steps,< 100,5,True,1/1/0001 12:00:00 AM
Reagent Valve Response,Valve A,Position 3,Expected Steps,,204,,10/18/2018 2:16:20 PM
Reagent Valve Response,Valve A,Position 3,Actual Steps,,213,,1/1/0001 12:00:00 AM
Reagent Valve Response,Valve A,Position 3,Error Steps,< 100,9,True,1/1/0001 12:00:00 AM
Reagent Valve Response,Valve A,Position 4,Expected Steps,,204,,10/18/2018 2:16:21 PM
Reagent Valve Response,Valve A,Position 4,Actual Steps,,214,,1/1/0001 12:00:00 AM
Reagent Valve Response,Valve A,Position 4,Error Steps,< 100,10,True,1/1/0001 12:00:00 AM
Reagent Valve Response,Valve A,Position 5,Expected Steps,,204,,10/18/2018 2:16:22 PM
Reagent Valve Response,Valve A,Position 5,Actual Steps,,213,,1/1/0001 12:00:00 AM
Reagent Valve Response,Valve A,Position 5,Error Steps,< 100,9,True,1/1/0001 12:00:00 AM
Reagent Valve Response,Valve A,Position 6,Expected Steps,,204,,10/18/2018 2:16:22 PM
Reagent Valve Response,Valve A,Position 6,Actual Steps,,211,,1/1/0001 12:00:00 AM
Reagent Valve Response,Valve A,Position 6,Error Steps,< 100,7,True,1/1/0001 12:00:00 AM
Reagent Valve Response,Valve A,Position 7,Expected Steps,,204,,10/18/2018 2:16:23 PM
Reagent Valve Response,Valve A,Position 7,Actual Steps,,214,,1/1/0001 12:00:00 AM
Reagent Valve Response,Valve A,Position 7,Error Steps,< 100,10,True,1/1/0001 12:00:00 AM
Reagent Valve Response,Valve A,Position 8,Expected Steps,,204,,10/18/2018 2:16:24 PM
Reagent Valve Response,Valve A,Position 8,Actual Steps,,214,,1/1/0001 12:00:00 AM
Reagent Valve Response,Valve A,Position 8,Error Steps,< 100,10,True,1/1/0001 12:00:00 AM
Reagent Valve Response,Valve A,Position 9,Expected Steps,,204,,10/18/2018 2:16:24 PM
Reagent Valve Response,Valve A,Position 9,Actual Steps,,211,,1/1/0001 12:00:00 AM
Reagent Valve Response,Valve A,Position 9,Error Steps,< 100,7,True,1/1/0001 12:00:00 AM
Reagent Valve Response,Valve A,Position 10,Expected Steps,,204,,10/18/2018 2:16:25 PM
Reagent Valve Response,Valve A,Position 10,Actual Steps,,209,,1/1/0001 12:00:00 AM
Reagent Valve Response,Valve A,Position 10,Error Steps,< 100,5,True,1/1/0001 12:00:00 AM
Reagent Valve Response,Valve A,Position 11,Expected Steps,,204,,10/18/2018 2:16:26 PM
Reagent Valve Response,Valve A,Position 11,Actual Steps,,213,,1/1/0001 12:00:00 AM
Reagent Valve Response,Valve A,Position 11,Error Steps,< 100,9,True,1/1/0001 12:00:00 AM
Reagent Valve Response,Valve A,Position 12,Expected Steps,,204,,10/18/2018 2:16:26 PM
Reagent Valve Response,Valve A,Position 12,Actual Steps,,213,,1/1/0001 12:00:00 AM
Reagent Valve Response,Valve A,Position 12,Error Steps,< 100,9,True,1/1/0001 12:00:00 AM
Reagent Valve Response,Valve A,Position 13,Expected Steps,,204,,10/18/2018 2:16:27 PM
Reagent Valve Response,Valve A,Position 13,Actual Steps,,213,,1/1/0001 12:00:00 AM
Reagent Valve Response,Valve A,Position 13,Error Steps,< 100,9,True,1/1/0001 12:00:00 AM
Reagent Valve Response,Valve A,Position 14,Expected Steps,,204,,10/18/2018 2:16:28 PM
Reagent Valve Response,Valve A,Position 14,Actual Steps,,210,,1/1/0001 12:00:00 AM
Reagent Valve Response,Valve A,Position 14,Error Steps,< 100,6,True,1/1/0001 12:00:00 AM
Reagent Valve Response,Valve A,Position 15,Expected Steps,,204,,10/18/2018 2:16:29 PM
Reagent Valve Response,Valve A,Position 15,Actual Steps,,212,,1/1/0001 12:00:00 AM
Reagent Valve Response,Valve A,Position 15,Error Steps,< 100,8,True,1/1/0001 12:00:00 AM
Reagent Valve Response,Valve A,Position 16,Expected Steps,,204,,10/18/2018 2:16:29 PM
Reagent Valve Response,Valve A,Position 16,Actual Steps,,212,,1/1/0001 12:00:00 AM
Reagent Valve Response,Valve A,Position 16,Error Steps,< 100,8,True,1/1/0001 12:00:00 AM
Reagent Valve Response,Valve A,Position 17,Expected Steps,,204,,10/18/2018 2:16:30 PM
Reagent Valve Response,Valve A,Position 17,Actual Steps,,212,,1/1/0001 12:00:00 AM
Reagent Valve Response,Valve A,Position 17,Error Steps,< 100,8,True,1/1/0001 12:00:00 AM
Reagent Valve Response,Valve A,Position 18,Expected Steps,,204,,10/18/2018 2:16:31 PM
Reagent Valve Response,Valve A,Position 18,Actual Steps,,211,,1/1/0001 12:00:00 AM
Reagent Valve Response,Valve A,Position 18,Error Steps,< 100,7,True,1/1/0001 12:00:00 AM
Reagent Valve Response,Valve A,Position 19,Expected Steps,,204,,10/18/2018 2:16:31 PM
Reagent Valve Response,Valve A,Position 19,Actual Steps,,213,,1/1/0001 12:00:00 AM
Reagent Valve Response,Valve A,Position 19,Error Steps,< 100,9,True,1/1/0001 12:00:00 AM
Reagent Valve Response,Valve A,Position 20,Expected Steps,,204,,10/18/2018 2:16:32 PM
Reagent Valve Response,Valve A,Position 20,Actual Steps,,213,,1/1/0001 12:00:00 AM
Reagent Valve Response,Valve A,Position 20,Error Steps,< 100,9,True,1/1/0001 12:00:00 AM
Reagent Valve Response,Valve A,Position 21,Expected Steps,,204,,10/18/2018 2:16:33 PM
Reagent Valve Response,Valve A,Position 21,Actual Steps,,212,,1/1/0001 12:00:00 AM
Reagent Valve Response,Valve A,Position 21,Error Steps,< 100,8,True,1/1/0001 12:00:00 AM
Reagent Valve Response,Valve A,Position 22,Expected Steps,,204,,10/18/2018 2:16:33 PM
Reagent Valve Response,Valve A,Position 22,Actual Steps,,211,,1/1/0001 12:00:00 AM
Reagent Valve Response,Valve A,Position 22,Error Steps,< 100,7,True,1/1/0001 12:00:00 AM
Reagent Valve Response,Valve A,Position 23,Expected Steps,,204,,10/18/2018 2:16:34 PM
Reagent Valve Response,Valve A,Position 23,Actual Steps,,212,,1/1/0001 12:00:00 AM
Reagent Valve Response,Valve A,Position 23,Error Steps,< 100,8,True,1/1/0001 12:00:00 AM
Reagent Valve Response,Valve A,Position 24,Expected Steps,,204,,10/18/2018 2:16:35 PM
Reagent Valve Response,Valve A,Position 24,Actual Steps,,213,,1/1/0001 12:00:00 AM
Reagent Valve Response,Valve A,Position 24,Error Steps,< 100,9,True,1/1/0001 12:00:00 AM
Reagent Valve Response,Valve B,Position 1,Expected Steps,,2450,,10/18/2018 2:16:36 PM
Reagent Valve Response,Valve B,Position 1,Actual Steps,,2476,,1/1/0001 12:00:00 AM
Reagent Valve Response,Valve B,Position 1,Error Steps,< 100,26,True,1/1/0001 12:00:00 AM
Reagent Valve Response,Valve B,Position 2,Expected Steps,,204,,10/18/2018 2:16:37 PM
Reagent Valve Response,Valve B,Position 2,Actual Steps,,230,,1/1/0001 12:00:00 AM
Reagent Valve Response,Valve B,Position 2,Error Steps,< 100,26,True,1/1/0001 12:00:00 AM
Reagent Valve Response,Valve B,Position 3,Expected Steps,,204,,10/18/2018 2:16:38 PM
Reagent Valve Response,Valve B,Position 3,Actual Steps,,204,,1/1/0001 12:00:00 AM
Reagent Valve Response,Valve B,Position 3,Error Steps,< 100,0,True,1/1/0001 12:00:00 AM
Reagent Valve Response,Valve B,Position 4,Expected Steps,,204,,10/18/2018 2:16:39 PM
Reagent Valve Response,Valve B,Position 4,Actual Steps,,214,,1/1/0001 12:00:00 AM
Reagent Valve Response,Valve B,Position 4,Error Steps,< 100,10,True,1/1/0001 12:00:00 AM
Reagent Valve Response,Valve B,Position 5,Expected Steps,,204,,10/18/2018 2:16:39 PM
Reagent Valve Response,Valve B,Position 5,Actual Steps,,214,,1/1/0001 12:00:00 AM
Reagent Valve Response,Valve B,Position 5,Error Steps,< 100,10,True,1/1/0001 12:00:00 AM
Reagent Valve Response,Valve B,Position 6,Expected Steps,,204,,10/18/2018 2:16:40 PM
Reagent Valve Response,Valve B,Position 6,Actual Steps,,212,,1/1/0001 12:00:00 AM
Reagent Valve Response,Valve B,Position 6,Error Steps,< 100,8,True,1/1/0001 12:00:00 AM
Reagent Valve Response,Valve B,Position 7,Expected Steps,,204,,10/18/2018 2:16:41 PM
Reagent Valve Response,Valve B,Position 7,Actual Steps,,209,,1/1/0001 12:00:00 AM
Reagent Valve Response,Valve B,Position 7,Error Steps,< 100,5,True,1/1/0001 12:00:00 AM
Reagent Valve Response,Valve B,Position 8,Expected Steps,,204,,10/18/2018 2:16:41 PM
Reagent Valve Response,Valve B,Position 8,Actual Steps,,215,,1/1/0001 12:00:00 AM
Reagent Valve Response,Valve B,Position 8,Error Steps,< 100,11,True,1/1/0001 12:00:00 AM
Reagent Valve Response,Valve B,Position 9,Expected Steps,,204,,10/18/2018 2:16:42 PM
Reagent Valve Response,Valve B,Position 9,Actual Steps,,220,,1/1/0001 12:00:00 AM
Reagent Valve Response,Valve B,Position 9,Error Steps,< 100,16,True,1/1/0001 12:00:00 AM
Reagent Valve Response,Valve B,Position 10,Expected Steps,,204,,10/18/2018 2:16:43 PM
Reagent Valve Response,Valve B,Position 10,Actual Steps,,201,,1/1/0001 12:00:00 AM
Reagent Valve Response,Valve B,Position 10,Error Steps,< 100,-3,True,1/1/0001 12:00:00 AM
Reagent Valve Response,Valve B,Position 11,Expected Steps,,204,,10/18/2018 2:16:43 PM
Reagent Valve Response,Valve B,Position 11,Actual Steps,,203,,1/1/0001 12:00:00 AM
Reagent Valve Response,Valve B,Position 11,Error Steps,< 100,-1,True,1/1/0001 12:00:00 AM
Reagent Valve Response,Valve B,Position 12,Expected Steps,,204,,10/18/2018 2:16:44 PM
Reagent Valve Response,Valve B,Position 12,Actual Steps,,207,,1/1/0001 12:00:00 AM
Reagent Valve Response,Valve B,Position 12,Error Steps,< 100,3,True,1/1/0001 12:00:00 AM
Reagent Valve Response,Valve B,Position 13,Expected Steps,,204,,10/18/2018 2:16:45 PM
Reagent Valve Response,Valve B,Position 13,Actual Steps,,210,,1/1/0001 12:00:00 AM
Reagent Valve Response,Valve B,Position 13,Error Steps,< 100,6,True,1/1/0001 12:00:00 AM
Reagent Valve Response,Valve B,Position 14,Expected Steps,,204,,10/18/2018 2:16:46 PM
Reagent Valve Response,Valve B,Position 14,Actual Steps,,208,,1/1/0001 12:00:00 AM
Reagent Valve Response,Valve B,Position 14,Error Steps,< 100,4,True,1/1/0001 12:00:00 AM
Reagent Valve Response,Valve B,Position 15,Expected Steps,,204,,10/18/2018 2:16:46 PM
Reagent Valve Response,Valve B,Position 15,Actual Steps,,211,,1/1/0001 12:00:00 AM
Reagent Valve Response,Valve B,Position 15,Error Steps,< 100,7,True,1/1/0001 12:00:00 AM
Reagent Valve Response,Valve B,Position 16,Expected Steps,,204,,10/18/2018 2:16:47 PM
Reagent Valve Response,Valve B,Position 16,Actual Steps,,206,,1/1/0001 12:00:00 AM
Reagent Valve Response,Valve B,Position 16,Error Steps,< 100,2,True,1/1/0001 12:00:00 AM
Reagent Valve Response,Valve B,Position 17,Expected Steps,,204,,10/18/2018 2:16:48 PM
Reagent Valve Response,Valve B,Position 17,Actual Steps,,203,,1/1/0001 12:00:00 AM
Reagent Valve Response,Valve B,Position 17,Error Steps,< 100,-1,True,1/1/0001 12:00:00 AM
Reagent Valve Response,Valve B,Position 18,Expected Steps,,204,,10/18/2018 2:16:48 PM
Reagent Valve Response,Valve B,Position 18,Actual Steps,,203,,1/1/0001 12:00:00 AM
Reagent Valve Response,Valve B,Position 18,Error Steps,< 100,-1,True,1/1/0001 12:00:00 AM
Reagent Valve Response,Valve B,Position 19,Expected Steps,,204,,10/18/2018 2:16:49 PM
Reagent Valve Response,Valve B,Position 19,Actual Steps,,206,,1/1/0001 12:00:00 AM
Reagent Valve Response,Valve B,Position 19,Error Steps,< 100,2,True,1/1/0001 12:00:00 AM
Reagent Valve Response,Valve B,Position 20,Expected Steps,,204,,10/18/2018 2:16:50 PM
Reagent Valve Response,Valve B,Position 20,Actual Steps,,214,,1/1/0001 12:00:00 AM
Reagent Valve Response,Valve B,Position 20,Error Steps,< 100,10,True,1/1/0001 12:00:00 AM
Reagent Valve Response,Valve B,Position 21,Expected Steps,,204,,10/18/2018 2:16:50 PM
Reagent Valve Response,Valve B,Position 21,Actual Steps,,210,,1/1/0001 12:00:00 AM
Reagent Valve Response,Valve B,Position 21,Error Steps,< 100,6,True,1/1/0001 12:00:00 AM
Reagent Valve Response,Valve B,Position 22,Expected Steps,,204,,10/18/2018 2:16:51 PM
Reagent Valve Response,Valve B,Position 22,Actual Steps,,212,,1/1/0001 12:00:00 AM
Reagent Valve Response,Valve B,Position 22,Error Steps,< 100,8,True,1/1/0001 12:00:00 AM
Reagent Valve Response,Valve B,Position 23,Expected Steps,,204,,10/18/2018 2:16:52 PM
Reagent Valve Response,Valve B,Position 23,Actual Steps,,213,,1/1/0001 12:00:00 AM
Reagent Valve Response,Valve B,Position 23,Error Steps,< 100,9,True,1/1/0001 12:00:00 AM
Reagent Valve Response,Valve B,Position 24,Expected Steps,,204,,10/18/2018 2:16:53 PM
Reagent Valve Response,Valve B,Position 24,Actual Steps,,206,,1/1/0001 12:00:00 AM
Reagent Valve Response,Valve B,Position 24,Error Steps,< 100,2,True,1/1/0001 12:00:00 AM
Pump Valve Response,Pump A,Position 3000,Syringe Positions,3000,,True,10/18/2018 2:17:06 PM
Pump Valve Response,Pump A,Position 0,Syringe Positions,0,,True,1/1/0001 12:00:00 AM
Pump Valve Response,Pump A,Position 1,Valve Positions,1,,True,1/1/0001 12:00:00 AM
Pump Valve Response,Pump A,Position 2,Valve Positions,2,,True,1/1/0001 12:00:00 AM
Pump Valve Response,Pump A,Position 3,Valve Positions,3,,True,1/1/0001 12:00:00 AM
Pump Valve Response,Pump A,Position 4,Valve Positions,4,,True,1/1/0001 12:00:00 AM
Pump Valve Response,Pump A,Position 5,Valve Positions,5,,True,1/1/0001 12:00:00 AM
Pump Valve Response,Pump A,Position 6,Valve Positions,6,,True,1/1/0001 12:00:00 AM
Pump Valve Response,Pump B,Position 3000,Syringe Positions,3000,,True,10/18/2018 2:17:37 PM
Pump Valve Response,Pump B,Position 0,Syringe Positions,0,,True,1/1/0001 12:00:00 AM
Pump Valve Response,Pump B,Position 1,Valve Positions,1,,True,1/1/0001 12:00:00 AM
Pump Valve Response,Pump B,Position 2,Valve Positions,2,,True,1/1/0001 12:00:00 AM
Pump Valve Response,Pump B,Position 3,Valve Positions,3,,True,1/1/0001 12:00:00 AM
Pump Valve Response,Pump B,Position 4,Valve Positions,4,,True,1/1/0001 12:00:00 AM
Pump Valve Response,Pump B,Position 5,Valve Positions,5,,True,1/1/0001 12:00:00 AM
Pump Valve Response,Pump B,Position 6,Valve Positions,6,,True,1/1/0001 12:00:00 AM
Flow Rate,Lane A,,Actual Flow Rate,3100.000000 +/- 700.000000,3167.460693,True,10/18/2018 2:50:54 PM
Flow Rate,Lane A,,Flight Time,,129600,,10/18/2018 2:50:54 PM
Flow Rate,Lane A,,Scale Factor,,0.978702,,10/18/2018 2:50:54 PM
Flow Rate,Lane A,,Std,< 3100.000000,41.881961,True,10/18/2018 2:50:54 PM
Flow Rate,Lane B,,Actual Flow Rate,3100.000000 +/- 700.000000,3022.470703,True,10/18/2018 2:50:54 PM
Flow Rate,Lane B,,Flight Time,,135800,,10/18/2018 2:50:54 PM
Flow Rate,Lane B,,Scale Factor,,1.025651,,10/18/2018 2:50:54 PM
Flow Rate,Lane B,,Std,< 3100.000000,21.946032,True,10/18/2018 2:50:54 PM
