Filename,D:\Illumina\SystemCheckResults\AllResultDetails\NS500355_2020-06-24__08_56_37_SystemCheckResultDetails.csv
Application,2.2.0.2
Location,Field
Instrument ID,NS500355
Integrated Chassis ID,ICA1415024
Imaging Module ID,ICA1415024
FPGA version,r.2016.3.0

Category,Detail 1, Detail 2,Test,Expected Result,Result,Pass,Time
BSM,Cycle 1,,BSM Z Up Distance,149259 +/- 3635,147693,True,6/24/2020 8:12:55 AM
BSM,Cycle 1,,BSM Z Up Avg Gain,62900 +/- 5000,61790,True,6/24/2020 8:12:55 AM
BSM,Cycle 1,,BSM Z Down Distance,149259 +/- 3635,147471,True,6/24/2020 8:12:55 AM
BSM,Cycle 1,,BSM Z Down Avg Gain,61800 +/- 5000,61777,True,6/24/2020 8:12:55 AM
FCLM FAM,,,FAM Y Load Distance,194968 +/- 1948,194335,True,6/24/2020 8:15:59 AM
FCLM FAM,,,FAM Y Load Avg Gain,58800 +/- 7200,59932,True,6/24/2020 8:15:59 AM
FCLM FAM,,,FAM Z Load Distance,19089 +/- 1093,18986,True,6/24/2020 8:15:59 AM
FCLM FAM,,,FCLM X Load Avg Gain,<= 65000,51560,True,6/24/2020 8:15:59 AM
FCLM FAM,,,FCLM Y Load Avg Gain,<= 65000,53771,True,6/24/2020 8:15:59 AM
FCLM FAM,,,FCLM Z Load Avg Gain,<= 65000,59468,True,6/24/2020 8:15:59 AM
FCLM FAM,,,FCLM Align Load Avg Gain,<= 65000,51434,True,6/24/2020 8:15:59 AM
FCLM FAM,,,FAM Y Unload Distance,194968 +/- 1948,194402,True,6/24/2020 8:15:59 AM
FCLM FAM,,,FAM Y Unload Avg Gain,58800 +/- 7200,59551,True,6/24/2020 8:15:59 AM
FCLM FAM,,,FAM Z Unload Distance,19089 +/- 1093,18904,True,6/24/2020 8:15:59 AM
FCLM FAM,,,FCLM X Unload Avg Gain,<= 75000,54233,True,6/24/2020 8:15:59 AM
FCLM FAM,,,FCLM Y Unload Avg Gain,<= 75000,51897,True,6/24/2020 8:15:59 AM
FCLM FAM,,,FCLM Z Unload Avg Gain,<= 75000,63074,True,6/24/2020 8:15:59 AM
FCLM FAM,,,FCLM Align Unload Avg Gain,<= 75000,55143,True,6/24/2020 8:15:59 AM
Z Travel Limits Test,Camera 1,,Z_min_range,X >= 299.0,299.927,True,6/24/2020 8:16:35 AM
Z-Stage Step and Settle Test,Camera 1,,Z_step_settle_max,X <= 70,53,True,6/24/2020 8:16:37 AM
Z-Stage Step and Settle Test,Camera 1,,Z_step_settle_min,,48,,6/24/2020 8:16:37 AM
Z-Stage Step and Settle Test,Camera 1,,Z_stability_oper_max,X <= 0.500,0.116,True,6/24/2020 8:16:37 AM
Z Travel Limits Test,Camera 2,,Z_min_range,X >= 299.0,299.957,True,6/24/2020 8:16:35 AM
Z-Stage Step and Settle Test,Camera 2,,Z_step_settle_max,X <= 70,53,True,6/24/2020 8:16:37 AM
Z-Stage Step and Settle Test,Camera 2,,Z_step_settle_min,,48,,6/24/2020 8:16:37 AM
Z-Stage Step and Settle Test,Camera 2,,Z_stability_oper_max,X <= 0.500,0.145,True,6/24/2020 8:16:37 AM
Z Travel Limits Test,Camera 3,,Z_min_range,X >= 299.0,299.942,True,6/24/2020 8:16:35 AM
Z-Stage Step and Settle Test,Camera 3,,Z_step_settle_max,X <= 70,53,True,6/24/2020 8:16:37 AM
Z-Stage Step and Settle Test,Camera 3,,Z_step_settle_min,,48,,6/24/2020 8:16:37 AM
Z-Stage Step and Settle Test,Camera 3,,Z_stability_oper_max,X <= 0.500,0.155,True,6/24/2020 8:16:37 AM
Z Travel Limits Test,Camera 4,,Z_min_range,X >= 299.0,299.973,True,6/24/2020 8:16:35 AM
Z-Stage Step and Settle Test,Camera 4,,Z_step_settle_max,X <= 70,53,True,6/24/2020 8:16:37 AM
Z-Stage Step and Settle Test,Camera 4,,Z_step_settle_min,,48,,6/24/2020 8:16:37 AM
Z-Stage Step and Settle Test,Camera 4,,Z_stability_oper_max,X <= 0.500,0.137,True,6/24/2020 8:16:37 AM
Z Travel Limits Test,Camera 5,,Z_min_range,X >= 299.0,299.988,True,6/24/2020 8:16:35 AM
Z-Stage Step and Settle Test,Camera 5,,Z_step_settle_max,X <= 70,53,True,6/24/2020 8:16:37 AM
Z-Stage Step and Settle Test,Camera 5,,Z_step_settle_min,,48,,6/24/2020 8:16:37 AM
Z-Stage Step and Settle Test,Camera 5,,Z_stability_oper_max,X <= 0.500,0.107,True,6/24/2020 8:16:37 AM
Z Travel Limits Test,Camera 6,,Z_min_range,X >= 299.0,299.942,True,6/24/2020 8:16:35 AM
Z-Stage Step and Settle Test,Camera 6,,Z_step_settle_max,X <= 70,53,True,6/24/2020 8:16:37 AM
Z-Stage Step and Settle Test,Camera 6,,Z_step_settle_min,,48,,6/24/2020 8:16:37 AM
Z-Stage Step and Settle Test,Camera 6,,Z_stability_oper_max,X <= 0.500,0.109,True,6/24/2020 8:16:37 AM
Camera XY Travel Limits Test,Stage,,X_range,X >= 22.95,23.00,True,6/24/2020 8:16:25 AM
Camera XY Travel Limits Test,Stage,,Y_range,X >= 28.45,28.50,True,6/24/2020 8:16:25 AM
XY Registration Test,Camera 1,,Theta_X_Tilt,="-0.172 <= X <= 0.172",0.02100185,True,6/24/2020 8:32:22 AM
XY Registration Test,Camera 1,,Theta_Y_Tilt,="-0.229 <= X <= 0.229",0.01124258,True,6/24/2020 8:32:22 AM
XY Registration Test,Camera 2,,Theta_X_Tilt,="-0.172 <= X <= 0.172",0.01420041,True,6/24/2020 8:32:22 AM
XY Registration Test,Camera 2,,Theta_Y_Tilt,="-0.229 <= X <= 0.229",0.01894088,True,6/24/2020 8:32:22 AM
XY Registration Test,Camera 3,,Theta_X_Tilt,="-0.172 <= X <= 0.172",-0.0007014673,True,6/24/2020 8:32:22 AM
XY Registration Test,Camera 3,,Theta_Y_Tilt,="-0.229 <= X <= 0.229",0.01633671,True,6/24/2020 8:32:22 AM
XY Registration Test,Camera 4,,Theta_X_Tilt,="-0.172 <= X <= 0.172",0.003889152,True,6/24/2020 8:32:22 AM
XY Registration Test,Camera 4,,Theta_Y_Tilt,="-0.229 <= X <= 0.229",0.01669017,True,6/24/2020 8:32:22 AM
XY Registration Test,Camera 5,,Theta_X_Tilt,="-0.172 <= X <= 0.172",0.01339191,True,6/24/2020 8:32:22 AM
XY Registration Test,Camera 5,,Theta_Y_Tilt,="-0.229 <= X <= 0.229",-0.0049229,True,6/24/2020 8:32:22 AM
XY Registration Test,Camera 6,,Theta_X_Tilt,="-0.172 <= X <= 0.172",0.01992964,True,6/24/2020 8:32:22 AM
XY Registration Test,Camera 6,,Theta_Y_Tilt,="-0.229 <= X <= 0.229",0.02491707,True,6/24/2020 8:32:22 AM
XY Registration Test,Stage,,Y_skew,="-0.235 <= X <= 0.235",-0.0497473,True,6/24/2020 8:32:22 AM
Reagent Valve Response,Valve A,Position 1,Expected Steps,,1633,,6/24/2020 8:35:20 AM
Reagent Valve Response,Valve A,Position 1,Actual Steps,,1679,,1/1/0001 12:00:00 AM
Reagent Valve Response,Valve A,Position 1,Error Steps,< 100,46,True,1/1/0001 12:00:00 AM
Reagent Valve Response,Valve A,Position 2,Expected Steps,,204,,6/24/2020 8:35:20 AM
Reagent Valve Response,Valve A,Position 2,Actual Steps,,214,,1/1/0001 12:00:00 AM
Reagent Valve Response,Valve A,Position 2,Error Steps,< 100,10,True,1/1/0001 12:00:00 AM
Reagent Valve Response,Valve A,Position 3,Expected Steps,,204,,6/24/2020 8:35:21 AM
Reagent Valve Response,Valve A,Position 3,Actual Steps,,205,,1/1/0001 12:00:00 AM
Reagent Valve Response,Valve A,Position 3,Error Steps,< 100,1,True,1/1/0001 12:00:00 AM
Reagent Valve Response,Valve A,Position 4,Expected Steps,,204,,6/24/2020 8:35:22 AM
Reagent Valve Response,Valve A,Position 4,Actual Steps,,213,,1/1/0001 12:00:00 AM
Reagent Valve Response,Valve A,Position 4,Error Steps,< 100,9,True,1/1/0001 12:00:00 AM
Reagent Valve Response,Valve A,Position 5,Expected Steps,,204,,6/24/2020 8:35:22 AM
Reagent Valve Response,Valve A,Position 5,Actual Steps,,211,,1/1/0001 12:00:00 AM
Reagent Valve Response,Valve A,Position 5,Error Steps,< 100,7,True,1/1/0001 12:00:00 AM
Reagent Valve Response,Valve A,Position 6,Expected Steps,,204,,6/24/2020 8:35:23 AM
Reagent Valve Response,Valve A,Position 6,Actual Steps,,211,,1/1/0001 12:00:00 AM
Reagent Valve Response,Valve A,Position 6,Error Steps,< 100,7,True,1/1/0001 12:00:00 AM
Reagent Valve Response,Valve A,Position 7,Expected Steps,,204,,6/24/2020 8:35:24 AM
Reagent Valve Response,Valve A,Position 7,Actual Steps,,212,,1/1/0001 12:00:00 AM
Reagent Valve Response,Valve A,Position 7,Error Steps,< 100,8,True,1/1/0001 12:00:00 AM
Reagent Valve Response,Valve A,Position 8,Expected Steps,,204,,6/24/2020 8:35:25 AM
Reagent Valve Response,Valve A,Position 8,Actual Steps,,211,,1/1/0001 12:00:00 AM
Reagent Valve Response,Valve A,Position 8,Error Steps,< 100,7,True,1/1/0001 12:00:00 AM
Reagent Valve Response,Valve A,Position 9,Expected Steps,,204,,6/24/2020 8:35:25 AM
Reagent Valve Response,Valve A,Position 9,Actual Steps,,213,,1/1/0001 12:00:00 AM
Reagent Valve Response,Valve A,Position 9,Error Steps,< 100,9,True,1/1/0001 12:00:00 AM
Reagent Valve Response,Valve A,Position 10,Expected Steps,,204,,6/24/2020 8:35:26 AM
Reagent Valve Response,Valve A,Position 10,Actual Steps,,210,,1/1/0001 12:00:00 AM
Reagent Valve Response,Valve A,Position 10,Error Steps,< 100,6,True,1/1/0001 12:00:00 AM
Reagent Valve Response,Valve A,Position 11,Expected Steps,,204,,6/24/2020 8:35:27 AM
Reagent Valve Response,Valve A,Position 11,Actual Steps,,212,,1/1/0001 12:00:00 AM
Reagent Valve Response,Valve A,Position 11,Error Steps,< 100,8,True,1/1/0001 12:00:00 AM
Reagent Valve Response,Valve A,Position 12,Expected Steps,,204,,6/24/2020 8:35:27 AM
Reagent Valve Response,Valve A,Position 12,Actual Steps,,210,,1/1/0001 12:00:00 AM
Reagent Valve Response,Valve A,Position 12,Error Steps,< 100,6,True,1/1/0001 12:00:00 AM
Reagent Valve Response,Valve A,Position 13,Expected Steps,,204,,6/24/2020 8:35:28 AM
Reagent Valve Response,Valve A,Position 13,Actual Steps,,212,,1/1/0001 12:00:00 AM
Reagent Valve Response,Valve A,Position 13,Error Steps,< 100,8,True,1/1/0001 12:00:00 AM
Reagent Valve Response,Valve A,Position 14,Expected Steps,,204,,6/24/2020 8:35:29 AM
Reagent Valve Response,Valve A,Position 14,Actual Steps,,209,,1/1/0001 12:00:00 AM
Reagent Valve Response,Valve A,Position 14,Error Steps,< 100,5,True,1/1/0001 12:00:00 AM
Reagent Valve Response,Valve A,Position 15,Expected Steps,,204,,6/24/2020 8:35:29 AM
Reagent Valve Response,Valve A,Position 15,Actual Steps,,202,,1/1/0001 12:00:00 AM
Reagent Valve Response,Valve A,Position 15,Error Steps,< 100,-2,True,1/1/0001 12:00:00 AM
Reagent Valve Response,Valve A,Position 16,Expected Steps,,204,,6/24/2020 8:35:30 AM
Reagent Valve Response,Valve A,Position 16,Actual Steps,,214,,1/1/0001 12:00:00 AM
Reagent Valve Response,Valve A,Position 16,Error Steps,< 100,10,True,1/1/0001 12:00:00 AM
Reagent Valve Response,Valve A,Position 17,Expected Steps,,204,,6/24/2020 8:35:31 AM
Reagent Valve Response,Valve A,Position 17,Actual Steps,,204,,1/1/0001 12:00:00 AM
Reagent Valve Response,Valve A,Position 17,Error Steps,< 100,0,True,1/1/0001 12:00:00 AM
Reagent Valve Response,Valve A,Position 18,Expected Steps,,204,,6/24/2020 8:35:32 AM
Reagent Valve Response,Valve A,Position 18,Actual Steps,,213,,1/1/0001 12:00:00 AM
Reagent Valve Response,Valve A,Position 18,Error Steps,< 100,9,True,1/1/0001 12:00:00 AM
Reagent Valve Response,Valve A,Position 19,Expected Steps,,204,,6/24/2020 8:35:32 AM
Reagent Valve Response,Valve A,Position 19,Actual Steps,,203,,1/1/0001 12:00:00 AM
Reagent Valve Response,Valve A,Position 19,Error Steps,< 100,-1,True,1/1/0001 12:00:00 AM
Reagent Valve Response,Valve A,Position 20,Expected Steps,,204,,6/24/2020 8:35:33 AM
Reagent Valve Response,Valve A,Position 20,Actual Steps,,223,,1/1/0001 12:00:00 AM
Reagent Valve Response,Valve A,Position 20,Error Steps,< 100,19,True,1/1/0001 12:00:00 AM
Reagent Valve Response,Valve A,Position 21,Expected Steps,,204,,6/24/2020 8:35:34 AM
Reagent Valve Response,Valve A,Position 21,Actual Steps,,204,,1/1/0001 12:00:00 AM
Reagent Valve Response,Valve A,Position 21,Error Steps,< 100,0,True,1/1/0001 12:00:00 AM
Reagent Valve Response,Valve A,Position 22,Expected Steps,,204,,6/24/2020 8:35:35 AM
Reagent Valve Response,Valve A,Position 22,Actual Steps,,205,,1/1/0001 12:00:00 AM
Reagent Valve Response,Valve A,Position 22,Error Steps,< 100,1,True,1/1/0001 12:00:00 AM
Reagent Valve Response,Valve A,Position 23,Expected Steps,,204,,6/24/2020 8:35:35 AM
Reagent Valve Response,Valve A,Position 23,Actual Steps,,208,,1/1/0001 12:00:00 AM
Reagent Valve Response,Valve A,Position 23,Error Steps,< 100,4,True,1/1/0001 12:00:00 AM
Reagent Valve Response,Valve A,Position 24,Expected Steps,,204,,6/24/2020 8:35:36 AM
Reagent Valve Response,Valve A,Position 24,Actual Steps,,207,,1/1/0001 12:00:00 AM
Reagent Valve Response,Valve A,Position 24,Error Steps,< 100,3,True,1/1/0001 12:00:00 AM
Reagent Valve Response,Valve B,Position 1,Expected Steps,,2450,,6/24/2020 8:35:37 AM
Reagent Valve Response,Valve B,Position 1,Actual Steps,,2486,,1/1/0001 12:00:00 AM
Reagent Valve Response,Valve B,Position 1,Error Steps,< 100,36,True,1/1/0001 12:00:00 AM
Reagent Valve Response,Valve B,Position 2,Expected Steps,,204,,6/24/2020 8:35:38 AM
Reagent Valve Response,Valve B,Position 2,Actual Steps,,240,,1/1/0001 12:00:00 AM
Reagent Valve Response,Valve B,Position 2,Error Steps,< 100,36,True,1/1/0001 12:00:00 AM
Reagent Valve Response,Valve B,Position 3,Expected Steps,,204,,6/24/2020 8:35:39 AM
Reagent Valve Response,Valve B,Position 3,Actual Steps,,215,,1/1/0001 12:00:00 AM
Reagent Valve Response,Valve B,Position 3,Error Steps,< 100,11,True,1/1/0001 12:00:00 AM
Reagent Valve Response,Valve B,Position 4,Expected Steps,,204,,6/24/2020 8:35:40 AM
Reagent Valve Response,Valve B,Position 4,Actual Steps,,212,,1/1/0001 12:00:00 AM
Reagent Valve Response,Valve B,Position 4,Error Steps,< 100,8,True,1/1/0001 12:00:00 AM
Reagent Valve Response,Valve B,Position 5,Expected Steps,,204,,6/24/2020 8:35:40 AM
Reagent Valve Response,Valve B,Position 5,Actual Steps,,206,,1/1/0001 12:00:00 AM
Reagent Valve Response,Valve B,Position 5,Error Steps,< 100,2,True,1/1/0001 12:00:00 AM
Reagent Valve Response,Valve B,Position 6,Expected Steps,,204,,6/24/2020 8:35:41 AM
Reagent Valve Response,Valve B,Position 6,Actual Steps,,202,,1/1/0001 12:00:00 AM
Reagent Valve Response,Valve B,Position 6,Error Steps,< 100,-2,True,1/1/0001 12:00:00 AM
Reagent Valve Response,Valve B,Position 7,Expected Steps,,204,,6/24/2020 8:35:42 AM
Reagent Valve Response,Valve B,Position 7,Actual Steps,,212,,1/1/0001 12:00:00 AM
Reagent Valve Response,Valve B,Position 7,Error Steps,< 100,8,True,1/1/0001 12:00:00 AM
Reagent Valve Response,Valve B,Position 8,Expected Steps,,204,,6/24/2020 8:35:42 AM
Reagent Valve Response,Valve B,Position 8,Actual Steps,,213,,1/1/0001 12:00:00 AM
Reagent Valve Response,Valve B,Position 8,Error Steps,< 100,9,True,1/1/0001 12:00:00 AM
Reagent Valve Response,Valve B,Position 9,Expected Steps,,204,,6/24/2020 8:35:43 AM
Reagent Valve Response,Valve B,Position 9,Actual Steps,,203,,1/1/0001 12:00:00 AM
Reagent Valve Response,Valve B,Position 9,Error Steps,< 100,-1,True,1/1/0001 12:00:00 AM
Reagent Valve Response,Valve B,Position 10,Expected Steps,,204,,6/24/2020 8:35:44 AM
Reagent Valve Response,Valve B,Position 10,Actual Steps,,209,,1/1/0001 12:00:00 AM
Reagent Valve Response,Valve B,Position 10,Error Steps,< 100,5,True,1/1/0001 12:00:00 AM
Reagent Valve Response,Valve B,Position 11,Expected Steps,,204,,6/24/2020 8:35:44 AM
Reagent Valve Response,Valve B,Position 11,Actual Steps,,214,,1/1/0001 12:00:00 AM
Reagent Valve Response,Valve B,Position 11,Error Steps,< 100,10,True,1/1/0001 12:00:00 AM
Reagent Valve Response,Valve B,Position 12,Expected Steps,,204,,6/24/2020 8:35:45 AM
Reagent Valve Response,Valve B,Position 12,Actual Steps,,213,,1/1/0001 12:00:00 AM
Reagent Valve Response,Valve B,Position 12,Error Steps,< 100,9,True,1/1/0001 12:00:00 AM
Reagent Valve Response,Valve B,Position 13,Expected Steps,,204,,6/24/2020 8:35:46 AM
Reagent Valve Response,Valve B,Position 13,Actual Steps,,210,,1/1/0001 12:00:00 AM
Reagent Valve Response,Valve B,Position 13,Error Steps,< 100,6,True,1/1/0001 12:00:00 AM
Reagent Valve Response,Valve B,Position 14,Expected Steps,,204,,6/24/2020 8:35:47 AM
Reagent Valve Response,Valve B,Position 14,Actual Steps,,216,,1/1/0001 12:00:00 AM
Reagent Valve Response,Valve B,Position 14,Error Steps,< 100,12,True,1/1/0001 12:00:00 AM
Reagent Valve Response,Valve B,Position 15,Expected Steps,,204,,6/24/2020 8:35:47 AM
Reagent Valve Response,Valve B,Position 15,Actual Steps,,206,,1/1/0001 12:00:00 AM
Reagent Valve Response,Valve B,Position 15,Error Steps,< 100,2,True,1/1/0001 12:00:00 AM
Reagent Valve Response,Valve B,Position 16,Expected Steps,,204,,6/24/2020 8:35:48 AM
Reagent Valve Response,Valve B,Position 16,Actual Steps,,211,,1/1/0001 12:00:00 AM
Reagent Valve Response,Valve B,Position 16,Error Steps,< 100,7,True,1/1/0001 12:00:00 AM
Reagent Valve Response,Valve B,Position 17,Expected Steps,,204,,6/24/2020 8:35:49 AM
Reagent Valve Response,Valve B,Position 17,Actual Steps,,212,,1/1/0001 12:00:00 AM
Reagent Valve Response,Valve B,Position 17,Error Steps,< 100,8,True,1/1/0001 12:00:00 AM
Reagent Valve Response,Valve B,Position 18,Expected Steps,,204,,6/24/2020 8:35:50 AM
Reagent Valve Response,Valve B,Position 18,Actual Steps,,210,,1/1/0001 12:00:00 AM
Reagent Valve Response,Valve B,Position 18,Error Steps,< 100,6,True,1/1/0001 12:00:00 AM
Reagent Valve Response,Valve B,Position 19,Expected Steps,,204,,6/24/2020 8:35:50 AM
Reagent Valve Response,Valve B,Position 19,Actual Steps,,207,,1/1/0001 12:00:00 AM
Reagent Valve Response,Valve B,Position 19,Error Steps,< 100,3,True,1/1/0001 12:00:00 AM
Reagent Valve Response,Valve B,Position 20,Expected Steps,,204,,6/24/2020 8:35:51 AM
Reagent Valve Response,Valve B,Position 20,Actual Steps,,205,,1/1/0001 12:00:00 AM
Reagent Valve Response,Valve B,Position 20,Error Steps,< 100,1,True,1/1/0001 12:00:00 AM
Reagent Valve Response,Valve B,Position 21,Expected Steps,,204,,6/24/2020 8:35:52 AM
Reagent Valve Response,Valve B,Position 21,Actual Steps,,213,,1/1/0001 12:00:00 AM
Reagent Valve Response,Valve B,Position 21,Error Steps,< 100,9,True,1/1/0001 12:00:00 AM
Reagent Valve Response,Valve B,Position 22,Expected Steps,,204,,6/24/2020 8:35:52 AM
Reagent Valve Response,Valve B,Position 22,Actual Steps,,203,,1/1/0001 12:00:00 AM
Reagent Valve Response,Valve B,Position 22,Error Steps,< 100,-1,True,1/1/0001 12:00:00 AM
Reagent Valve Response,Valve B,Position 23,Expected Steps,,204,,6/24/2020 8:35:53 AM
Reagent Valve Response,Valve B,Position 23,Actual Steps,,216,,1/1/0001 12:00:00 AM
Reagent Valve Response,Valve B,Position 23,Error Steps,< 100,12,True,1/1/0001 12:00:00 AM
Reagent Valve Response,Valve B,Position 24,Expected Steps,,204,,6/24/2020 8:35:54 AM
Reagent Valve Response,Valve B,Position 24,Actual Steps,,206,,1/1/0001 12:00:00 AM
Reagent Valve Response,Valve B,Position 24,Error Steps,< 100,2,True,1/1/0001 12:00:00 AM
Pump Valve Response,Pump A,Position 3000,Syringe Positions,3000,,True,6/24/2020 8:36:07 AM
Pump Valve Response,Pump A,Position 0,Syringe Positions,0,,True,1/1/0001 12:00:00 AM
Pump Valve Response,Pump A,Position 1,Valve Positions,1,,True,1/1/0001 12:00:00 AM
Pump Valve Response,Pump A,Position 2,Valve Positions,2,,True,1/1/0001 12:00:00 AM
Pump Valve Response,Pump A,Position 3,Valve Positions,3,,True,1/1/0001 12:00:00 AM
Pump Valve Response,Pump A,Position 4,Valve Positions,4,,True,1/1/0001 12:00:00 AM
Pump Valve Response,Pump A,Position 5,Valve Positions,5,,True,1/1/0001 12:00:00 AM
Pump Valve Response,Pump A,Position 6,Valve Positions,6,,True,1/1/0001 12:00:00 AM
Pump Valve Response,Pump B,Position 3000,Syringe Positions,3000,,True,6/24/2020 8:36:39 AM
Pump Valve Response,Pump B,Position 0,Syringe Positions,0,,True,1/1/0001 12:00:00 AM
Pump Valve Response,Pump B,Position 1,Valve Positions,1,,True,1/1/0001 12:00:00 AM
Pump Valve Response,Pump B,Position 2,Valve Positions,2,,True,1/1/0001 12:00:00 AM
Pump Valve Response,Pump B,Position 3,Valve Positions,3,,True,1/1/0001 12:00:00 AM
Pump Valve Response,Pump B,Position 4,Valve Positions,4,,True,1/1/0001 12:00:00 AM
Pump Valve Response,Pump B,Position 5,Valve Positions,5,,True,1/1/0001 12:00:00 AM
Pump Valve Response,Pump B,Position 6,Valve Positions,6,,True,1/1/0001 12:00:00 AM
PressureDecay1,Fluidic System Pressure Decay Test - NSS v1.2,Lane A,First Sample,,08:45:37.035,,6/24/2020 8:47:33 AM
PressureDecay1,Fluidic System Pressure Decay Test - NSS v1.2,Lane A,First Pressure,,17.226280,,1/1/0001 12:00:00 AM
PressureDecay1,Fluidic System Pressure Decay Test - NSS v1.2,Lane A,Second Sample,,08:46:21.145,,1/1/0001 12:00:00 AM
PressureDecay1,Fluidic System Pressure Decay Test - NSS v1.2,Lane A,Second Pressure,,17.158460,,1/1/0001 12:00:00 AM
PressureDecay1,Fluidic System Pressure Decay Test - NSS v1.2,Lane A,Leak Rate,< 5,0.001417,True,1/1/0001 12:00:00 AM
PressureDecay1,Fluidic System Pressure Decay Test - NSS v1.2,Lane A,Target Pressure,,0.020000,,1/1/0001 12:00:00 AM
PressureDecay1,Fluidic System Pressure Decay Test - NSS v1.2,Lane B,First Sample,,08:45:37.295,,6/24/2020 8:47:33 AM
PressureDecay1,Fluidic System Pressure Decay Test - NSS v1.2,Lane B,First Pressure,,17.226280,,1/1/0001 12:00:00 AM
PressureDecay1,Fluidic System Pressure Decay Test - NSS v1.2,Lane B,Second Sample,,08:46:20.885,,1/1/0001 12:00:00 AM
PressureDecay1,Fluidic System Pressure Decay Test - NSS v1.2,Lane B,Second Pressure,,17.090640,,1/1/0001 12:00:00 AM
PressureDecay1,Fluidic System Pressure Decay Test - NSS v1.2,Lane B,Leak Rate,< 5,0.002964,True,1/1/0001 12:00:00 AM
PressureDecay1,Fluidic System Pressure Decay Test - NSS v1.2,Lane B,Target Pressure,,0.020000,,1/1/0001 12:00:00 AM
Bubble Count,Lane A,Base Line to Post Aspirate Delta,Waste 1,0,0,True,6/24/2020 8:51:01 AM
Bubble Count,Lane A,Base Line to Post Aspirate Delta,Waste 2,0,0,True,6/24/2020 8:51:01 AM
Bubble Count,Lane A,Base Line to Post Aspirate Delta,Lane A1,>0,0,False,6/24/2020 8:51:01 AM
Bubble Count,Lane A,Base Line to Post Aspirate Delta,Lane B1,0,0,True,6/24/2020 8:51:01 AM
Bubble Count,Lane A,Post Aspirate to Post Dispense Delta,Waste 1,>10,3,False,6/24/2020 8:51:01 AM
Bubble Count,Lane A,Post Aspirate to Post Dispense Delta,Waste 2,>10,2,False,6/24/2020 8:51:01 AM
Bubble Count,Lane A,Post Aspirate to Post Dispense Delta,Lane A1,,418,,6/24/2020 8:51:01 AM
Bubble Count,Lane A,Post Aspirate to Post Dispense Delta,Lane B1,0,0,True,6/24/2020 8:51:01 AM
Bubble Count,Lane B,Base Line to Post Aspirate Delta,Waste 1,0,0,True,6/24/2020 8:51:01 AM
Bubble Count,Lane B,Base Line to Post Aspirate Delta,Waste 2,0,0,True,6/24/2020 8:51:01 AM
Bubble Count,Lane B,Base Line to Post Aspirate Delta,Lane A1,0,0,True,6/24/2020 8:51:01 AM
Bubble Count,Lane B,Base Line to Post Aspirate Delta,Lane B1,>0,0,False,6/24/2020 8:51:01 AM
Bubble Count,Lane B,Post Aspirate to Post Dispense Delta,Waste 1,>10,3,False,6/24/2020 8:51:01 AM
Bubble Count,Lane B,Post Aspirate to Post Dispense Delta,Waste 2,>10,4,False,6/24/2020 8:51:01 AM
Bubble Count,Lane B,Post Aspirate to Post Dispense Delta,Lane A1,0,0,True,6/24/2020 8:51:01 AM
Bubble Count,Lane B,Post Aspirate to Post Dispense Delta,Lane B1,,0,,6/24/2020 8:51:01 AM
Flow Rate,,,,,,False,1/1/0001 12:00:00 AM
Fan Test,Fan 0 - LED,,Speed (PPM),>= 5,8490,True,1/1/0001 12:00:00 AM
Fan Test,Fan 2 - Ebox1,,Speed (PPM),>= 5,32925,True,1/1/0001 12:00:00 AM
Fan Test,Fan 3 - Exhaust0,,Speed (PPM),>= 5,8287,True,1/1/0001 12:00:00 AM
Fan Test,Fan 4 - Exhaust1,,Speed (PPM),>= 5,8358,True,1/1/0001 12:00:00 AM
Fan Test,Fan 5 - Exhaust2,,Speed (PPM),>= 5,8145,True,1/1/0001 12:00:00 AM
Fan Test,Fan 6 - Flowcell,,Speed (PPM),>= 5,17941,True,1/1/0001 12:00:00 AM
Temp Probe Test,Probe 0 - Board0,,Temperature (C),>= 0,27.659,True,1/1/0001 12:00:00 AM
Temp Probe Test,Probe 1 - Board1,,Temperature (C),>= 0,41.86,True,1/1/0001 12:00:00 AM
Temp Probe Test,Probe 2 - Camera0,,Temperature (C),>= 0,29.938,True,1/1/0001 12:00:00 AM
Temp Probe Test,Probe 3 - Camera1,,Temperature (C),>= 0,30.0252,True,1/1/0001 12:00:00 AM
Temp Probe Test,Probe 4 - Camera2,,Temperature (C),>= 0,29.688,True,1/1/0001 12:00:00 AM
Temp Probe Test,Probe 5 - Camera3,,Temperature (C),>= 0,29.75,True,1/1/0001 12:00:00 AM
Temp Probe Test,Probe 6 - Camera4,,Temperature (C),>= 0,30.125,True,1/1/0001 12:00:00 AM
Temp Probe Test,Probe 7 - Camera5,,Temperature (C),>= 0,30.063,True,1/1/0001 12:00:00 AM
Temp Probe Test,Probe 8 - ThermoCouple_Side,,Temperature (C),>= 0,26.95,True,1/1/0001 12:00:00 AM
Temp Probe Test,Probe 9 - ThermoCouple_Rear,,Temperature (C),>= 0,31.8,True,1/1/0001 12:00:00 AM
