Filename,D:\Illumina\SystemCheckResults\AllResultDetails\NS500355_2018-10-19__12_52_57_SystemCheckResultDetails.csv
Application,2.2.0.2
Location,Field
Instrument ID,NS500355
Integrated Chassis ID,ICA1415024
Imaging Module ID,ICA1415024
FPGA version,r.2016.3.0

Category,Detail 1, Detail 2,Test,Expected Result,Result,Pass,Time
Reagent Valve Response,Valve A,Position 1,Expected Steps,,1633,,10/19/2018 11:17:01 AM
Reagent Valve Response,Valve A,Position 1,Actual Steps,,1653,,1/1/0001 12:00:00 AM
Reagent Valve Response,Valve A,Position 1,Error Steps,< 100,20,True,1/1/0001 12:00:00 AM
Reagent Valve Response,Valve A,Position 2,Expected Steps,,204,,10/19/2018 11:17:02 AM
Reagent Valve Response,Valve A,Position 2,Actual Steps,,210,,1/1/0001 12:00:00 AM
Reagent Valve Response,Valve A,Position 2,Error Steps,< 100,6,True,1/1/0001 12:00:00 AM
Reagent Valve Response,Valve A,Position 3,Expected Steps,,204,,10/19/2018 11:17:03 AM
Reagent Valve Response,Valve A,Position 3,Actual Steps,,213,,1/1/0001 12:00:00 AM
Reagent Valve Response,Valve A,Position 3,Error Steps,< 100,9,True,1/1/0001 12:00:00 AM
Reagent Valve Response,Valve A,Position 4,Expected Steps,,204,,10/19/2018 11:17:03 AM
Reagent Valve Response,Valve A,Position 4,Actual Steps,,213,,1/1/0001 12:00:00 AM
Reagent Valve Response,Valve A,Position 4,Error Steps,< 100,9,True,1/1/0001 12:00:00 AM
Reagent Valve Response,Valve A,Position 5,Expected Steps,,204,,10/19/2018 11:17:04 AM
Reagent Valve Response,Valve A,Position 5,Actual Steps,,212,,1/1/0001 12:00:00 AM
Reagent Valve Response,Valve A,Position 5,Error Steps,< 100,8,True,1/1/0001 12:00:00 AM
Reagent Valve Response,Valve A,Position 6,Expected Steps,,204,,10/19/2018 11:17:05 AM
Reagent Valve Response,Valve A,Position 6,Actual Steps,,211,,1/1/0001 12:00:00 AM
Reagent Valve Response,Valve A,Position 6,Error Steps,< 100,7,True,1/1/0001 12:00:00 AM
Reagent Valve Response,Valve A,Position 7,Expected Steps,,204,,10/19/2018 11:17:05 AM
Reagent Valve Response,Valve A,Position 7,Actual Steps,,214,,1/1/0001 12:00:00 AM
Reagent Valve Response,Valve A,Position 7,Error Steps,< 100,10,True,1/1/0001 12:00:00 AM
Reagent Valve Response,Valve A,Position 8,Expected Steps,,204,,10/19/2018 11:17:06 AM
Reagent Valve Response,Valve A,Position 8,Actual Steps,,215,,1/1/0001 12:00:00 AM
Reagent Valve Response,Valve A,Position 8,Error Steps,< 100,11,True,1/1/0001 12:00:00 AM
Reagent Valve Response,Valve A,Position 9,Expected Steps,,204,,10/19/2018 11:17:07 AM
Reagent Valve Response,Valve A,Position 9,Actual Steps,,212,,1/1/0001 12:00:00 AM
Reagent Valve Response,Valve A,Position 9,Error Steps,< 100,8,True,1/1/0001 12:00:00 AM
Reagent Valve Response,Valve A,Position 10,Expected Steps,,204,,10/19/2018 11:17:07 AM
Reagent Valve Response,Valve A,Position 10,Actual Steps,,209,,1/1/0001 12:00:00 AM
Reagent Valve Response,Valve A,Position 10,Error Steps,< 100,5,True,1/1/0001 12:00:00 AM
Reagent Valve Response,Valve A,Position 11,Expected Steps,,204,,10/19/2018 11:17:08 AM
Reagent Valve Response,Valve A,Position 11,Actual Steps,,212,,1/1/0001 12:00:00 AM
Reagent Valve Response,Valve A,Position 11,Error Steps,< 100,8,True,1/1/0001 12:00:00 AM
Reagent Valve Response,Valve A,Position 12,Expected Steps,,204,,10/19/2018 11:17:09 AM
Reagent Valve Response,Valve A,Position 12,Actual Steps,,212,,1/1/0001 12:00:00 AM
Reagent Valve Response,Valve A,Position 12,Error Steps,< 100,8,True,1/1/0001 12:00:00 AM
Reagent Valve Response,Valve A,Position 13,Expected Steps,,204,,10/19/2018 11:17:10 AM
Reagent Valve Response,Valve A,Position 13,Actual Steps,,213,,1/1/0001 12:00:00 AM
Reagent Valve Response,Valve A,Position 13,Error Steps,< 100,9,True,1/1/0001 12:00:00 AM
Reagent Valve Response,Valve A,Position 14,Expected Steps,,204,,10/19/2018 11:17:10 AM
Reagent Valve Response,Valve A,Position 14,Actual Steps,,211,,1/1/0001 12:00:00 AM
Reagent Valve Response,Valve A,Position 14,Error Steps,< 100,7,True,1/1/0001 12:00:00 AM
Reagent Valve Response,Valve A,Position 15,Expected Steps,,204,,10/19/2018 11:17:11 AM
Reagent Valve Response,Valve A,Position 15,Actual Steps,,212,,1/1/0001 12:00:00 AM
Reagent Valve Response,Valve A,Position 15,Error Steps,< 100,8,True,1/1/0001 12:00:00 AM
Reagent Valve Response,Valve A,Position 16,Expected Steps,,204,,10/19/2018 11:17:12 AM
Reagent Valve Response,Valve A,Position 16,Actual Steps,,214,,1/1/0001 12:00:00 AM
Reagent Valve Response,Valve A,Position 16,Error Steps,< 100,10,True,1/1/0001 12:00:00 AM
Reagent Valve Response,Valve A,Position 17,Expected Steps,,204,,10/19/2018 11:17:12 AM
Reagent Valve Response,Valve A,Position 17,Actual Steps,,213,,1/1/0001 12:00:00 AM
Reagent Valve Response,Valve A,Position 17,Error Steps,< 100,9,True,1/1/0001 12:00:00 AM
Reagent Valve Response,Valve A,Position 18,Expected Steps,,204,,10/19/2018 11:17:13 AM
Reagent Valve Response,Valve A,Position 18,Actual Steps,,209,,1/1/0001 12:00:00 AM
Reagent Valve Response,Valve A,Position 18,Error Steps,< 100,5,True,1/1/0001 12:00:00 AM
Reagent Valve Response,Valve A,Position 19,Expected Steps,,204,,10/19/2018 11:17:14 AM
Reagent Valve Response,Valve A,Position 19,Actual Steps,,211,,1/1/0001 12:00:00 AM
Reagent Valve Response,Valve A,Position 19,Error Steps,< 100,7,True,1/1/0001 12:00:00 AM
Reagent Valve Response,Valve A,Position 20,Expected Steps,,204,,10/19/2018 11:17:15 AM
Reagent Valve Response,Valve A,Position 20,Actual Steps,,213,,1/1/0001 12:00:00 AM
Reagent Valve Response,Valve A,Position 20,Error Steps,< 100,9,True,1/1/0001 12:00:00 AM
Reagent Valve Response,Valve A,Position 21,Expected Steps,,204,,10/19/2018 11:17:15 AM
Reagent Valve Response,Valve A,Position 21,Actual Steps,,212,,1/1/0001 12:00:00 AM
Reagent Valve Response,Valve A,Position 21,Error Steps,< 100,8,True,1/1/0001 12:00:00 AM
Reagent Valve Response,Valve A,Position 22,Expected Steps,,204,,10/19/2018 11:17:16 AM
Reagent Valve Response,Valve A,Position 22,Actual Steps,,212,,1/1/0001 12:00:00 AM
Reagent Valve Response,Valve A,Position 22,Error Steps,< 100,8,True,1/1/0001 12:00:00 AM
Reagent Valve Response,Valve A,Position 23,Expected Steps,,204,,10/19/2018 11:17:17 AM
Reagent Valve Response,Valve A,Position 23,Actual Steps,,214,,1/1/0001 12:00:00 AM
Reagent Valve Response,Valve A,Position 23,Error Steps,< 100,10,True,1/1/0001 12:00:00 AM
Reagent Valve Response,Valve A,Position 24,Expected Steps,,204,,10/19/2018 11:17:17 AM
Reagent Valve Response,Valve A,Position 24,Actual Steps,,213,,1/1/0001 12:00:00 AM
Reagent Valve Response,Valve A,Position 24,Error Steps,< 100,9,True,1/1/0001 12:00:00 AM
Reagent Valve Response,Valve B,Position 1,Expected Steps,,2450,,10/19/2018 11:17:19 AM
Reagent Valve Response,Valve B,Position 1,Actual Steps,,2475,,1/1/0001 12:00:00 AM
Reagent Valve Response,Valve B,Position 1,Error Steps,< 100,25,True,1/1/0001 12:00:00 AM
Reagent Valve Response,Valve B,Position 2,Expected Steps,,204,,10/19/2018 11:17:20 AM
Reagent Valve Response,Valve B,Position 2,Actual Steps,,229,,1/1/0001 12:00:00 AM
Reagent Valve Response,Valve B,Position 2,Error Steps,< 100,25,True,1/1/0001 12:00:00 AM
Reagent Valve Response,Valve B,Position 3,Expected Steps,,204,,10/19/2018 11:17:20 AM
Reagent Valve Response,Valve B,Position 3,Actual Steps,,214,,1/1/0001 12:00:00 AM
Reagent Valve Response,Valve B,Position 3,Error Steps,< 100,10,True,1/1/0001 12:00:00 AM
Reagent Valve Response,Valve B,Position 4,Expected Steps,,204,,10/19/2018 11:17:21 AM
Reagent Valve Response,Valve B,Position 4,Actual Steps,,212,,1/1/0001 12:00:00 AM
Reagent Valve Response,Valve B,Position 4,Error Steps,< 100,8,True,1/1/0001 12:00:00 AM
Reagent Valve Response,Valve B,Position 5,Expected Steps,,204,,10/19/2018 11:17:22 AM
Reagent Valve Response,Valve B,Position 5,Actual Steps,,214,,1/1/0001 12:00:00 AM
Reagent Valve Response,Valve B,Position 5,Error Steps,< 100,10,True,1/1/0001 12:00:00 AM
Reagent Valve Response,Valve B,Position 6,Expected Steps,,204,,10/19/2018 11:17:22 AM
Reagent Valve Response,Valve B,Position 6,Actual Steps,,211,,1/1/0001 12:00:00 AM
Reagent Valve Response,Valve B,Position 6,Error Steps,< 100,7,True,1/1/0001 12:00:00 AM
Reagent Valve Response,Valve B,Position 7,Expected Steps,,204,,10/19/2018 11:17:23 AM
Reagent Valve Response,Valve B,Position 7,Actual Steps,,203,,1/1/0001 12:00:00 AM
Reagent Valve Response,Valve B,Position 7,Error Steps,< 100,-1,True,1/1/0001 12:00:00 AM
Reagent Valve Response,Valve B,Position 8,Expected Steps,,204,,10/19/2018 11:17:24 AM
Reagent Valve Response,Valve B,Position 8,Actual Steps,,215,,1/1/0001 12:00:00 AM
Reagent Valve Response,Valve B,Position 8,Error Steps,< 100,11,True,1/1/0001 12:00:00 AM
Reagent Valve Response,Valve B,Position 9,Expected Steps,,204,,10/19/2018 11:17:25 AM
Reagent Valve Response,Valve B,Position 9,Actual Steps,,220,,1/1/0001 12:00:00 AM
Reagent Valve Response,Valve B,Position 9,Error Steps,< 100,16,True,1/1/0001 12:00:00 AM
Reagent Valve Response,Valve B,Position 10,Expected Steps,,204,,10/19/2018 11:17:25 AM
Reagent Valve Response,Valve B,Position 10,Actual Steps,,210,,1/1/0001 12:00:00 AM
Reagent Valve Response,Valve B,Position 10,Error Steps,< 100,6,True,1/1/0001 12:00:00 AM
Reagent Valve Response,Valve B,Position 11,Expected Steps,,204,,10/19/2018 11:17:26 AM
Reagent Valve Response,Valve B,Position 11,Actual Steps,,211,,1/1/0001 12:00:00 AM
Reagent Valve Response,Valve B,Position 11,Error Steps,< 100,7,True,1/1/0001 12:00:00 AM
Reagent Valve Response,Valve B,Position 12,Expected Steps,,204,,10/19/2018 11:17:27 AM
Reagent Valve Response,Valve B,Position 12,Actual Steps,,212,,1/1/0001 12:00:00 AM
Reagent Valve Response,Valve B,Position 12,Error Steps,< 100,8,True,1/1/0001 12:00:00 AM
Reagent Valve Response,Valve B,Position 13,Expected Steps,,204,,10/19/2018 11:17:27 AM
Reagent Valve Response,Valve B,Position 13,Actual Steps,,203,,1/1/0001 12:00:00 AM
Reagent Valve Response,Valve B,Position 13,Error Steps,< 100,-1,True,1/1/0001 12:00:00 AM
Reagent Valve Response,Valve B,Position 14,Expected Steps,,204,,10/19/2018 11:17:28 AM
Reagent Valve Response,Valve B,Position 14,Actual Steps,,200,,1/1/0001 12:00:00 AM
Reagent Valve Response,Valve B,Position 14,Error Steps,< 100,-4,True,1/1/0001 12:00:00 AM
Reagent Valve Response,Valve B,Position 15,Expected Steps,,204,,10/19/2018 11:17:29 AM
Reagent Valve Response,Valve B,Position 15,Actual Steps,,204,,1/1/0001 12:00:00 AM
Reagent Valve Response,Valve B,Position 15,Error Steps,< 100,0,True,1/1/0001 12:00:00 AM
Reagent Valve Response,Valve B,Position 16,Expected Steps,,204,,10/19/2018 11:17:29 AM
Reagent Valve Response,Valve B,Position 16,Actual Steps,,214,,1/1/0001 12:00:00 AM
Reagent Valve Response,Valve B,Position 16,Error Steps,< 100,10,True,1/1/0001 12:00:00 AM
Reagent Valve Response,Valve B,Position 17,Expected Steps,,204,,10/19/2018 11:17:30 AM
Reagent Valve Response,Valve B,Position 17,Actual Steps,,211,,1/1/0001 12:00:00 AM
Reagent Valve Response,Valve B,Position 17,Error Steps,< 100,7,True,1/1/0001 12:00:00 AM
Reagent Valve Response,Valve B,Position 18,Expected Steps,,204,,10/19/2018 11:17:31 AM
Reagent Valve Response,Valve B,Position 18,Actual Steps,,210,,1/1/0001 12:00:00 AM
Reagent Valve Response,Valve B,Position 18,Error Steps,< 100,6,True,1/1/0001 12:00:00 AM
Reagent Valve Response,Valve B,Position 19,Expected Steps,,204,,10/19/2018 11:17:32 AM
Reagent Valve Response,Valve B,Position 19,Actual Steps,,205,,1/1/0001 12:00:00 AM
Reagent Valve Response,Valve B,Position 19,Error Steps,< 100,1,True,1/1/0001 12:00:00 AM
Reagent Valve Response,Valve B,Position 20,Expected Steps,,204,,10/19/2018 11:17:32 AM
Reagent Valve Response,Valve B,Position 20,Actual Steps,,205,,1/1/0001 12:00:00 AM
Reagent Valve Response,Valve B,Position 20,Error Steps,< 100,1,True,1/1/0001 12:00:00 AM
Reagent Valve Response,Valve B,Position 21,Expected Steps,,204,,10/19/2018 11:17:33 AM
Reagent Valve Response,Valve B,Position 21,Actual Steps,,204,,1/1/0001 12:00:00 AM
Reagent Valve Response,Valve B,Position 21,Error Steps,< 100,0,True,1/1/0001 12:00:00 AM
Reagent Valve Response,Valve B,Position 22,Expected Steps,,204,,10/19/2018 11:17:34 AM
Reagent Valve Response,Valve B,Position 22,Actual Steps,,212,,1/1/0001 12:00:00 AM
Reagent Valve Response,Valve B,Position 22,Error Steps,< 100,8,True,1/1/0001 12:00:00 AM
Reagent Valve Response,Valve B,Position 23,Expected Steps,,204,,10/19/2018 11:17:34 AM
Reagent Valve Response,Valve B,Position 23,Actual Steps,,212,,1/1/0001 12:00:00 AM
Reagent Valve Response,Valve B,Position 23,Error Steps,< 100,8,True,1/1/0001 12:00:00 AM
Reagent Valve Response,Valve B,Position 24,Expected Steps,,204,,10/19/2018 11:17:35 AM
Reagent Valve Response,Valve B,Position 24,Actual Steps,,216,,1/1/0001 12:00:00 AM
Reagent Valve Response,Valve B,Position 24,Error Steps,< 100,12,True,1/1/0001 12:00:00 AM
Pump Valve Response,Pump A,Position 3000,Syringe Positions,3000,,True,10/19/2018 11:17:48 AM
Pump Valve Response,Pump A,Position 0,Syringe Positions,0,,True,1/1/0001 12:00:00 AM
Pump Valve Response,Pump A,Position 1,Valve Positions,1,,True,1/1/0001 12:00:00 AM
Pump Valve Response,Pump A,Position 2,Valve Positions,2,,True,1/1/0001 12:00:00 AM
Pump Valve Response,Pump A,Position 3,Valve Positions,3,,True,1/1/0001 12:00:00 AM
Pump Valve Response,Pump A,Position 4,Valve Positions,4,,True,1/1/0001 12:00:00 AM
Pump Valve Response,Pump A,Position 5,Valve Positions,5,,True,1/1/0001 12:00:00 AM
Pump Valve Response,Pump A,Position 6,Valve Positions,6,,True,1/1/0001 12:00:00 AM
Pump Valve Response,Pump B,Position 3000,Syringe Positions,3000,,True,10/19/2018 11:18:20 AM
Pump Valve Response,Pump B,Position 0,Syringe Positions,0,,True,1/1/0001 12:00:00 AM
Pump Valve Response,Pump B,Position 1,Valve Positions,1,,True,1/1/0001 12:00:00 AM
Pump Valve Response,Pump B,Position 2,Valve Positions,2,,True,1/1/0001 12:00:00 AM
Pump Valve Response,Pump B,Position 3,Valve Positions,3,,True,1/1/0001 12:00:00 AM
Pump Valve Response,Pump B,Position 4,Valve Positions,4,,True,1/1/0001 12:00:00 AM
Pump Valve Response,Pump B,Position 5,Valve Positions,5,,True,1/1/0001 12:00:00 AM
Pump Valve Response,Pump B,Position 6,Valve Positions,6,,True,1/1/0001 12:00:00 AM
PressureDecay1,Fluidic System Pressure Decay Test - NSS v1.2,Lane A,First Sample,,11:27:24.160,,10/19/2018 11:29:20 AM
PressureDecay1,Fluidic System Pressure Decay Test - NSS v1.2,Lane A,First Pressure,,17.226280,,1/1/0001 12:00:00 AM
PressureDecay1,Fluidic System Pressure Decay Test - NSS v1.2,Lane A,Second Sample,,11:28:08.300,,1/1/0001 12:00:00 AM
PressureDecay1,Fluidic System Pressure Decay Test - NSS v1.2,Lane A,Second Pressure,,15.666420,,1/1/0001 12:00:00 AM
PressureDecay1,Fluidic System Pressure Decay Test - NSS v1.2,Lane A,Leak Rate,< 5,0.035856,True,1/1/0001 12:00:00 AM
PressureDecay1,Fluidic System Pressure Decay Test - NSS v1.2,Lane A,Target Pressure,,0.020000,,1/1/0001 12:00:00 AM
PressureDecay1,Fluidic System Pressure Decay Test - NSS v1.2,Lane B,First Sample,,11:27:24.420,,10/19/2018 11:29:20 AM
PressureDecay1,Fluidic System Pressure Decay Test - NSS v1.2,Lane B,First Pressure,,16.887180,,1/1/0001 12:00:00 AM
PressureDecay1,Fluidic System Pressure Decay Test - NSS v1.2,Lane B,Second Sample,,11:28:08.040,,1/1/0001 12:00:00 AM
PressureDecay1,Fluidic System Pressure Decay Test - NSS v1.2,Lane B,Second Pressure,,15.734240,,1/1/0001 12:00:00 AM
PressureDecay1,Fluidic System Pressure Decay Test - NSS v1.2,Lane B,Leak Rate,< 5,0.024832,True,1/1/0001 12:00:00 AM
PressureDecay1,Fluidic System Pressure Decay Test - NSS v1.2,Lane B,Target Pressure,,0.020000,,1/1/0001 12:00:00 AM
PressureDecay1,Diagnostic Line Pressure Decay Test - NSS v1.2,Lane A,First Sample,,11:31:33.170,,10/19/2018 11:32:35 AM
PressureDecay1,Diagnostic Line Pressure Decay Test - NSS v1.2,Lane A,First Pressure,,17.701020,,1/1/0001 12:00:00 AM
PressureDecay1,Diagnostic Line Pressure Decay Test - NSS v1.2,Lane A,Second Sample,,11:32:16.411,,1/1/0001 12:00:00 AM
PressureDecay1,Diagnostic Line Pressure Decay Test - NSS v1.2,Lane A,Second Pressure,,13.767460,,1/1/0001 12:00:00 AM
PressureDecay1,Diagnostic Line Pressure Decay Test - NSS v1.2,Lane A,Leak Rate,< 5,0.088544,True,1/1/0001 12:00:00 AM
PressureDecay1,Diagnostic Line Pressure Decay Test - NSS v1.2,Lane A,Target Pressure,,0.020000,,1/1/0001 12:00:00 AM
PressureDecay1,Diagnostic Line Pressure Decay Test - NSS v1.2,Lane B,First Sample,,11:31:32.520,,10/19/2018 11:32:35 AM
PressureDecay1,Diagnostic Line Pressure Decay Test - NSS v1.2,Lane B,First Pressure,,18.311400,,1/1/0001 12:00:00 AM
PressureDecay1,Diagnostic Line Pressure Decay Test - NSS v1.2,Lane B,Second Sample,,11:32:16.231,,1/1/0001 12:00:00 AM
PressureDecay1,Diagnostic Line Pressure Decay Test - NSS v1.2,Lane B,Second Pressure,,17.361920,,1/1/0001 12:00:00 AM
PressureDecay1,Diagnostic Line Pressure Decay Test - NSS v1.2,Lane B,Leak Rate,< 5,0.023032,True,1/1/0001 12:00:00 AM
PressureDecay1,Diagnostic Line Pressure Decay Test - NSS v1.2,Lane B,Target Pressure,,0.020000,,1/1/0001 12:00:00 AM
Flow Rate,Lane A,,Actual Flow Rate,3100.000000 +/- 700.000000,3201.590332,True,10/19/2018 11:51:16 AM
Flow Rate,Lane A,,Flight Time,,128200,,10/19/2018 11:51:16 AM
Flow Rate,Lane A,,Scale Factor,,0.968269,,10/19/2018 11:51:16 AM
Flow Rate,Lane A,,Std,< 3100.000000,18.726451,True,10/19/2018 11:51:16 AM
Flow Rate,Lane B,,Actual Flow Rate,3100.000000 +/- 700.000000,3058.579102,True,10/19/2018 11:51:16 AM
Flow Rate,Lane B,,Flight Time,,134200,,10/19/2018 11:51:16 AM
Flow Rate,Lane B,,Scale Factor,,1.013543,,10/19/2018 11:51:16 AM
Flow Rate,Lane B,,Std,< 3100.000000,26.847951,True,10/19/2018 11:51:16 AM
