Filename,D:\Illumina\SystemCheckResults\AllResultDetails\NS500355_2019-10-16__11_20_51_SystemCheckResultDetails.csv
Application,2.2.0.2
Location,Field
Instrument ID,NS500355
Integrated Chassis ID,ICA1415024
Imaging Module ID,ICA1415024
FPGA version,r.2016.3.0

Category,Detail 1, Detail 2,Test,Expected Result,Result,Pass,Time
BSM,Cycle 1,,BSM Z Up Distance,149259 +/- 3635,147594,True,10/16/2019 10:09:45 AM
BSM,Cycle 1,,BSM Z Up Avg Gain,62900 +/- 5000,61566,True,10/16/2019 10:09:45 AM
BSM,Cycle 1,,BSM Z Down Distance,149259 +/- 3635,147356,True,10/16/2019 10:09:45 AM
BSM,Cycle 1,,BSM Z Down Avg Gain,61800 +/- 5000,62161,True,10/16/2019 10:09:45 AM
FCLM FAM,,,FAM Y Load Distance,194968 +/- 1948,194340,True,10/16/2019 10:12:55 AM
FCLM FAM,,,FAM Y Load Avg Gain,58800 +/- 7200,59783,True,10/16/2019 10:12:55 AM
FCLM FAM,,,FAM Z Load Distance,19089 +/- 1093,18960,True,10/16/2019 10:12:55 AM
FCLM FAM,,,FCLM X Load Avg Gain,<= 65000,51491,True,10/16/2019 10:12:55 AM
FCLM FAM,,,FCLM Y Load Avg Gain,<= 65000,53939,True,10/16/2019 10:12:55 AM
FCLM FAM,,,FCLM Z Load Avg Gain,<= 65000,59644,True,10/16/2019 10:12:55 AM
FCLM FAM,,,FCLM Align Load Avg Gain,<= 65000,51677,True,10/16/2019 10:12:55 AM
FCLM FAM,,,FAM Y Unload Distance,194968 +/- 1948,194325,True,10/16/2019 10:12:55 AM
FCLM FAM,,,FAM Y Unload Avg Gain,58800 +/- 7200,59472,True,10/16/2019 10:12:55 AM
FCLM FAM,,,FAM Z Unload Distance,19089 +/- 1093,18885,True,10/16/2019 10:12:55 AM
FCLM FAM,,,FCLM X Unload Avg Gain,<= 75000,54141,True,10/16/2019 10:12:55 AM
FCLM FAM,,,FCLM Y Unload Avg Gain,<= 75000,52187,True,10/16/2019 10:12:55 AM
FCLM FAM,,,FCLM Z Unload Avg Gain,<= 75000,62957,True,10/16/2019 10:12:55 AM
FCLM FAM,,,FCLM Align Unload Avg Gain,<= 75000,54951,True,10/16/2019 10:12:55 AM
Z Travel Limits Test,Camera 1,,Z_min_range,X >= 299.0,300.003,True,10/16/2019 10:13:32 AM
Z-Stage Step and Settle Test,Camera 1,,Z_step_settle_max,X <= 70,53,True,10/16/2019 10:13:34 AM
Z-Stage Step and Settle Test,Camera 1,,Z_step_settle_min,,48,,10/16/2019 10:13:34 AM
Z-Stage Step and Settle Test,Camera 1,,Z_stability_oper_max,X <= 0.500,0.091,True,10/16/2019 10:13:34 AM
Z Travel Limits Test,Camera 2,,Z_min_range,X >= 299.0,300.003,True,10/16/2019 10:13:32 AM
Z-Stage Step and Settle Test,Camera 2,,Z_step_settle_max,X <= 70,53,True,10/16/2019 10:13:34 AM
Z-Stage Step and Settle Test,Camera 2,,Z_step_settle_min,,48,,10/16/2019 10:13:34 AM
Z-Stage Step and Settle Test,Camera 2,,Z_stability_oper_max,X <= 0.500,0.103,True,10/16/2019 10:13:34 AM
Z Travel Limits Test,Camera 3,,Z_min_range,X >= 299.0,299.973,True,10/16/2019 10:13:32 AM
Z-Stage Step and Settle Test,Camera 3,,Z_step_settle_max,X <= 70,53,True,10/16/2019 10:13:34 AM
Z-Stage Step and Settle Test,Camera 3,,Z_step_settle_min,,48,,10/16/2019 10:13:34 AM
Z-Stage Step and Settle Test,Camera 3,,Z_stability_oper_max,X <= 0.500,0.094,True,10/16/2019 10:13:34 AM
Z Travel Limits Test,Camera 4,,Z_min_range,X >= 299.0,299.988,True,10/16/2019 10:13:32 AM
Z-Stage Step and Settle Test,Camera 4,,Z_step_settle_max,X <= 70,53,True,10/16/2019 10:13:34 AM
Z-Stage Step and Settle Test,Camera 4,,Z_step_settle_min,,48,,10/16/2019 10:13:34 AM
Z-Stage Step and Settle Test,Camera 4,,Z_stability_oper_max,X <= 0.500,0.131,True,10/16/2019 10:13:34 AM
Z Travel Limits Test,Camera 5,,Z_min_range,X >= 299.0,299.957,True,10/16/2019 10:13:32 AM
Z-Stage Step and Settle Test,Camera 5,,Z_step_settle_max,X <= 70,53,True,10/16/2019 10:13:34 AM
Z-Stage Step and Settle Test,Camera 5,,Z_step_settle_min,,48,,10/16/2019 10:13:34 AM
Z-Stage Step and Settle Test,Camera 5,,Z_stability_oper_max,X <= 0.500,0.106,True,10/16/2019 10:13:34 AM
Z Travel Limits Test,Camera 6,,Z_min_range,X >= 299.0,299.911,True,10/16/2019 10:13:32 AM
Z-Stage Step and Settle Test,Camera 6,,Z_step_settle_max,X <= 70,53,True,10/16/2019 10:13:34 AM
Z-Stage Step and Settle Test,Camera 6,,Z_step_settle_min,,48,,10/16/2019 10:13:34 AM
Z-Stage Step and Settle Test,Camera 6,,Z_stability_oper_max,X <= 0.500,0.107,True,10/16/2019 10:13:34 AM
Camera XY Travel Limits Test,Stage,,X_range,X >= 22.95,23.00,True,10/16/2019 10:13:21 AM
Camera XY Travel Limits Test,Stage,,Y_range,X >= 28.45,28.50,True,10/16/2019 10:13:21 AM
XY Registration Test,Camera 1,,Theta_X_Tilt,="-0.172 <= X <= 0.172",NaN,False,10/16/2019 10:29:46 AM
XY Registration Test,Camera 1,,Theta_Y_Tilt,="-0.229 <= X <= 0.229",NaN,False,10/16/2019 10:29:46 AM
XY Registration Test,Camera 2,,Theta_X_Tilt,="-0.172 <= X <= 0.172",0.022634,True,10/16/2019 10:29:46 AM
XY Registration Test,Camera 2,,Theta_Y_Tilt,="-0.229 <= X <= 0.229",0.003263366,True,10/16/2019 10:29:46 AM
XY Registration Test,Camera 3,,Theta_X_Tilt,="-0.172 <= X <= 0.172",NaN,False,10/16/2019 10:29:46 AM
XY Registration Test,Camera 3,,Theta_Y_Tilt,="-0.229 <= X <= 0.229",NaN,False,10/16/2019 10:29:46 AM
XY Registration Test,Camera 4,,Theta_X_Tilt,="-0.172 <= X <= 0.172",0.008374889,True,10/16/2019 10:29:46 AM
XY Registration Test,Camera 4,,Theta_Y_Tilt,="-0.229 <= X <= 0.229",0.001220531,True,10/16/2019 10:29:46 AM
XY Registration Test,Camera 5,,Theta_X_Tilt,="-0.172 <= X <= 0.172",0.0198562,True,10/16/2019 10:29:46 AM
XY Registration Test,Camera 5,,Theta_Y_Tilt,="-0.229 <= X <= 0.229",-0.003848807,True,10/16/2019 10:29:46 AM
XY Registration Test,Camera 6,,Theta_X_Tilt,="-0.172 <= X <= 0.172",0.004562329,True,10/16/2019 10:29:46 AM
XY Registration Test,Camera 6,,Theta_Y_Tilt,="-0.229 <= X <= 0.229",0.007512758,True,10/16/2019 10:29:46 AM
XY Registration Test,Stage,,Y_skew,="-0.235 <= X <= 0.235",-0.04976235,True,10/16/2019 10:29:46 AM
Reagent Valve Response,Valve A,Position 1,Expected Steps,,1633,,10/16/2019 10:31:26 AM
Reagent Valve Response,Valve A,Position 1,Actual Steps,,1677,,1/1/0001 12:00:00 AM
Reagent Valve Response,Valve A,Position 1,Error Steps,< 100,44,True,1/1/0001 12:00:00 AM
Reagent Valve Response,Valve A,Position 2,Expected Steps,,204,,10/16/2019 10:31:26 AM
Reagent Valve Response,Valve A,Position 2,Actual Steps,,206,,1/1/0001 12:00:00 AM
Reagent Valve Response,Valve A,Position 2,Error Steps,< 100,2,True,1/1/0001 12:00:00 AM
Reagent Valve Response,Valve A,Position 3,Expected Steps,,204,,10/16/2019 10:31:27 AM
Reagent Valve Response,Valve A,Position 3,Actual Steps,,206,,1/1/0001 12:00:00 AM
Reagent Valve Response,Valve A,Position 3,Error Steps,< 100,2,True,1/1/0001 12:00:00 AM
Reagent Valve Response,Valve A,Position 4,Expected Steps,,204,,10/16/2019 10:31:28 AM
Reagent Valve Response,Valve A,Position 4,Actual Steps,,205,,1/1/0001 12:00:00 AM
Reagent Valve Response,Valve A,Position 4,Error Steps,< 100,1,True,1/1/0001 12:00:00 AM
Reagent Valve Response,Valve A,Position 5,Expected Steps,,204,,10/16/2019 10:31:28 AM
Reagent Valve Response,Valve A,Position 5,Actual Steps,,202,,1/1/0001 12:00:00 AM
Reagent Valve Response,Valve A,Position 5,Error Steps,< 100,-2,True,1/1/0001 12:00:00 AM
Reagent Valve Response,Valve A,Position 6,Expected Steps,,204,,10/16/2019 10:31:29 AM
Reagent Valve Response,Valve A,Position 6,Actual Steps,,203,,1/1/0001 12:00:00 AM
Reagent Valve Response,Valve A,Position 6,Error Steps,< 100,-1,True,1/1/0001 12:00:00 AM
Reagent Valve Response,Valve A,Position 7,Expected Steps,,204,,10/16/2019 10:31:30 AM
Reagent Valve Response,Valve A,Position 7,Actual Steps,,203,,1/1/0001 12:00:00 AM
Reagent Valve Response,Valve A,Position 7,Error Steps,< 100,-1,True,1/1/0001 12:00:00 AM
Reagent Valve Response,Valve A,Position 8,Expected Steps,,204,,10/16/2019 10:31:30 AM
Reagent Valve Response,Valve A,Position 8,Actual Steps,,204,,1/1/0001 12:00:00 AM
Reagent Valve Response,Valve A,Position 8,Error Steps,< 100,0,True,1/1/0001 12:00:00 AM
Reagent Valve Response,Valve A,Position 9,Expected Steps,,204,,10/16/2019 10:31:31 AM
Reagent Valve Response,Valve A,Position 9,Actual Steps,,205,,1/1/0001 12:00:00 AM
Reagent Valve Response,Valve A,Position 9,Error Steps,< 100,1,True,1/1/0001 12:00:00 AM
Reagent Valve Response,Valve A,Position 10,Expected Steps,,204,,10/16/2019 10:31:32 AM
Reagent Valve Response,Valve A,Position 10,Actual Steps,,201,,1/1/0001 12:00:00 AM
Reagent Valve Response,Valve A,Position 10,Error Steps,< 100,-3,True,1/1/0001 12:00:00 AM
Reagent Valve Response,Valve A,Position 11,Expected Steps,,204,,10/16/2019 10:31:33 AM
Reagent Valve Response,Valve A,Position 11,Actual Steps,,205,,1/1/0001 12:00:00 AM
Reagent Valve Response,Valve A,Position 11,Error Steps,< 100,1,True,1/1/0001 12:00:00 AM
Reagent Valve Response,Valve A,Position 12,Expected Steps,,204,,10/16/2019 10:31:34 AM
Reagent Valve Response,Valve A,Position 12,Actual Steps,,202,,1/1/0001 12:00:00 AM
Reagent Valve Response,Valve A,Position 12,Error Steps,< 100,-2,True,1/1/0001 12:00:00 AM
Reagent Valve Response,Valve A,Position 13,Expected Steps,,204,,10/16/2019 10:31:34 AM
Reagent Valve Response,Valve A,Position 13,Actual Steps,,204,,1/1/0001 12:00:00 AM
Reagent Valve Response,Valve A,Position 13,Error Steps,< 100,0,True,1/1/0001 12:00:00 AM
Reagent Valve Response,Valve A,Position 14,Expected Steps,,204,,10/16/2019 10:31:35 AM
Reagent Valve Response,Valve A,Position 14,Actual Steps,,201,,1/1/0001 12:00:00 AM
Reagent Valve Response,Valve A,Position 14,Error Steps,< 100,-3,True,1/1/0001 12:00:00 AM
Reagent Valve Response,Valve A,Position 15,Expected Steps,,204,,10/16/2019 10:31:36 AM
Reagent Valve Response,Valve A,Position 15,Actual Steps,,202,,1/1/0001 12:00:00 AM
Reagent Valve Response,Valve A,Position 15,Error Steps,< 100,-2,True,1/1/0001 12:00:00 AM
Reagent Valve Response,Valve A,Position 16,Expected Steps,,204,,10/16/2019 10:31:36 AM
Reagent Valve Response,Valve A,Position 16,Actual Steps,,206,,1/1/0001 12:00:00 AM
Reagent Valve Response,Valve A,Position 16,Error Steps,< 100,2,True,1/1/0001 12:00:00 AM
Reagent Valve Response,Valve A,Position 17,Expected Steps,,204,,10/16/2019 10:31:37 AM
Reagent Valve Response,Valve A,Position 17,Actual Steps,,204,,1/1/0001 12:00:00 AM
Reagent Valve Response,Valve A,Position 17,Error Steps,< 100,0,True,1/1/0001 12:00:00 AM
Reagent Valve Response,Valve A,Position 18,Expected Steps,,204,,10/16/2019 10:31:38 AM
Reagent Valve Response,Valve A,Position 18,Actual Steps,,206,,1/1/0001 12:00:00 AM
Reagent Valve Response,Valve A,Position 18,Error Steps,< 100,2,True,1/1/0001 12:00:00 AM
Reagent Valve Response,Valve A,Position 19,Expected Steps,,204,,10/16/2019 10:31:39 AM
Reagent Valve Response,Valve A,Position 19,Actual Steps,,202,,1/1/0001 12:00:00 AM
Reagent Valve Response,Valve A,Position 19,Error Steps,< 100,-2,True,1/1/0001 12:00:00 AM
Reagent Valve Response,Valve A,Position 20,Expected Steps,,204,,10/16/2019 10:31:39 AM
Reagent Valve Response,Valve A,Position 20,Actual Steps,,207,,1/1/0001 12:00:00 AM
Reagent Valve Response,Valve A,Position 20,Error Steps,< 100,3,True,1/1/0001 12:00:00 AM
Reagent Valve Response,Valve A,Position 21,Expected Steps,,204,,10/16/2019 10:31:40 AM
Reagent Valve Response,Valve A,Position 21,Actual Steps,,204,,1/1/0001 12:00:00 AM
Reagent Valve Response,Valve A,Position 21,Error Steps,< 100,0,True,1/1/0001 12:00:00 AM
Reagent Valve Response,Valve A,Position 22,Expected Steps,,204,,10/16/2019 10:31:41 AM
Reagent Valve Response,Valve A,Position 22,Actual Steps,,205,,1/1/0001 12:00:00 AM
Reagent Valve Response,Valve A,Position 22,Error Steps,< 100,1,True,1/1/0001 12:00:00 AM
Reagent Valve Response,Valve A,Position 23,Expected Steps,,204,,10/16/2019 10:31:41 AM
Reagent Valve Response,Valve A,Position 23,Actual Steps,,207,,1/1/0001 12:00:00 AM
Reagent Valve Response,Valve A,Position 23,Error Steps,< 100,3,True,1/1/0001 12:00:00 AM
Reagent Valve Response,Valve A,Position 24,Expected Steps,,204,,10/16/2019 10:31:42 AM
Reagent Valve Response,Valve A,Position 24,Actual Steps,,207,,1/1/0001 12:00:00 AM
Reagent Valve Response,Valve A,Position 24,Error Steps,< 100,3,True,1/1/0001 12:00:00 AM
Reagent Valve Response,Valve B,Position 1,Expected Steps,,2450,,10/16/2019 10:31:44 AM
Reagent Valve Response,Valve B,Position 1,Actual Steps,,2479,,1/1/0001 12:00:00 AM
Reagent Valve Response,Valve B,Position 1,Error Steps,< 100,29,True,1/1/0001 12:00:00 AM
Reagent Valve Response,Valve B,Position 2,Expected Steps,,204,,10/16/2019 10:31:44 AM
Reagent Valve Response,Valve B,Position 2,Actual Steps,,236,,1/1/0001 12:00:00 AM
Reagent Valve Response,Valve B,Position 2,Error Steps,< 100,32,True,1/1/0001 12:00:00 AM
Reagent Valve Response,Valve B,Position 3,Expected Steps,,204,,10/16/2019 10:31:45 AM
Reagent Valve Response,Valve B,Position 3,Actual Steps,,206,,1/1/0001 12:00:00 AM
Reagent Valve Response,Valve B,Position 3,Error Steps,< 100,2,True,1/1/0001 12:00:00 AM
Reagent Valve Response,Valve B,Position 4,Expected Steps,,204,,10/16/2019 10:31:46 AM
Reagent Valve Response,Valve B,Position 4,Actual Steps,,205,,1/1/0001 12:00:00 AM
Reagent Valve Response,Valve B,Position 4,Error Steps,< 100,1,True,1/1/0001 12:00:00 AM
Reagent Valve Response,Valve B,Position 5,Expected Steps,,204,,10/16/2019 10:31:46 AM
Reagent Valve Response,Valve B,Position 5,Actual Steps,,204,,1/1/0001 12:00:00 AM
Reagent Valve Response,Valve B,Position 5,Error Steps,< 100,0,True,1/1/0001 12:00:00 AM
Reagent Valve Response,Valve B,Position 6,Expected Steps,,204,,10/16/2019 10:31:47 AM
Reagent Valve Response,Valve B,Position 6,Actual Steps,,202,,1/1/0001 12:00:00 AM
Reagent Valve Response,Valve B,Position 6,Error Steps,< 100,-2,True,1/1/0001 12:00:00 AM
Reagent Valve Response,Valve B,Position 7,Expected Steps,,204,,10/16/2019 10:31:48 AM
Reagent Valve Response,Valve B,Position 7,Actual Steps,,204,,1/1/0001 12:00:00 AM
Reagent Valve Response,Valve B,Position 7,Error Steps,< 100,0,True,1/1/0001 12:00:00 AM
Reagent Valve Response,Valve B,Position 8,Expected Steps,,204,,10/16/2019 10:31:49 AM
Reagent Valve Response,Valve B,Position 8,Actual Steps,,214,,1/1/0001 12:00:00 AM
Reagent Valve Response,Valve B,Position 8,Error Steps,< 100,10,True,1/1/0001 12:00:00 AM
Reagent Valve Response,Valve B,Position 9,Expected Steps,,204,,10/16/2019 10:31:49 AM
Reagent Valve Response,Valve B,Position 9,Actual Steps,,212,,1/1/0001 12:00:00 AM
Reagent Valve Response,Valve B,Position 9,Error Steps,< 100,8,True,1/1/0001 12:00:00 AM
Reagent Valve Response,Valve B,Position 10,Expected Steps,,204,,10/16/2019 10:31:50 AM
Reagent Valve Response,Valve B,Position 10,Actual Steps,,208,,1/1/0001 12:00:00 AM
Reagent Valve Response,Valve B,Position 10,Error Steps,< 100,4,True,1/1/0001 12:00:00 AM
Reagent Valve Response,Valve B,Position 11,Expected Steps,,204,,10/16/2019 10:31:51 AM
Reagent Valve Response,Valve B,Position 11,Actual Steps,,205,,1/1/0001 12:00:00 AM
Reagent Valve Response,Valve B,Position 11,Error Steps,< 100,1,True,1/1/0001 12:00:00 AM
Reagent Valve Response,Valve B,Position 12,Expected Steps,,204,,10/16/2019 10:31:51 AM
Reagent Valve Response,Valve B,Position 12,Actual Steps,,204,,1/1/0001 12:00:00 AM
Reagent Valve Response,Valve B,Position 12,Error Steps,< 100,0,True,1/1/0001 12:00:00 AM
Reagent Valve Response,Valve B,Position 13,Expected Steps,,204,,10/16/2019 10:31:52 AM
Reagent Valve Response,Valve B,Position 13,Actual Steps,,203,,1/1/0001 12:00:00 AM
Reagent Valve Response,Valve B,Position 13,Error Steps,< 100,-1,True,1/1/0001 12:00:00 AM
Reagent Valve Response,Valve B,Position 14,Expected Steps,,204,,10/16/2019 10:31:53 AM
Reagent Valve Response,Valve B,Position 14,Actual Steps,,203,,1/1/0001 12:00:00 AM
Reagent Valve Response,Valve B,Position 14,Error Steps,< 100,-1,True,1/1/0001 12:00:00 AM
Reagent Valve Response,Valve B,Position 15,Expected Steps,,204,,10/16/2019 10:31:54 AM
Reagent Valve Response,Valve B,Position 15,Actual Steps,,203,,1/1/0001 12:00:00 AM
Reagent Valve Response,Valve B,Position 15,Error Steps,< 100,-1,True,1/1/0001 12:00:00 AM
Reagent Valve Response,Valve B,Position 16,Expected Steps,,204,,10/16/2019 10:31:54 AM
Reagent Valve Response,Valve B,Position 16,Actual Steps,,215,,1/1/0001 12:00:00 AM
Reagent Valve Response,Valve B,Position 16,Error Steps,< 100,11,True,1/1/0001 12:00:00 AM
Reagent Valve Response,Valve B,Position 17,Expected Steps,,204,,10/16/2019 10:31:55 AM
Reagent Valve Response,Valve B,Position 17,Actual Steps,,204,,1/1/0001 12:00:00 AM
Reagent Valve Response,Valve B,Position 17,Error Steps,< 100,0,True,1/1/0001 12:00:00 AM
Reagent Valve Response,Valve B,Position 18,Expected Steps,,204,,10/16/2019 10:31:56 AM
Reagent Valve Response,Valve B,Position 18,Actual Steps,,201,,1/1/0001 12:00:00 AM
Reagent Valve Response,Valve B,Position 18,Error Steps,< 100,-3,True,1/1/0001 12:00:00 AM
Reagent Valve Response,Valve B,Position 19,Expected Steps,,204,,10/16/2019 10:31:56 AM
Reagent Valve Response,Valve B,Position 19,Actual Steps,,203,,1/1/0001 12:00:00 AM
Reagent Valve Response,Valve B,Position 19,Error Steps,< 100,-1,True,1/1/0001 12:00:00 AM
Reagent Valve Response,Valve B,Position 20,Expected Steps,,204,,10/16/2019 10:31:57 AM
Reagent Valve Response,Valve B,Position 20,Actual Steps,,208,,1/1/0001 12:00:00 AM
Reagent Valve Response,Valve B,Position 20,Error Steps,< 100,4,True,1/1/0001 12:00:00 AM
Reagent Valve Response,Valve B,Position 21,Expected Steps,,204,,10/16/2019 10:31:58 AM
Reagent Valve Response,Valve B,Position 21,Actual Steps,,203,,1/1/0001 12:00:00 AM
Reagent Valve Response,Valve B,Position 21,Error Steps,< 100,-1,True,1/1/0001 12:00:00 AM
Reagent Valve Response,Valve B,Position 22,Expected Steps,,204,,10/16/2019 10:31:59 AM
Reagent Valve Response,Valve B,Position 22,Actual Steps,,206,,1/1/0001 12:00:00 AM
Reagent Valve Response,Valve B,Position 22,Error Steps,< 100,2,True,1/1/0001 12:00:00 AM
Reagent Valve Response,Valve B,Position 23,Expected Steps,,204,,10/16/2019 10:31:59 AM
Reagent Valve Response,Valve B,Position 23,Actual Steps,,206,,1/1/0001 12:00:00 AM
Reagent Valve Response,Valve B,Position 23,Error Steps,< 100,2,True,1/1/0001 12:00:00 AM
Reagent Valve Response,Valve B,Position 24,Expected Steps,,204,,10/16/2019 10:32:00 AM
Reagent Valve Response,Valve B,Position 24,Actual Steps,,208,,1/1/0001 12:00:00 AM
Reagent Valve Response,Valve B,Position 24,Error Steps,< 100,4,True,1/1/0001 12:00:00 AM
Pump Valve Response,Pump A,Position 3000,Syringe Positions,3000,,True,10/16/2019 10:32:13 AM
Pump Valve Response,Pump A,Position 0,Syringe Positions,0,,True,1/1/0001 12:00:00 AM
Pump Valve Response,Pump A,Position 1,Valve Positions,1,,True,1/1/0001 12:00:00 AM
Pump Valve Response,Pump A,Position 2,Valve Positions,2,,True,1/1/0001 12:00:00 AM
Pump Valve Response,Pump A,Position 3,Valve Positions,3,,True,1/1/0001 12:00:00 AM
Pump Valve Response,Pump A,Position 4,Valve Positions,4,,True,1/1/0001 12:00:00 AM
Pump Valve Response,Pump A,Position 5,Valve Positions,5,,True,1/1/0001 12:00:00 AM
Pump Valve Response,Pump A,Position 6,Valve Positions,6,,True,1/1/0001 12:00:00 AM
Pump Valve Response,Pump B,Position 3000,Syringe Positions,3000,,True,10/16/2019 10:32:44 AM
Pump Valve Response,Pump B,Position 0,Syringe Positions,0,,True,1/1/0001 12:00:00 AM
Pump Valve Response,Pump B,Position 1,Valve Positions,1,,True,1/1/0001 12:00:00 AM
Pump Valve Response,Pump B,Position 2,Valve Positions,2,,True,1/1/0001 12:00:00 AM
Pump Valve Response,Pump B,Position 3,Valve Positions,3,,True,1/1/0001 12:00:00 AM
Pump Valve Response,Pump B,Position 4,Valve Positions,4,,True,1/1/0001 12:00:00 AM
Pump Valve Response,Pump B,Position 5,Valve Positions,5,,True,1/1/0001 12:00:00 AM
Pump Valve Response,Pump B,Position 6,Valve Positions,6,,True,1/1/0001 12:00:00 AM
PressureDecay1,Fluidic System Pressure Decay Test - NSS v1.2,Lane A,First Sample,,10:41:49.778,,10/16/2019 10:43:47 AM
PressureDecay1,Fluidic System Pressure Decay Test - NSS v1.2,Lane A,First Pressure,,17.294100,,1/1/0001 12:00:00 AM
PressureDecay1,Fluidic System Pressure Decay Test - NSS v1.2,Lane A,Second Sample,,10:42:33.768,,1/1/0001 12:00:00 AM
PressureDecay1,Fluidic System Pressure Decay Test - NSS v1.2,Lane A,Second Pressure,,17.226280,,1/1/0001 12:00:00 AM
PressureDecay1,Fluidic System Pressure Decay Test - NSS v1.2,Lane A,Leak Rate,< 5,0.002281,True,1/1/0001 12:00:00 AM
PressureDecay1,Fluidic System Pressure Decay Test - NSS v1.2,Lane A,Target Pressure,,0.020000,,1/1/0001 12:00:00 AM
PressureDecay1,Fluidic System Pressure Decay Test - NSS v1.2,Lane B,First Sample,,10:41:50.778,,10/16/2019 10:43:47 AM
PressureDecay1,Fluidic System Pressure Decay Test - NSS v1.2,Lane B,First Pressure,,17.158460,,1/1/0001 12:00:00 AM
PressureDecay1,Fluidic System Pressure Decay Test - NSS v1.2,Lane B,Second Sample,,10:42:34.538,,1/1/0001 12:00:00 AM
PressureDecay1,Fluidic System Pressure Decay Test - NSS v1.2,Lane B,Second Pressure,,15.327320,,1/1/0001 12:00:00 AM
PressureDecay1,Fluidic System Pressure Decay Test - NSS v1.2,Lane B,Leak Rate,< 5,0.040113,True,1/1/0001 12:00:00 AM
PressureDecay1,Fluidic System Pressure Decay Test - NSS v1.2,Lane B,Target Pressure,,0.020000,,1/1/0001 12:00:00 AM
PressureDecay1,Diagnostic Line Pressure Decay Test - NSS v1.2,Lane A,First Sample,,10:45:59.828,,10/16/2019 10:47:07 AM
PressureDecay1,Diagnostic Line Pressure Decay Test - NSS v1.2,Lane A,First Pressure,,18.582680,,1/1/0001 12:00:00 AM
PressureDecay1,Diagnostic Line Pressure Decay Test - NSS v1.2,Lane A,Second Sample,,10:46:43.848,,1/1/0001 12:00:00 AM
PressureDecay1,Diagnostic Line Pressure Decay Test - NSS v1.2,Lane A,Second Pressure,,18.379220,,1/1/0001 12:00:00 AM
PressureDecay1,Diagnostic Line Pressure Decay Test - NSS v1.2,Lane A,Leak Rate,< 5,0.003734,True,1/1/0001 12:00:00 AM
PressureDecay1,Diagnostic Line Pressure Decay Test - NSS v1.2,Lane A,Target Pressure,,0.020000,,1/1/0001 12:00:00 AM
PressureDecay1,Diagnostic Line Pressure Decay Test - NSS v1.2,Lane B,First Sample,,10:46:00.088,,10/16/2019 10:47:07 AM
PressureDecay1,Diagnostic Line Pressure Decay Test - NSS v1.2,Lane B,First Pressure,,17.429740,,1/1/0001 12:00:00 AM
PressureDecay1,Diagnostic Line Pressure Decay Test - NSS v1.2,Lane B,Second Sample,,10:46:44.648,,1/1/0001 12:00:00 AM
PressureDecay1,Diagnostic Line Pressure Decay Test - NSS v1.2,Lane B,Second Pressure,,14.310020,,1/1/0001 12:00:00 AM
PressureDecay1,Diagnostic Line Pressure Decay Test - NSS v1.2,Lane B,Leak Rate,< 5,0.070041,True,1/1/0001 12:00:00 AM
PressureDecay1,Diagnostic Line Pressure Decay Test - NSS v1.2,Lane B,Target Pressure,,0.020000,,1/1/0001 12:00:00 AM
Flow Rate,Lane A,,Actual Flow Rate,3100.000000 +/- 700.000000,3152.407715,True,10/16/2019 11:05:42 AM
Flow Rate,Lane A,,Flight Time,,130200,,10/16/2019 11:05:42 AM
Flow Rate,Lane A,,Scale Factor,,0.983375,,10/16/2019 11:05:42 AM
Flow Rate,Lane A,,Std,< 3100.000000,18.155062,True,10/16/2019 11:05:42 AM
Flow Rate,Lane B,,Actual Flow Rate,3100.000000 +/- 700.000000,3123.558594,True,10/16/2019 11:05:42 AM
Flow Rate,Lane B,,Flight Time,,131400,,10/16/2019 11:05:42 AM
Flow Rate,Lane B,,Scale Factor,,0.992458,,10/16/2019 11:05:42 AM
Flow Rate,Lane B,,Std,< 3100.000000,11.62778,True,10/16/2019 11:05:42 AM
Fan Test,Fan 0 - LED,,Speed (PPM),>= 5,8456,True,1/1/0001 12:00:00 AM
Fan Test,Fan 2 - Ebox1,,Speed (PPM),>= 5,32828,True,1/1/0001 12:00:00 AM
Fan Test,Fan 3 - Exhaust0,,Speed (PPM),>= 5,8284,True,1/1/0001 12:00:00 AM
Fan Test,Fan 4 - Exhaust1,,Speed (PPM),>= 5,8363,True,1/1/0001 12:00:00 AM
Fan Test,Fan 5 - Exhaust2,,Speed (PPM),>= 5,8085,True,1/1/0001 12:00:00 AM
Fan Test,Fan 6 - Flowcell,,Speed (PPM),>= 5,17912,True,1/1/0001 12:00:00 AM
Temp Probe Test,Probe 0 - Board0,,Temperature (C),>= 0,28.062,True,1/1/0001 12:00:00 AM
Temp Probe Test,Probe 1 - Board1,,Temperature (C),>= 0,42.1082,True,1/1/0001 12:00:00 AM
Temp Probe Test,Probe 2 - Camera0,,Temperature (C),>= 0,30.3254,True,1/1/0001 12:00:00 AM
Temp Probe Test,Probe 3 - Camera1,,Temperature (C),>= 0,30.375,True,1/1/0001 12:00:00 AM
Temp Probe Test,Probe 4 - Camera2,,Temperature (C),>= 0,30.0126,True,1/1/0001 12:00:00 AM
Temp Probe Test,Probe 5 - Camera3,,Temperature (C),>= 0,30.125,True,1/1/0001 12:00:00 AM
Temp Probe Test,Probe 6 - Camera4,,Temperature (C),>= 0,30.563,True,1/1/0001 12:00:00 AM
Temp Probe Test,Probe 7 - Camera5,,Temperature (C),>= 0,30.4504,True,1/1/0001 12:00:00 AM
Temp Probe Test,Probe 8 - ThermoCouple_Side,,Temperature (C),>= 0,27.45,True,1/1/0001 12:00:00 AM
Temp Probe Test,Probe 9 - ThermoCouple_Rear,,Temperature (C),>= 0,32.1,True,1/1/0001 12:00:00 AM
