<?xml version="1.0"?>
<SystemCheckTestResultDetails xmlns:xsd="http://www.w3.org/2001/XMLSchema" xmlns:xsi="http://www.w3.org/2001/XMLSchema-instance">
  <TestResultDetails>
    <item>
      <key>
        <string>Bsm</string>
      </key>
      <value>
        <TestResultDetails>
          <TestOutputXmlPaths />
          <Items />
        </TestResultDetails>
      </value>
    </item>
    <item>
      <key>
        <string>FclmFam</string>
      </key>
      <value>
        <TestResultDetails>
          <TestOutputXmlPaths />
          <Items />
        </TestResultDetails>
      </value>
    </item>
    <item>
      <key>
        <string>MotionStage</string>
      </key>
      <value>
        <TestResultDetails>
          <TestOutputXmlPaths />
          <Items />
        </TestResultDetails>
      </value>
    </item>
    <item>
      <key>
        <string>UbertargetRegistration</string>
      </key>
      <value>
        <TestResultDetails>
          <TestOutputXmlPaths />
          <Items />
        </TestResultDetails>
      </value>
    </item>
    <item>
      <key>
        <string>Optical</string>
      </key>
      <value>
        <TestResultDetails>
          <TestOutputXmlPaths />
          <Items />
        </TestResultDetails>
      </value>
    </item>
    <item>
      <key>
        <string>OpticsStage</string>
      </key>
      <value>
        <TestResultDetails>
          <TestOutputXmlPaths />
          <Items />
        </TestResultDetails>
      </value>
    </item>
    <item>
      <key>
        <string>FlowCellRegistration</string>
      </key>
      <value>
        <TestResultDetails>
          <TestOutputXmlPaths />
          <Items />
        </TestResultDetails>
      </value>
    </item>
    <item>
      <key>
        <string>BeadChipTests</string>
      </key>
      <value>
        <TestResultDetails>
          <TestOutputXmlPaths />
          <Items />
        </TestResultDetails>
      </value>
    </item>
    <item>
      <key>
        <string>ValveResponse</string>
      </key>
      <value>
        <TestResultDetails>
          <TestOutputXmlPaths>
            <string>D:\Illumina\SystemCheckResults\Valve Response Test\NS500355 2018-10-19__11_17_00\NS500355_Reagent Valve Response Test_Results.xml</string>
            <string>D:\Illumina\SystemCheckResults\Valve Response Test\NS500355 2018-10-19__11_17_35\NS500355_Pump Valve Response Test_Results.xml</string>
          </TestOutputXmlPaths>
          <Items>
            <TestResultDetail>
              <Category>Reagent Valve Response</Category>
              <SubCategory>Valve A</SubCategory>
              <SubSubCategory>Position 1</SubSubCategory>
              <Test>Expected Steps</Test>
              <Result>1633</Result>
              <Pass xsi:nil="true" />
              <Time>2018-10-19T11:17:01.6297746-04:00</Time>
            </TestResultDetail>
            <TestResultDetail>
              <Category>Reagent Valve Response</Category>
              <SubCategory>Valve A</SubCategory>
              <SubSubCategory>Position 1</SubSubCategory>
              <Test>Actual Steps</Test>
              <Result>1653</Result>
              <Pass xsi:nil="true" />
              <Time>0001-01-01T00:00:00</Time>
            </TestResultDetail>
            <TestResultDetail>
              <Category>Reagent Valve Response</Category>
              <SubCategory>Valve A</SubCategory>
              <SubSubCategory>Position 1</SubSubCategory>
              <Test>Error Steps</Test>
              <ExpectedResult>&lt; 100</ExpectedResult>
              <Result>20</Result>
              <Pass>true</Pass>
              <Time>0001-01-01T00:00:00</Time>
            </TestResultDetail>
            <TestResultDetail>
              <Category>Reagent Valve Response</Category>
              <SubCategory>Valve A</SubCategory>
              <SubSubCategory>Position 2</SubSubCategory>
              <Test>Expected Steps</Test>
              <Result>204</Result>
              <Pass xsi:nil="true" />
              <Time>2018-10-19T11:17:02.3397756-04:00</Time>
            </TestResultDetail>
            <TestResultDetail>
              <Category>Reagent Valve Response</Category>
              <SubCategory>Valve A</SubCategory>
              <SubSubCategory>Position 2</SubSubCategory>
              <Test>Actual Steps</Test>
              <Result>210</Result>
              <Pass xsi:nil="true" />
              <Time>0001-01-01T00:00:00</Time>
            </TestResultDetail>
            <TestResultDetail>
              <Category>Reagent Valve Response</Category>
              <SubCategory>Valve A</SubCategory>
              <SubSubCategory>Position 2</SubSubCategory>
              <Test>Error Steps</Test>
              <ExpectedResult>&lt; 100</ExpectedResult>
              <Result>6</Result>
              <Pass>true</Pass>
              <Time>0001-01-01T00:00:00</Time>
            </TestResultDetail>
            <TestResultDetail>
              <Category>Reagent Valve Response</Category>
              <SubCategory>Valve A</SubCategory>
              <SubSubCategory>Position 3</SubSubCategory>
              <Test>Expected Steps</Test>
              <Result>204</Result>
              <Pass xsi:nil="true" />
              <Time>2018-10-19T11:17:03.0497765-04:00</Time>
            </TestResultDetail>
            <TestResultDetail>
              <Category>Reagent Valve Response</Category>
              <SubCategory>Valve A</SubCategory>
              <SubSubCategory>Position 3</SubSubCategory>
              <Test>Actual Steps</Test>
              <Result>213</Result>
              <Pass xsi:nil="true" />
              <Time>0001-01-01T00:00:00</Time>
            </TestResultDetail>
            <TestResultDetail>
              <Category>Reagent Valve Response</Category>
              <SubCategory>Valve A</SubCategory>
              <SubSubCategory>Position 3</SubSubCategory>
              <Test>Error Steps</Test>
              <ExpectedResult>&lt; 100</ExpectedResult>
              <Result>9</Result>
              <Pass>true</Pass>
              <Time>0001-01-01T00:00:00</Time>
            </TestResultDetail>
            <TestResultDetail>
              <Category>Reagent Valve Response</Category>
              <SubCategory>Valve A</SubCategory>
              <SubSubCategory>Position 4</SubSubCategory>
              <Test>Expected Steps</Test>
              <Result>204</Result>
              <Pass xsi:nil="true" />
              <Time>2018-10-19T11:17:03.7297775-04:00</Time>
            </TestResultDetail>
            <TestResultDetail>
              <Category>Reagent Valve Response</Category>
              <SubCategory>Valve A</SubCategory>
              <SubSubCategory>Position 4</SubSubCategory>
              <Test>Actual Steps</Test>
              <Result>213</Result>
              <Pass xsi:nil="true" />
              <Time>0001-01-01T00:00:00</Time>
            </TestResultDetail>
            <TestResultDetail>
              <Category>Reagent Valve Response</Category>
              <SubCategory>Valve A</SubCategory>
              <SubSubCategory>Position 4</SubSubCategory>
              <Test>Error Steps</Test>
              <ExpectedResult>&lt; 100</ExpectedResult>
              <Result>9</Result>
              <Pass>true</Pass>
              <Time>0001-01-01T00:00:00</Time>
            </TestResultDetail>
            <TestResultDetail>
              <Category>Reagent Valve Response</Category>
              <SubCategory>Valve A</SubCategory>
              <SubSubCategory>Position 5</SubSubCategory>
              <Test>Expected Steps</Test>
              <Result>204</Result>
              <Pass xsi:nil="true" />
              <Time>2018-10-19T11:17:04.4297785-04:00</Time>
            </TestResultDetail>
            <TestResultDetail>
              <Category>Reagent Valve Response</Category>
              <SubCategory>Valve A</SubCategory>
              <SubSubCategory>Position 5</SubSubCategory>
              <Test>Actual Steps</Test>
              <Result>212</Result>
              <Pass xsi:nil="true" />
              <Time>0001-01-01T00:00:00</Time>
            </TestResultDetail>
            <TestResultDetail>
              <Category>Reagent Valve Response</Category>
              <SubCategory>Valve A</SubCategory>
              <SubSubCategory>Position 5</SubSubCategory>
              <Test>Error Steps</Test>
              <ExpectedResult>&lt; 100</ExpectedResult>
              <Result>8</Result>
              <Pass>true</Pass>
              <Time>0001-01-01T00:00:00</Time>
            </TestResultDetail>
            <TestResultDetail>
              <Category>Reagent Valve Response</Category>
              <SubCategory>Valve A</SubCategory>
              <SubSubCategory>Position 6</SubSubCategory>
              <Test>Expected Steps</Test>
              <Result>204</Result>
              <Pass xsi:nil="true" />
              <Time>2018-10-19T11:17:05.1697795-04:00</Time>
            </TestResultDetail>
            <TestResultDetail>
              <Category>Reagent Valve Response</Category>
              <SubCategory>Valve A</SubCategory>
              <SubSubCategory>Position 6</SubSubCategory>
              <Test>Actual Steps</Test>
              <Result>211</Result>
              <Pass xsi:nil="true" />
              <Time>0001-01-01T00:00:00</Time>
            </TestResultDetail>
            <TestResultDetail>
              <Category>Reagent Valve Response</Category>
              <SubCategory>Valve A</SubCategory>
              <SubSubCategory>Position 6</SubSubCategory>
              <Test>Error Steps</Test>
              <ExpectedResult>&lt; 100</ExpectedResult>
              <Result>7</Result>
              <Pass>true</Pass>
              <Time>0001-01-01T00:00:00</Time>
            </TestResultDetail>
            <TestResultDetail>
              <Category>Reagent Valve Response</Category>
              <SubCategory>Valve A</SubCategory>
              <SubSubCategory>Position 7</SubSubCategory>
              <Test>Expected Steps</Test>
              <Result>204</Result>
              <Pass xsi:nil="true" />
              <Time>2018-10-19T11:17:05.8697805-04:00</Time>
            </TestResultDetail>
            <TestResultDetail>
              <Category>Reagent Valve Response</Category>
              <SubCategory>Valve A</SubCategory>
              <SubSubCategory>Position 7</SubSubCategory>
              <Test>Actual Steps</Test>
              <Result>214</Result>
              <Pass xsi:nil="true" />
              <Time>0001-01-01T00:00:00</Time>
            </TestResultDetail>
            <TestResultDetail>
              <Category>Reagent Valve Response</Category>
              <SubCategory>Valve A</SubCategory>
              <SubSubCategory>Position 7</SubSubCategory>
              <Test>Error Steps</Test>
              <ExpectedResult>&lt; 100</ExpectedResult>
              <Result>10</Result>
              <Pass>true</Pass>
              <Time>0001-01-01T00:00:00</Time>
            </TestResultDetail>
            <TestResultDetail>
              <Category>Reagent Valve Response</Category>
              <SubCategory>Valve A</SubCategory>
              <SubSubCategory>Position 8</SubSubCategory>
              <Test>Expected Steps</Test>
              <Result>204</Result>
              <Pass xsi:nil="true" />
              <Time>2018-10-19T11:17:06.5697815-04:00</Time>
            </TestResultDetail>
            <TestResultDetail>
              <Category>Reagent Valve Response</Category>
              <SubCategory>Valve A</SubCategory>
              <SubSubCategory>Position 8</SubSubCategory>
              <Test>Actual Steps</Test>
              <Result>215</Result>
              <Pass xsi:nil="true" />
              <Time>0001-01-01T00:00:00</Time>
            </TestResultDetail>
            <TestResultDetail>
              <Category>Reagent Valve Response</Category>
              <SubCategory>Valve A</SubCategory>
              <SubSubCategory>Position 8</SubSubCategory>
              <Test>Error Steps</Test>
              <ExpectedResult>&lt; 100</ExpectedResult>
              <Result>11</Result>
              <Pass>true</Pass>
              <Time>0001-01-01T00:00:00</Time>
            </TestResultDetail>
            <TestResultDetail>
              <Category>Reagent Valve Response</Category>
              <SubCategory>Valve A</SubCategory>
              <SubSubCategory>Position 9</SubSubCategory>
              <Test>Expected Steps</Test>
              <Result>204</Result>
              <Pass xsi:nil="true" />
              <Time>2018-10-19T11:17:07.2697825-04:00</Time>
            </TestResultDetail>
            <TestResultDetail>
              <Category>Reagent Valve Response</Category>
              <SubCategory>Valve A</SubCategory>
              <SubSubCategory>Position 9</SubSubCategory>
              <Test>Actual Steps</Test>
              <Result>212</Result>
              <Pass xsi:nil="true" />
              <Time>0001-01-01T00:00:00</Time>
            </TestResultDetail>
            <TestResultDetail>
              <Category>Reagent Valve Response</Category>
              <SubCategory>Valve A</SubCategory>
              <SubSubCategory>Position 9</SubSubCategory>
              <Test>Error Steps</Test>
              <ExpectedResult>&lt; 100</ExpectedResult>
              <Result>8</Result>
              <Pass>true</Pass>
              <Time>0001-01-01T00:00:00</Time>
            </TestResultDetail>
            <TestResultDetail>
              <Category>Reagent Valve Response</Category>
              <SubCategory>Valve A</SubCategory>
              <SubSubCategory>Position 10</SubSubCategory>
              <Test>Expected Steps</Test>
              <Result>204</Result>
              <Pass xsi:nil="true" />
              <Time>2018-10-19T11:17:07.9697834-04:00</Time>
            </TestResultDetail>
            <TestResultDetail>
              <Category>Reagent Valve Response</Category>
              <SubCategory>Valve A</SubCategory>
              <SubSubCategory>Position 10</SubSubCategory>
              <Test>Actual Steps</Test>
              <Result>209</Result>
              <Pass xsi:nil="true" />
              <Time>0001-01-01T00:00:00</Time>
            </TestResultDetail>
            <TestResultDetail>
              <Category>Reagent Valve Response</Category>
              <SubCategory>Valve A</SubCategory>
              <SubSubCategory>Position 10</SubSubCategory>
              <Test>Error Steps</Test>
              <ExpectedResult>&lt; 100</ExpectedResult>
              <Result>5</Result>
              <Pass>true</Pass>
              <Time>0001-01-01T00:00:00</Time>
            </TestResultDetail>
            <TestResultDetail>
              <Category>Reagent Valve Response</Category>
              <SubCategory>Valve A</SubCategory>
              <SubSubCategory>Position 11</SubSubCategory>
              <Test>Expected Steps</Test>
              <Result>204</Result>
              <Pass xsi:nil="true" />
              <Time>2018-10-19T11:17:08.6697844-04:00</Time>
            </TestResultDetail>
            <TestResultDetail>
              <Category>Reagent Valve Response</Category>
              <SubCategory>Valve A</SubCategory>
              <SubSubCategory>Position 11</SubSubCategory>
              <Test>Actual Steps</Test>
              <Result>212</Result>
              <Pass xsi:nil="true" />
              <Time>0001-01-01T00:00:00</Time>
            </TestResultDetail>
            <TestResultDetail>
              <Category>Reagent Valve Response</Category>
              <SubCategory>Valve A</SubCategory>
              <SubSubCategory>Position 11</SubSubCategory>
              <Test>Error Steps</Test>
              <ExpectedResult>&lt; 100</ExpectedResult>
              <Result>8</Result>
              <Pass>true</Pass>
              <Time>0001-01-01T00:00:00</Time>
            </TestResultDetail>
            <TestResultDetail>
              <Category>Reagent Valve Response</Category>
              <SubCategory>Valve A</SubCategory>
              <SubSubCategory>Position 12</SubSubCategory>
              <Test>Expected Steps</Test>
              <Result>204</Result>
              <Pass xsi:nil="true" />
              <Time>2018-10-19T11:17:09.3397854-04:00</Time>
            </TestResultDetail>
            <TestResultDetail>
              <Category>Reagent Valve Response</Category>
              <SubCategory>Valve A</SubCategory>
              <SubSubCategory>Position 12</SubSubCategory>
              <Test>Actual Steps</Test>
              <Result>212</Result>
              <Pass xsi:nil="true" />
              <Time>0001-01-01T00:00:00</Time>
            </TestResultDetail>
            <TestResultDetail>
              <Category>Reagent Valve Response</Category>
              <SubCategory>Valve A</SubCategory>
              <SubSubCategory>Position 12</SubSubCategory>
              <Test>Error Steps</Test>
              <ExpectedResult>&lt; 100</ExpectedResult>
              <Result>8</Result>
              <Pass>true</Pass>
              <Time>0001-01-01T00:00:00</Time>
            </TestResultDetail>
            <TestResultDetail>
              <Category>Reagent Valve Response</Category>
              <SubCategory>Valve A</SubCategory>
              <SubSubCategory>Position 13</SubSubCategory>
              <Test>Expected Steps</Test>
              <Result>204</Result>
              <Pass xsi:nil="true" />
              <Time>2018-10-19T11:17:10.0397863-04:00</Time>
            </TestResultDetail>
            <TestResultDetail>
              <Category>Reagent Valve Response</Category>
              <SubCategory>Valve A</SubCategory>
              <SubSubCategory>Position 13</SubSubCategory>
              <Test>Actual Steps</Test>
              <Result>213</Result>
              <Pass xsi:nil="true" />
              <Time>0001-01-01T00:00:00</Time>
            </TestResultDetail>
            <TestResultDetail>
              <Category>Reagent Valve Response</Category>
              <SubCategory>Valve A</SubCategory>
              <SubSubCategory>Position 13</SubSubCategory>
              <Test>Error Steps</Test>
              <ExpectedResult>&lt; 100</ExpectedResult>
              <Result>9</Result>
              <Pass>true</Pass>
              <Time>0001-01-01T00:00:00</Time>
            </TestResultDetail>
            <TestResultDetail>
              <Category>Reagent Valve Response</Category>
              <SubCategory>Valve A</SubCategory>
              <SubSubCategory>Position 14</SubSubCategory>
              <Test>Expected Steps</Test>
              <Result>204</Result>
              <Pass xsi:nil="true" />
              <Time>2018-10-19T11:17:10.7797874-04:00</Time>
            </TestResultDetail>
            <TestResultDetail>
              <Category>Reagent Valve Response</Category>
              <SubCategory>Valve A</SubCategory>
              <SubSubCategory>Position 14</SubSubCategory>
              <Test>Actual Steps</Test>
              <Result>211</Result>
              <Pass xsi:nil="true" />
              <Time>0001-01-01T00:00:00</Time>
            </TestResultDetail>
            <TestResultDetail>
              <Category>Reagent Valve Response</Category>
              <SubCategory>Valve A</SubCategory>
              <SubSubCategory>Position 14</SubSubCategory>
              <Test>Error Steps</Test>
              <ExpectedResult>&lt; 100</ExpectedResult>
              <Result>7</Result>
              <Pass>true</Pass>
              <Time>0001-01-01T00:00:00</Time>
            </TestResultDetail>
            <TestResultDetail>
              <Category>Reagent Valve Response</Category>
              <SubCategory>Valve A</SubCategory>
              <SubSubCategory>Position 15</SubSubCategory>
              <Test>Expected Steps</Test>
              <Result>204</Result>
              <Pass xsi:nil="true" />
              <Time>2018-10-19T11:17:11.4797883-04:00</Time>
            </TestResultDetail>
            <TestResultDetail>
              <Category>Reagent Valve Response</Category>
              <SubCategory>Valve A</SubCategory>
              <SubSubCategory>Position 15</SubSubCategory>
              <Test>Actual Steps</Test>
              <Result>212</Result>
              <Pass xsi:nil="true" />
              <Time>0001-01-01T00:00:00</Time>
            </TestResultDetail>
            <TestResultDetail>
              <Category>Reagent Valve Response</Category>
              <SubCategory>Valve A</SubCategory>
              <SubSubCategory>Position 15</SubSubCategory>
              <Test>Error Steps</Test>
              <ExpectedResult>&lt; 100</ExpectedResult>
              <Result>8</Result>
              <Pass>true</Pass>
              <Time>0001-01-01T00:00:00</Time>
            </TestResultDetail>
            <TestResultDetail>
              <Category>Reagent Valve Response</Category>
              <SubCategory>Valve A</SubCategory>
              <SubSubCategory>Position 16</SubSubCategory>
              <Test>Expected Steps</Test>
              <Result>204</Result>
              <Pass xsi:nil="true" />
              <Time>2018-10-19T11:17:12.1797893-04:00</Time>
            </TestResultDetail>
            <TestResultDetail>
              <Category>Reagent Valve Response</Category>
              <SubCategory>Valve A</SubCategory>
              <SubSubCategory>Position 16</SubSubCategory>
              <Test>Actual Steps</Test>
              <Result>214</Result>
              <Pass xsi:nil="true" />
              <Time>0001-01-01T00:00:00</Time>
            </TestResultDetail>
            <TestResultDetail>
              <Category>Reagent Valve Response</Category>
              <SubCategory>Valve A</SubCategory>
              <SubSubCategory>Position 16</SubSubCategory>
              <Test>Error Steps</Test>
              <ExpectedResult>&lt; 100</ExpectedResult>
              <Result>10</Result>
              <Pass>true</Pass>
              <Time>0001-01-01T00:00:00</Time>
            </TestResultDetail>
            <TestResultDetail>
              <Category>Reagent Valve Response</Category>
              <SubCategory>Valve A</SubCategory>
              <SubSubCategory>Position 17</SubSubCategory>
              <Test>Expected Steps</Test>
              <Result>204</Result>
              <Pass xsi:nil="true" />
              <Time>2018-10-19T11:17:12.8797903-04:00</Time>
            </TestResultDetail>
            <TestResultDetail>
              <Category>Reagent Valve Response</Category>
              <SubCategory>Valve A</SubCategory>
              <SubSubCategory>Position 17</SubSubCategory>
              <Test>Actual Steps</Test>
              <Result>213</Result>
              <Pass xsi:nil="true" />
              <Time>0001-01-01T00:00:00</Time>
            </TestResultDetail>
            <TestResultDetail>
              <Category>Reagent Valve Response</Category>
              <SubCategory>Valve A</SubCategory>
              <SubSubCategory>Position 17</SubSubCategory>
              <Test>Error Steps</Test>
              <ExpectedResult>&lt; 100</ExpectedResult>
              <Result>9</Result>
              <Pass>true</Pass>
              <Time>0001-01-01T00:00:00</Time>
            </TestResultDetail>
            <TestResultDetail>
              <Category>Reagent Valve Response</Category>
              <SubCategory>Valve A</SubCategory>
              <SubSubCategory>Position 18</SubSubCategory>
              <Test>Expected Steps</Test>
              <Result>204</Result>
              <Pass xsi:nil="true" />
              <Time>2018-10-19T11:17:13.5797913-04:00</Time>
            </TestResultDetail>
            <TestResultDetail>
              <Category>Reagent Valve Response</Category>
              <SubCategory>Valve A</SubCategory>
              <SubSubCategory>Position 18</SubSubCategory>
              <Test>Actual Steps</Test>
              <Result>209</Result>
              <Pass xsi:nil="true" />
              <Time>0001-01-01T00:00:00</Time>
            </TestResultDetail>
            <TestResultDetail>
              <Category>Reagent Valve Response</Category>
              <SubCategory>Valve A</SubCategory>
              <SubSubCategory>Position 18</SubSubCategory>
              <Test>Error Steps</Test>
              <ExpectedResult>&lt; 100</ExpectedResult>
              <Result>5</Result>
              <Pass>true</Pass>
              <Time>0001-01-01T00:00:00</Time>
            </TestResultDetail>
            <TestResultDetail>
              <Category>Reagent Valve Response</Category>
              <SubCategory>Valve A</SubCategory>
              <SubSubCategory>Position 19</SubSubCategory>
              <Test>Expected Steps</Test>
              <Result>204</Result>
              <Pass xsi:nil="true" />
              <Time>2018-10-19T11:17:14.3097923-04:00</Time>
            </TestResultDetail>
            <TestResultDetail>
              <Category>Reagent Valve Response</Category>
              <SubCategory>Valve A</SubCategory>
              <SubSubCategory>Position 19</SubSubCategory>
              <Test>Actual Steps</Test>
              <Result>211</Result>
              <Pass xsi:nil="true" />
              <Time>0001-01-01T00:00:00</Time>
            </TestResultDetail>
            <TestResultDetail>
              <Category>Reagent Valve Response</Category>
              <SubCategory>Valve A</SubCategory>
              <SubSubCategory>Position 19</SubSubCategory>
              <Test>Error Steps</Test>
              <ExpectedResult>&lt; 100</ExpectedResult>
              <Result>7</Result>
              <Pass>true</Pass>
              <Time>0001-01-01T00:00:00</Time>
            </TestResultDetail>
            <TestResultDetail>
              <Category>Reagent Valve Response</Category>
              <SubCategory>Valve A</SubCategory>
              <SubSubCategory>Position 20</SubSubCategory>
              <Test>Expected Steps</Test>
              <Result>204</Result>
              <Pass xsi:nil="true" />
              <Time>2018-10-19T11:17:15.0097933-04:00</Time>
            </TestResultDetail>
            <TestResultDetail>
              <Category>Reagent Valve Response</Category>
              <SubCategory>Valve A</SubCategory>
              <SubSubCategory>Position 20</SubSubCategory>
              <Test>Actual Steps</Test>
              <Result>213</Result>
              <Pass xsi:nil="true" />
              <Time>0001-01-01T00:00:00</Time>
            </TestResultDetail>
            <TestResultDetail>
              <Category>Reagent Valve Response</Category>
              <SubCategory>Valve A</SubCategory>
              <SubSubCategory>Position 20</SubSubCategory>
              <Test>Error Steps</Test>
              <ExpectedResult>&lt; 100</ExpectedResult>
              <Result>9</Result>
              <Pass>true</Pass>
              <Time>0001-01-01T00:00:00</Time>
            </TestResultDetail>
            <TestResultDetail>
              <Category>Reagent Valve Response</Category>
              <SubCategory>Valve A</SubCategory>
              <SubSubCategory>Position 21</SubSubCategory>
              <Test>Expected Steps</Test>
              <Result>204</Result>
              <Pass xsi:nil="true" />
              <Time>2018-10-19T11:17:15.7097943-04:00</Time>
            </TestResultDetail>
            <TestResultDetail>
              <Category>Reagent Valve Response</Category>
              <SubCategory>Valve A</SubCategory>
              <SubSubCategory>Position 21</SubSubCategory>
              <Test>Actual Steps</Test>
              <Result>212</Result>
              <Pass xsi:nil="true" />
              <Time>0001-01-01T00:00:00</Time>
            </TestResultDetail>
            <TestResultDetail>
              <Category>Reagent Valve Response</Category>
              <SubCategory>Valve A</SubCategory>
              <SubSubCategory>Position 21</SubSubCategory>
              <Test>Error Steps</Test>
              <ExpectedResult>&lt; 100</ExpectedResult>
              <Result>8</Result>
              <Pass>true</Pass>
              <Time>0001-01-01T00:00:00</Time>
            </TestResultDetail>
            <TestResultDetail>
              <Category>Reagent Valve Response</Category>
              <SubCategory>Valve A</SubCategory>
              <SubSubCategory>Position 22</SubSubCategory>
              <Test>Expected Steps</Test>
              <Result>204</Result>
              <Pass xsi:nil="true" />
              <Time>2018-10-19T11:17:16.3997952-04:00</Time>
            </TestResultDetail>
            <TestResultDetail>
              <Category>Reagent Valve Response</Category>
              <SubCategory>Valve A</SubCategory>
              <SubSubCategory>Position 22</SubSubCategory>
              <Test>Actual Steps</Test>
              <Result>212</Result>
              <Pass xsi:nil="true" />
              <Time>0001-01-01T00:00:00</Time>
            </TestResultDetail>
            <TestResultDetail>
              <Category>Reagent Valve Response</Category>
              <SubCategory>Valve A</SubCategory>
              <SubSubCategory>Position 22</SubSubCategory>
              <Test>Error Steps</Test>
              <ExpectedResult>&lt; 100</ExpectedResult>
              <Result>8</Result>
              <Pass>true</Pass>
              <Time>0001-01-01T00:00:00</Time>
            </TestResultDetail>
            <TestResultDetail>
              <Category>Reagent Valve Response</Category>
              <SubCategory>Valve A</SubCategory>
              <SubSubCategory>Position 23</SubSubCategory>
              <Test>Expected Steps</Test>
              <Result>204</Result>
              <Pass xsi:nil="true" />
              <Time>2018-10-19T11:17:17.0997962-04:00</Time>
            </TestResultDetail>
            <TestResultDetail>
              <Category>Reagent Valve Response</Category>
              <SubCategory>Valve A</SubCategory>
              <SubSubCategory>Position 23</SubSubCategory>
              <Test>Actual Steps</Test>
              <Result>214</Result>
              <Pass xsi:nil="true" />
              <Time>0001-01-01T00:00:00</Time>
            </TestResultDetail>
            <TestResultDetail>
              <Category>Reagent Valve Response</Category>
              <SubCategory>Valve A</SubCategory>
              <SubSubCategory>Position 23</SubSubCategory>
              <Test>Error Steps</Test>
              <ExpectedResult>&lt; 100</ExpectedResult>
              <Result>10</Result>
              <Pass>true</Pass>
              <Time>0001-01-01T00:00:00</Time>
            </TestResultDetail>
            <TestResultDetail>
              <Category>Reagent Valve Response</Category>
              <SubCategory>Valve A</SubCategory>
              <SubSubCategory>Position 24</SubSubCategory>
              <Test>Expected Steps</Test>
              <Result>204</Result>
              <Pass xsi:nil="true" />
              <Time>2018-10-19T11:17:17.8097972-04:00</Time>
            </TestResultDetail>
            <TestResultDetail>
              <Category>Reagent Valve Response</Category>
              <SubCategory>Valve A</SubCategory>
              <SubSubCategory>Position 24</SubSubCategory>
              <Test>Actual Steps</Test>
              <Result>213</Result>
              <Pass xsi:nil="true" />
              <Time>0001-01-01T00:00:00</Time>
            </TestResultDetail>
            <TestResultDetail>
              <Category>Reagent Valve Response</Category>
              <SubCategory>Valve A</SubCategory>
              <SubSubCategory>Position 24</SubSubCategory>
              <Test>Error Steps</Test>
              <ExpectedResult>&lt; 100</ExpectedResult>
              <Result>9</Result>
              <Pass>true</Pass>
              <Time>0001-01-01T00:00:00</Time>
            </TestResultDetail>
            <TestResultDetail>
              <Category>Reagent Valve Response</Category>
              <SubCategory>Valve B</SubCategory>
              <SubSubCategory>Position 1</SubSubCategory>
              <Test>Expected Steps</Test>
              <Result>2450</Result>
              <Pass xsi:nil="true" />
              <Time>2018-10-19T11:17:19.3497994-04:00</Time>
            </TestResultDetail>
            <TestResultDetail>
              <Category>Reagent Valve Response</Category>
              <SubCategory>Valve B</SubCategory>
              <SubSubCategory>Position 1</SubSubCategory>
              <Test>Actual Steps</Test>
              <Result>2475</Result>
              <Pass xsi:nil="true" />
              <Time>0001-01-01T00:00:00</Time>
            </TestResultDetail>
            <TestResultDetail>
              <Category>Reagent Valve Response</Category>
              <SubCategory>Valve B</SubCategory>
              <SubSubCategory>Position 1</SubSubCategory>
              <Test>Error Steps</Test>
              <ExpectedResult>&lt; 100</ExpectedResult>
              <Result>25</Result>
              <Pass>true</Pass>
              <Time>0001-01-01T00:00:00</Time>
            </TestResultDetail>
            <TestResultDetail>
              <Category>Reagent Valve Response</Category>
              <SubCategory>Valve B</SubCategory>
              <SubSubCategory>Position 2</SubSubCategory>
              <Test>Expected Steps</Test>
              <Result>204</Result>
              <Pass xsi:nil="true" />
              <Time>2018-10-19T11:17:20.0598004-04:00</Time>
            </TestResultDetail>
            <TestResultDetail>
              <Category>Reagent Valve Response</Category>
              <SubCategory>Valve B</SubCategory>
              <SubSubCategory>Position 2</SubSubCategory>
              <Test>Actual Steps</Test>
              <Result>229</Result>
              <Pass xsi:nil="true" />
              <Time>0001-01-01T00:00:00</Time>
            </TestResultDetail>
            <TestResultDetail>
              <Category>Reagent Valve Response</Category>
              <SubCategory>Valve B</SubCategory>
              <SubSubCategory>Position 2</SubSubCategory>
              <Test>Error Steps</Test>
              <ExpectedResult>&lt; 100</ExpectedResult>
              <Result>25</Result>
              <Pass>true</Pass>
              <Time>0001-01-01T00:00:00</Time>
            </TestResultDetail>
            <TestResultDetail>
              <Category>Reagent Valve Response</Category>
              <SubCategory>Valve B</SubCategory>
              <SubSubCategory>Position 3</SubSubCategory>
              <Test>Expected Steps</Test>
              <Result>204</Result>
              <Pass xsi:nil="true" />
              <Time>2018-10-19T11:17:20.7698014-04:00</Time>
            </TestResultDetail>
            <TestResultDetail>
              <Category>Reagent Valve Response</Category>
              <SubCategory>Valve B</SubCategory>
              <SubSubCategory>Position 3</SubSubCategory>
              <Test>Actual Steps</Test>
              <Result>214</Result>
              <Pass xsi:nil="true" />
              <Time>0001-01-01T00:00:00</Time>
            </TestResultDetail>
            <TestResultDetail>
              <Category>Reagent Valve Response</Category>
              <SubCategory>Valve B</SubCategory>
              <SubSubCategory>Position 3</SubSubCategory>
              <Test>Error Steps</Test>
              <ExpectedResult>&lt; 100</ExpectedResult>
              <Result>10</Result>
              <Pass>true</Pass>
              <Time>0001-01-01T00:00:00</Time>
            </TestResultDetail>
            <TestResultDetail>
              <Category>Reagent Valve Response</Category>
              <SubCategory>Valve B</SubCategory>
              <SubSubCategory>Position 4</SubSubCategory>
              <Test>Expected Steps</Test>
              <Result>204</Result>
              <Pass xsi:nil="true" />
              <Time>2018-10-19T11:17:21.4698023-04:00</Time>
            </TestResultDetail>
            <TestResultDetail>
              <Category>Reagent Valve Response</Category>
              <SubCategory>Valve B</SubCategory>
              <SubSubCategory>Position 4</SubSubCategory>
              <Test>Actual Steps</Test>
              <Result>212</Result>
              <Pass xsi:nil="true" />
              <Time>0001-01-01T00:00:00</Time>
            </TestResultDetail>
            <TestResultDetail>
              <Category>Reagent Valve Response</Category>
              <SubCategory>Valve B</SubCategory>
              <SubSubCategory>Position 4</SubSubCategory>
              <Test>Error Steps</Test>
              <ExpectedResult>&lt; 100</ExpectedResult>
              <Result>8</Result>
              <Pass>true</Pass>
              <Time>0001-01-01T00:00:00</Time>
            </TestResultDetail>
            <TestResultDetail>
              <Category>Reagent Valve Response</Category>
              <SubCategory>Valve B</SubCategory>
              <SubSubCategory>Position 5</SubSubCategory>
              <Test>Expected Steps</Test>
              <Result>204</Result>
              <Pass xsi:nil="true" />
              <Time>2018-10-19T11:17:22.1798033-04:00</Time>
            </TestResultDetail>
            <TestResultDetail>
              <Category>Reagent Valve Response</Category>
              <SubCategory>Valve B</SubCategory>
              <SubSubCategory>Position 5</SubSubCategory>
              <Test>Actual Steps</Test>
              <Result>214</Result>
              <Pass xsi:nil="true" />
              <Time>0001-01-01T00:00:00</Time>
            </TestResultDetail>
            <TestResultDetail>
              <Category>Reagent Valve Response</Category>
              <SubCategory>Valve B</SubCategory>
              <SubSubCategory>Position 5</SubSubCategory>
              <Test>Error Steps</Test>
              <ExpectedResult>&lt; 100</ExpectedResult>
              <Result>10</Result>
              <Pass>true</Pass>
              <Time>0001-01-01T00:00:00</Time>
            </TestResultDetail>
            <TestResultDetail>
              <Category>Reagent Valve Response</Category>
              <SubCategory>Valve B</SubCategory>
              <SubSubCategory>Position 6</SubSubCategory>
              <Test>Expected Steps</Test>
              <Result>204</Result>
              <Pass xsi:nil="true" />
              <Time>2018-10-19T11:17:22.9398044-04:00</Time>
            </TestResultDetail>
            <TestResultDetail>
              <Category>Reagent Valve Response</Category>
              <SubCategory>Valve B</SubCategory>
              <SubSubCategory>Position 6</SubSubCategory>
              <Test>Actual Steps</Test>
              <Result>211</Result>
              <Pass xsi:nil="true" />
              <Time>0001-01-01T00:00:00</Time>
            </TestResultDetail>
            <TestResultDetail>
              <Category>Reagent Valve Response</Category>
              <SubCategory>Valve B</SubCategory>
              <SubSubCategory>Position 6</SubSubCategory>
              <Test>Error Steps</Test>
              <ExpectedResult>&lt; 100</ExpectedResult>
              <Result>7</Result>
              <Pass>true</Pass>
              <Time>0001-01-01T00:00:00</Time>
            </TestResultDetail>
            <TestResultDetail>
              <Category>Reagent Valve Response</Category>
              <SubCategory>Valve B</SubCategory>
              <SubSubCategory>Position 7</SubSubCategory>
              <Test>Expected Steps</Test>
              <Result>204</Result>
              <Pass xsi:nil="true" />
              <Time>2018-10-19T11:17:23.6298054-04:00</Time>
            </TestResultDetail>
            <TestResultDetail>
              <Category>Reagent Valve Response</Category>
              <SubCategory>Valve B</SubCategory>
              <SubSubCategory>Position 7</SubSubCategory>
              <Test>Actual Steps</Test>
              <Result>203</Result>
              <Pass xsi:nil="true" />
              <Time>0001-01-01T00:00:00</Time>
            </TestResultDetail>
            <TestResultDetail>
              <Category>Reagent Valve Response</Category>
              <SubCategory>Valve B</SubCategory>
              <SubSubCategory>Position 7</SubSubCategory>
              <Test>Error Steps</Test>
              <ExpectedResult>&lt; 100</ExpectedResult>
              <Result>-1</Result>
              <Pass>true</Pass>
              <Time>0001-01-01T00:00:00</Time>
            </TestResultDetail>
            <TestResultDetail>
              <Category>Reagent Valve Response</Category>
              <SubCategory>Valve B</SubCategory>
              <SubSubCategory>Position 8</SubSubCategory>
              <Test>Expected Steps</Test>
              <Result>204</Result>
              <Pass xsi:nil="true" />
              <Time>2018-10-19T11:17:24.3298063-04:00</Time>
            </TestResultDetail>
            <TestResultDetail>
              <Category>Reagent Valve Response</Category>
              <SubCategory>Valve B</SubCategory>
              <SubSubCategory>Position 8</SubSubCategory>
              <Test>Actual Steps</Test>
              <Result>215</Result>
              <Pass xsi:nil="true" />
              <Time>0001-01-01T00:00:00</Time>
            </TestResultDetail>
            <TestResultDetail>
              <Category>Reagent Valve Response</Category>
              <SubCategory>Valve B</SubCategory>
              <SubSubCategory>Position 8</SubSubCategory>
              <Test>Error Steps</Test>
              <ExpectedResult>&lt; 100</ExpectedResult>
              <Result>11</Result>
              <Pass>true</Pass>
              <Time>0001-01-01T00:00:00</Time>
            </TestResultDetail>
            <TestResultDetail>
              <Category>Reagent Valve Response</Category>
              <SubCategory>Valve B</SubCategory>
              <SubSubCategory>Position 9</SubSubCategory>
              <Test>Expected Steps</Test>
              <Result>204</Result>
              <Pass xsi:nil="true" />
              <Time>2018-10-19T11:17:25.0298073-04:00</Time>
            </TestResultDetail>
            <TestResultDetail>
              <Category>Reagent Valve Response</Category>
              <SubCategory>Valve B</SubCategory>
              <SubSubCategory>Position 9</SubSubCategory>
              <Test>Actual Steps</Test>
              <Result>220</Result>
              <Pass xsi:nil="true" />
              <Time>0001-01-01T00:00:00</Time>
            </TestResultDetail>
            <TestResultDetail>
              <Category>Reagent Valve Response</Category>
              <SubCategory>Valve B</SubCategory>
              <SubSubCategory>Position 9</SubSubCategory>
              <Test>Error Steps</Test>
              <ExpectedResult>&lt; 100</ExpectedResult>
              <Result>16</Result>
              <Pass>true</Pass>
              <Time>0001-01-01T00:00:00</Time>
            </TestResultDetail>
            <TestResultDetail>
              <Category>Reagent Valve Response</Category>
              <SubCategory>Valve B</SubCategory>
              <SubSubCategory>Position 10</SubSubCategory>
              <Test>Expected Steps</Test>
              <Result>204</Result>
              <Pass xsi:nil="true" />
              <Time>2018-10-19T11:17:25.7298083-04:00</Time>
            </TestResultDetail>
            <TestResultDetail>
              <Category>Reagent Valve Response</Category>
              <SubCategory>Valve B</SubCategory>
              <SubSubCategory>Position 10</SubSubCategory>
              <Test>Actual Steps</Test>
              <Result>210</Result>
              <Pass xsi:nil="true" />
              <Time>0001-01-01T00:00:00</Time>
            </TestResultDetail>
            <TestResultDetail>
              <Category>Reagent Valve Response</Category>
              <SubCategory>Valve B</SubCategory>
              <SubSubCategory>Position 10</SubSubCategory>
              <Test>Error Steps</Test>
              <ExpectedResult>&lt; 100</ExpectedResult>
              <Result>6</Result>
              <Pass>true</Pass>
              <Time>0001-01-01T00:00:00</Time>
            </TestResultDetail>
            <TestResultDetail>
              <Category>Reagent Valve Response</Category>
              <SubCategory>Valve B</SubCategory>
              <SubSubCategory>Position 11</SubSubCategory>
              <Test>Expected Steps</Test>
              <Result>204</Result>
              <Pass xsi:nil="true" />
              <Time>2018-10-19T11:17:26.4298093-04:00</Time>
            </TestResultDetail>
            <TestResultDetail>
              <Category>Reagent Valve Response</Category>
              <SubCategory>Valve B</SubCategory>
              <SubSubCategory>Position 11</SubSubCategory>
              <Test>Actual Steps</Test>
              <Result>211</Result>
              <Pass xsi:nil="true" />
              <Time>0001-01-01T00:00:00</Time>
            </TestResultDetail>
            <TestResultDetail>
              <Category>Reagent Valve Response</Category>
              <SubCategory>Valve B</SubCategory>
              <SubSubCategory>Position 11</SubSubCategory>
              <Test>Error Steps</Test>
              <ExpectedResult>&lt; 100</ExpectedResult>
              <Result>7</Result>
              <Pass>true</Pass>
              <Time>0001-01-01T00:00:00</Time>
            </TestResultDetail>
            <TestResultDetail>
              <Category>Reagent Valve Response</Category>
              <SubCategory>Valve B</SubCategory>
              <SubSubCategory>Position 12</SubSubCategory>
              <Test>Expected Steps</Test>
              <Result>204</Result>
              <Pass xsi:nil="true" />
              <Time>2018-10-19T11:17:27.1398103-04:00</Time>
            </TestResultDetail>
            <TestResultDetail>
              <Category>Reagent Valve Response</Category>
              <SubCategory>Valve B</SubCategory>
              <SubSubCategory>Position 12</SubSubCategory>
              <Test>Actual Steps</Test>
              <Result>212</Result>
              <Pass xsi:nil="true" />
              <Time>0001-01-01T00:00:00</Time>
            </TestResultDetail>
            <TestResultDetail>
              <Category>Reagent Valve Response</Category>
              <SubCategory>Valve B</SubCategory>
              <SubSubCategory>Position 12</SubSubCategory>
              <Test>Error Steps</Test>
              <ExpectedResult>&lt; 100</ExpectedResult>
              <Result>8</Result>
              <Pass>true</Pass>
              <Time>0001-01-01T00:00:00</Time>
            </TestResultDetail>
            <TestResultDetail>
              <Category>Reagent Valve Response</Category>
              <SubCategory>Valve B</SubCategory>
              <SubSubCategory>Position 13</SubSubCategory>
              <Test>Expected Steps</Test>
              <Result>204</Result>
              <Pass xsi:nil="true" />
              <Time>2018-10-19T11:17:27.8298112-04:00</Time>
            </TestResultDetail>
            <TestResultDetail>
              <Category>Reagent Valve Response</Category>
              <SubCategory>Valve B</SubCategory>
              <SubSubCategory>Position 13</SubSubCategory>
              <Test>Actual Steps</Test>
              <Result>203</Result>
              <Pass xsi:nil="true" />
              <Time>0001-01-01T00:00:00</Time>
            </TestResultDetail>
            <TestResultDetail>
              <Category>Reagent Valve Response</Category>
              <SubCategory>Valve B</SubCategory>
              <SubSubCategory>Position 13</SubSubCategory>
              <Test>Error Steps</Test>
              <ExpectedResult>&lt; 100</ExpectedResult>
              <Result>-1</Result>
              <Pass>true</Pass>
              <Time>0001-01-01T00:00:00</Time>
            </TestResultDetail>
            <TestResultDetail>
              <Category>Reagent Valve Response</Category>
              <SubCategory>Valve B</SubCategory>
              <SubSubCategory>Position 14</SubSubCategory>
              <Test>Expected Steps</Test>
              <Result>204</Result>
              <Pass xsi:nil="true" />
              <Time>2018-10-19T11:17:28.5298122-04:00</Time>
            </TestResultDetail>
            <TestResultDetail>
              <Category>Reagent Valve Response</Category>
              <SubCategory>Valve B</SubCategory>
              <SubSubCategory>Position 14</SubSubCategory>
              <Test>Actual Steps</Test>
              <Result>200</Result>
              <Pass xsi:nil="true" />
              <Time>0001-01-01T00:00:00</Time>
            </TestResultDetail>
            <TestResultDetail>
              <Category>Reagent Valve Response</Category>
              <SubCategory>Valve B</SubCategory>
              <SubSubCategory>Position 14</SubSubCategory>
              <Test>Error Steps</Test>
              <ExpectedResult>&lt; 100</ExpectedResult>
              <Result>-4</Result>
              <Pass>true</Pass>
              <Time>0001-01-01T00:00:00</Time>
            </TestResultDetail>
            <TestResultDetail>
              <Category>Reagent Valve Response</Category>
              <SubCategory>Valve B</SubCategory>
              <SubSubCategory>Position 15</SubSubCategory>
              <Test>Expected Steps</Test>
              <Result>204</Result>
              <Pass xsi:nil="true" />
              <Time>2018-10-19T11:17:29.2298132-04:00</Time>
            </TestResultDetail>
            <TestResultDetail>
              <Category>Reagent Valve Response</Category>
              <SubCategory>Valve B</SubCategory>
              <SubSubCategory>Position 15</SubSubCategory>
              <Test>Actual Steps</Test>
              <Result>204</Result>
              <Pass xsi:nil="true" />
              <Time>0001-01-01T00:00:00</Time>
            </TestResultDetail>
            <TestResultDetail>
              <Category>Reagent Valve Response</Category>
              <SubCategory>Valve B</SubCategory>
              <SubSubCategory>Position 15</SubSubCategory>
              <Test>Error Steps</Test>
              <ExpectedResult>&lt; 100</ExpectedResult>
              <Result>0</Result>
              <Pass>true</Pass>
              <Time>0001-01-01T00:00:00</Time>
            </TestResultDetail>
            <TestResultDetail>
              <Category>Reagent Valve Response</Category>
              <SubCategory>Valve B</SubCategory>
              <SubSubCategory>Position 16</SubSubCategory>
              <Test>Expected Steps</Test>
              <Result>204</Result>
              <Pass xsi:nil="true" />
              <Time>2018-10-19T11:17:29.9398142-04:00</Time>
            </TestResultDetail>
            <TestResultDetail>
              <Category>Reagent Valve Response</Category>
              <SubCategory>Valve B</SubCategory>
              <SubSubCategory>Position 16</SubSubCategory>
              <Test>Actual Steps</Test>
              <Result>214</Result>
              <Pass xsi:nil="true" />
              <Time>0001-01-01T00:00:00</Time>
            </TestResultDetail>
            <TestResultDetail>
              <Category>Reagent Valve Response</Category>
              <SubCategory>Valve B</SubCategory>
              <SubSubCategory>Position 16</SubSubCategory>
              <Test>Error Steps</Test>
              <ExpectedResult>&lt; 100</ExpectedResult>
              <Result>10</Result>
              <Pass>true</Pass>
              <Time>0001-01-01T00:00:00</Time>
            </TestResultDetail>
            <TestResultDetail>
              <Category>Reagent Valve Response</Category>
              <SubCategory>Valve B</SubCategory>
              <SubSubCategory>Position 17</SubSubCategory>
              <Test>Expected Steps</Test>
              <Result>204</Result>
              <Pass xsi:nil="true" />
              <Time>2018-10-19T11:17:30.6498152-04:00</Time>
            </TestResultDetail>
            <TestResultDetail>
              <Category>Reagent Valve Response</Category>
              <SubCategory>Valve B</SubCategory>
              <SubSubCategory>Position 17</SubSubCategory>
              <Test>Actual Steps</Test>
              <Result>211</Result>
              <Pass xsi:nil="true" />
              <Time>0001-01-01T00:00:00</Time>
            </TestResultDetail>
            <TestResultDetail>
              <Category>Reagent Valve Response</Category>
              <SubCategory>Valve B</SubCategory>
              <SubSubCategory>Position 17</SubSubCategory>
              <Test>Error Steps</Test>
              <ExpectedResult>&lt; 100</ExpectedResult>
              <Result>7</Result>
              <Pass>true</Pass>
              <Time>0001-01-01T00:00:00</Time>
            </TestResultDetail>
            <TestResultDetail>
              <Category>Reagent Valve Response</Category>
              <SubCategory>Valve B</SubCategory>
              <SubSubCategory>Position 18</SubSubCategory>
              <Test>Expected Steps</Test>
              <Result>204</Result>
              <Pass xsi:nil="true" />
              <Time>2018-10-19T11:17:31.3498162-04:00</Time>
            </TestResultDetail>
            <TestResultDetail>
              <Category>Reagent Valve Response</Category>
              <SubCategory>Valve B</SubCategory>
              <SubSubCategory>Position 18</SubSubCategory>
              <Test>Actual Steps</Test>
              <Result>210</Result>
              <Pass xsi:nil="true" />
              <Time>0001-01-01T00:00:00</Time>
            </TestResultDetail>
            <TestResultDetail>
              <Category>Reagent Valve Response</Category>
              <SubCategory>Valve B</SubCategory>
              <SubSubCategory>Position 18</SubSubCategory>
              <Test>Error Steps</Test>
              <ExpectedResult>&lt; 100</ExpectedResult>
              <Result>6</Result>
              <Pass>true</Pass>
              <Time>0001-01-01T00:00:00</Time>
            </TestResultDetail>
            <TestResultDetail>
              <Category>Reagent Valve Response</Category>
              <SubCategory>Valve B</SubCategory>
              <SubSubCategory>Position 19</SubSubCategory>
              <Test>Expected Steps</Test>
              <Result>204</Result>
              <Pass xsi:nil="true" />
              <Time>2018-10-19T11:17:32.0498171-04:00</Time>
            </TestResultDetail>
            <TestResultDetail>
              <Category>Reagent Valve Response</Category>
              <SubCategory>Valve B</SubCategory>
              <SubSubCategory>Position 19</SubSubCategory>
              <Test>Actual Steps</Test>
              <Result>205</Result>
              <Pass xsi:nil="true" />
              <Time>0001-01-01T00:00:00</Time>
            </TestResultDetail>
            <TestResultDetail>
              <Category>Reagent Valve Response</Category>
              <SubCategory>Valve B</SubCategory>
              <SubSubCategory>Position 19</SubSubCategory>
              <Test>Error Steps</Test>
              <ExpectedResult>&lt; 100</ExpectedResult>
              <Result>1</Result>
              <Pass>true</Pass>
              <Time>0001-01-01T00:00:00</Time>
            </TestResultDetail>
            <TestResultDetail>
              <Category>Reagent Valve Response</Category>
              <SubCategory>Valve B</SubCategory>
              <SubSubCategory>Position 20</SubSubCategory>
              <Test>Expected Steps</Test>
              <Result>204</Result>
              <Pass xsi:nil="true" />
              <Time>2018-10-19T11:17:32.7198181-04:00</Time>
            </TestResultDetail>
            <TestResultDetail>
              <Category>Reagent Valve Response</Category>
              <SubCategory>Valve B</SubCategory>
              <SubSubCategory>Position 20</SubSubCategory>
              <Test>Actual Steps</Test>
              <Result>205</Result>
              <Pass xsi:nil="true" />
              <Time>0001-01-01T00:00:00</Time>
            </TestResultDetail>
            <TestResultDetail>
              <Category>Reagent Valve Response</Category>
              <SubCategory>Valve B</SubCategory>
              <SubSubCategory>Position 20</SubSubCategory>
              <Test>Error Steps</Test>
              <ExpectedResult>&lt; 100</ExpectedResult>
              <Result>1</Result>
              <Pass>true</Pass>
              <Time>0001-01-01T00:00:00</Time>
            </TestResultDetail>
            <TestResultDetail>
              <Category>Reagent Valve Response</Category>
              <SubCategory>Valve B</SubCategory>
              <SubSubCategory>Position 21</SubSubCategory>
              <Test>Expected Steps</Test>
              <Result>204</Result>
              <Pass xsi:nil="true" />
              <Time>2018-10-19T11:17:33.4198191-04:00</Time>
            </TestResultDetail>
            <TestResultDetail>
              <Category>Reagent Valve Response</Category>
              <SubCategory>Valve B</SubCategory>
              <SubSubCategory>Position 21</SubSubCategory>
              <Test>Actual Steps</Test>
              <Result>204</Result>
              <Pass xsi:nil="true" />
              <Time>0001-01-01T00:00:00</Time>
            </TestResultDetail>
            <TestResultDetail>
              <Category>Reagent Valve Response</Category>
              <SubCategory>Valve B</SubCategory>
              <SubSubCategory>Position 21</SubSubCategory>
              <Test>Error Steps</Test>
              <ExpectedResult>&lt; 100</ExpectedResult>
              <Result>0</Result>
              <Pass>true</Pass>
              <Time>0001-01-01T00:00:00</Time>
            </TestResultDetail>
            <TestResultDetail>
              <Category>Reagent Valve Response</Category>
              <SubCategory>Valve B</SubCategory>
              <SubSubCategory>Position 22</SubSubCategory>
              <Test>Expected Steps</Test>
              <Result>204</Result>
              <Pass xsi:nil="true" />
              <Time>2018-10-19T11:17:34.11982-04:00</Time>
            </TestResultDetail>
            <TestResultDetail>
              <Category>Reagent Valve Response</Category>
              <SubCategory>Valve B</SubCategory>
              <SubSubCategory>Position 22</SubSubCategory>
              <Test>Actual Steps</Test>
              <Result>212</Result>
              <Pass xsi:nil="true" />
              <Time>0001-01-01T00:00:00</Time>
            </TestResultDetail>
            <TestResultDetail>
              <Category>Reagent Valve Response</Category>
              <SubCategory>Valve B</SubCategory>
              <SubSubCategory>Position 22</SubSubCategory>
              <Test>Error Steps</Test>
              <ExpectedResult>&lt; 100</ExpectedResult>
              <Result>8</Result>
              <Pass>true</Pass>
              <Time>0001-01-01T00:00:00</Time>
            </TestResultDetail>
            <TestResultDetail>
              <Category>Reagent Valve Response</Category>
              <SubCategory>Valve B</SubCategory>
              <SubSubCategory>Position 23</SubSubCategory>
              <Test>Expected Steps</Test>
              <Result>204</Result>
              <Pass xsi:nil="true" />
              <Time>2018-10-19T11:17:34.799821-04:00</Time>
            </TestResultDetail>
            <TestResultDetail>
              <Category>Reagent Valve Response</Category>
              <SubCategory>Valve B</SubCategory>
              <SubSubCategory>Position 23</SubSubCategory>
              <Test>Actual Steps</Test>
              <Result>212</Result>
              <Pass xsi:nil="true" />
              <Time>0001-01-01T00:00:00</Time>
            </TestResultDetail>
            <TestResultDetail>
              <Category>Reagent Valve Response</Category>
              <SubCategory>Valve B</SubCategory>
              <SubSubCategory>Position 23</SubSubCategory>
              <Test>Error Steps</Test>
              <ExpectedResult>&lt; 100</ExpectedResult>
              <Result>8</Result>
              <Pass>true</Pass>
              <Time>0001-01-01T00:00:00</Time>
            </TestResultDetail>
            <TestResultDetail>
              <Category>Reagent Valve Response</Category>
              <SubCategory>Valve B</SubCategory>
              <SubSubCategory>Position 24</SubSubCategory>
              <Test>Expected Steps</Test>
              <Result>204</Result>
              <Pass xsi:nil="true" />
              <Time>2018-10-19T11:17:35.509822-04:00</Time>
            </TestResultDetail>
            <TestResultDetail>
              <Category>Reagent Valve Response</Category>
              <SubCategory>Valve B</SubCategory>
              <SubSubCategory>Position 24</SubSubCategory>
              <Test>Actual Steps</Test>
              <Result>216</Result>
              <Pass xsi:nil="true" />
              <Time>0001-01-01T00:00:00</Time>
            </TestResultDetail>
            <TestResultDetail>
              <Category>Reagent Valve Response</Category>
              <SubCategory>Valve B</SubCategory>
              <SubSubCategory>Position 24</SubSubCategory>
              <Test>Error Steps</Test>
              <ExpectedResult>&lt; 100</ExpectedResult>
              <Result>12</Result>
              <Pass>true</Pass>
              <Time>0001-01-01T00:00:00</Time>
            </TestResultDetail>
            <TestResultDetail>
              <Category>Pump Valve Response</Category>
              <SubCategory>Pump A</SubCategory>
              <SubSubCategory>Position 3000</SubSubCategory>
              <Test>Syringe Positions</Test>
              <ExpectedResult>3000</ExpectedResult>
              <Pass>true</Pass>
              <Time>2018-10-19T11:17:48.4498401-04:00</Time>
            </TestResultDetail>
            <TestResultDetail>
              <Category>Pump Valve Response</Category>
              <SubCategory>Pump A</SubCategory>
              <SubSubCategory>Position 0</SubSubCategory>
              <Test>Syringe Positions</Test>
              <ExpectedResult>0</ExpectedResult>
              <Pass>true</Pass>
              <Time>0001-01-01T00:00:00</Time>
            </TestResultDetail>
            <TestResultDetail>
              <Category>Pump Valve Response</Category>
              <SubCategory>Pump A</SubCategory>
              <SubSubCategory>Position 1</SubSubCategory>
              <Test>Valve Positions</Test>
              <ExpectedResult>1</ExpectedResult>
              <Pass>true</Pass>
              <Time>0001-01-01T00:00:00</Time>
            </TestResultDetail>
            <TestResultDetail>
              <Category>Pump Valve Response</Category>
              <SubCategory>Pump A</SubCategory>
              <SubSubCategory>Position 2</SubSubCategory>
              <Test>Valve Positions</Test>
              <ExpectedResult>2</ExpectedResult>
              <Pass>true</Pass>
              <Time>0001-01-01T00:00:00</Time>
            </TestResultDetail>
            <TestResultDetail>
              <Category>Pump Valve Response</Category>
              <SubCategory>Pump A</SubCategory>
              <SubSubCategory>Position 3</SubSubCategory>
              <Test>Valve Positions</Test>
              <ExpectedResult>3</ExpectedResult>
              <Pass>true</Pass>
              <Time>0001-01-01T00:00:00</Time>
            </TestResultDetail>
            <TestResultDetail>
              <Category>Pump Valve Response</Category>
              <SubCategory>Pump A</SubCategory>
              <SubSubCategory>Position 4</SubSubCategory>
              <Test>Valve Positions</Test>
              <ExpectedResult>4</ExpectedResult>
              <Pass>true</Pass>
              <Time>0001-01-01T00:00:00</Time>
            </TestResultDetail>
            <TestResultDetail>
              <Category>Pump Valve Response</Category>
              <SubCategory>Pump A</SubCategory>
              <SubSubCategory>Position 5</SubSubCategory>
              <Test>Valve Positions</Test>
              <ExpectedResult>5</ExpectedResult>
              <Pass>true</Pass>
              <Time>0001-01-01T00:00:00</Time>
            </TestResultDetail>
            <TestResultDetail>
              <Category>Pump Valve Response</Category>
              <SubCategory>Pump A</SubCategory>
              <SubSubCategory>Position 6</SubSubCategory>
              <Test>Valve Positions</Test>
              <ExpectedResult>6</ExpectedResult>
              <Pass>true</Pass>
              <Time>0001-01-01T00:00:00</Time>
            </TestResultDetail>
            <TestResultDetail>
              <Category>Pump Valve Response</Category>
              <SubCategory>Pump B</SubCategory>
              <SubSubCategory>Position 3000</SubSubCategory>
              <Test>Syringe Positions</Test>
              <ExpectedResult>3000</ExpectedResult>
              <Pass>true</Pass>
              <Time>2018-10-19T11:18:20.2698847-04:00</Time>
            </TestResultDetail>
            <TestResultDetail>
              <Category>Pump Valve Response</Category>
              <SubCategory>Pump B</SubCategory>
              <SubSubCategory>Position 0</SubSubCategory>
              <Test>Syringe Positions</Test>
              <ExpectedResult>0</ExpectedResult>
              <Pass>true</Pass>
              <Time>0001-01-01T00:00:00</Time>
            </TestResultDetail>
            <TestResultDetail>
              <Category>Pump Valve Response</Category>
              <SubCategory>Pump B</SubCategory>
              <SubSubCategory>Position 1</SubSubCategory>
              <Test>Valve Positions</Test>
              <ExpectedResult>1</ExpectedResult>
              <Pass>true</Pass>
              <Time>0001-01-01T00:00:00</Time>
            </TestResultDetail>
            <TestResultDetail>
              <Category>Pump Valve Response</Category>
              <SubCategory>Pump B</SubCategory>
              <SubSubCategory>Position 2</SubSubCategory>
              <Test>Valve Positions</Test>
              <ExpectedResult>2</ExpectedResult>
              <Pass>true</Pass>
              <Time>0001-01-01T00:00:00</Time>
            </TestResultDetail>
            <TestResultDetail>
              <Category>Pump Valve Response</Category>
              <SubCategory>Pump B</SubCategory>
              <SubSubCategory>Position 3</SubSubCategory>
              <Test>Valve Positions</Test>
              <ExpectedResult>3</ExpectedResult>
              <Pass>true</Pass>
              <Time>0001-01-01T00:00:00</Time>
            </TestResultDetail>
            <TestResultDetail>
              <Category>Pump Valve Response</Category>
              <SubCategory>Pump B</SubCategory>
              <SubSubCategory>Position 4</SubSubCategory>
              <Test>Valve Positions</Test>
              <ExpectedResult>4</ExpectedResult>
              <Pass>true</Pass>
              <Time>0001-01-01T00:00:00</Time>
            </TestResultDetail>
            <TestResultDetail>
              <Category>Pump Valve Response</Category>
              <SubCategory>Pump B</SubCategory>
              <SubSubCategory>Position 5</SubSubCategory>
              <Test>Valve Positions</Test>
              <ExpectedResult>5</ExpectedResult>
              <Pass>true</Pass>
              <Time>0001-01-01T00:00:00</Time>
            </TestResultDetail>
            <TestResultDetail>
              <Category>Pump Valve Response</Category>
              <SubCategory>Pump B</SubCategory>
              <SubSubCategory>Position 6</SubSubCategory>
              <Test>Valve Positions</Test>
              <ExpectedResult>6</ExpectedResult>
              <Pass>true</Pass>
              <Time>0001-01-01T00:00:00</Time>
            </TestResultDetail>
          </Items>
        </TestResultDetails>
      </value>
    </item>
    <item>
      <key>
        <string>PressureDecay1</string>
      </key>
      <value>
        <TestResultDetails>
          <TestOutputXmlPaths>
            <string>D:\Illumina\SystemCheckResults\PressureDecay\NS500355 2018-10-19__11_18_38\NS500355_Pressure Decay_Results.xml</string>
            <string>D:\Illumina\SystemCheckResults\PressureDecay\NS500355 2018-10-19__11_29_20\NS500355_Pressure Decay_Results.xml</string>
          </TestOutputXmlPaths>
          <Items>
            <TestResultDetail>
              <Category>PressureDecay1</Category>
              <SubCategory>Fluidic System Pressure Decay Test - NSS v1.2</SubCategory>
              <SubSubCategory>Lane A</SubSubCategory>
              <Test>First Sample</Test>
              <Result>11:27:24.160</Result>
              <Pass xsi:nil="true" />
              <Time>2018-10-19T11:29:20.0308083-04:00</Time>
            </TestResultDetail>
            <TestResultDetail>
              <Category>PressureDecay1</Category>
              <SubCategory>Fluidic System Pressure Decay Test - NSS v1.2</SubCategory>
              <SubSubCategory>Lane A</SubSubCategory>
              <Test>First Pressure</Test>
              <Result>17.226280</Result>
              <Pass xsi:nil="true" />
              <Time>0001-01-01T00:00:00</Time>
            </TestResultDetail>
            <TestResultDetail>
              <Category>PressureDecay1</Category>
              <SubCategory>Fluidic System Pressure Decay Test - NSS v1.2</SubCategory>
              <SubSubCategory>Lane A</SubSubCategory>
              <Test>Second Sample</Test>
              <Result>11:28:08.300</Result>
              <Pass xsi:nil="true" />
              <Time>0001-01-01T00:00:00</Time>
            </TestResultDetail>
            <TestResultDetail>
              <Category>PressureDecay1</Category>
              <SubCategory>Fluidic System Pressure Decay Test - NSS v1.2</SubCategory>
              <SubSubCategory>Lane A</SubSubCategory>
              <Test>Second Pressure</Test>
              <Result>15.666420</Result>
              <Pass xsi:nil="true" />
              <Time>0001-01-01T00:00:00</Time>
            </TestResultDetail>
            <TestResultDetail>
              <Category>PressureDecay1</Category>
              <SubCategory>Fluidic System Pressure Decay Test - NSS v1.2</SubCategory>
              <SubSubCategory>Lane A</SubSubCategory>
              <Test>Leak Rate</Test>
              <ExpectedResult>&lt; 5</ExpectedResult>
              <Result>0.035856</Result>
              <Pass>true</Pass>
              <Time>0001-01-01T00:00:00</Time>
            </TestResultDetail>
            <TestResultDetail>
              <Category>PressureDecay1</Category>
              <SubCategory>Fluidic System Pressure Decay Test - NSS v1.2</SubCategory>
              <SubSubCategory>Lane A</SubSubCategory>
              <Test>Target Pressure</Test>
              <Result>0.020000</Result>
              <Pass xsi:nil="true" />
              <Time>0001-01-01T00:00:00</Time>
            </TestResultDetail>
            <TestResultDetail>
              <Category>PressureDecay1</Category>
              <SubCategory>Fluidic System Pressure Decay Test - NSS v1.2</SubCategory>
              <SubSubCategory>Lane B</SubSubCategory>
              <Test>First Sample</Test>
              <Result>11:27:24.420</Result>
              <Pass xsi:nil="true" />
              <Time>2018-10-19T11:29:20.0308083-04:00</Time>
            </TestResultDetail>
            <TestResultDetail>
              <Category>PressureDecay1</Category>
              <SubCategory>Fluidic System Pressure Decay Test - NSS v1.2</SubCategory>
              <SubSubCategory>Lane B</SubSubCategory>
              <Test>First Pressure</Test>
              <Result>16.887180</Result>
              <Pass xsi:nil="true" />
              <Time>0001-01-01T00:00:00</Time>
            </TestResultDetail>
            <TestResultDetail>
              <Category>PressureDecay1</Category>
              <SubCategory>Fluidic System Pressure Decay Test - NSS v1.2</SubCategory>
              <SubSubCategory>Lane B</SubSubCategory>
              <Test>Second Sample</Test>
              <Result>11:28:08.040</Result>
              <Pass xsi:nil="true" />
              <Time>0001-01-01T00:00:00</Time>
            </TestResultDetail>
            <TestResultDetail>
              <Category>PressureDecay1</Category>
              <SubCategory>Fluidic System Pressure Decay Test - NSS v1.2</SubCategory>
              <SubSubCategory>Lane B</SubSubCategory>
              <Test>Second Pressure</Test>
              <Result>15.734240</Result>
              <Pass xsi:nil="true" />
              <Time>0001-01-01T00:00:00</Time>
            </TestResultDetail>
            <TestResultDetail>
              <Category>PressureDecay1</Category>
              <SubCategory>Fluidic System Pressure Decay Test - NSS v1.2</SubCategory>
              <SubSubCategory>Lane B</SubSubCategory>
              <Test>Leak Rate</Test>
              <ExpectedResult>&lt; 5</ExpectedResult>
              <Result>0.024832</Result>
              <Pass>true</Pass>
              <Time>0001-01-01T00:00:00</Time>
            </TestResultDetail>
            <TestResultDetail>
              <Category>PressureDecay1</Category>
              <SubCategory>Fluidic System Pressure Decay Test - NSS v1.2</SubCategory>
              <SubSubCategory>Lane B</SubSubCategory>
              <Test>Target Pressure</Test>
              <Result>0.020000</Result>
              <Pass xsi:nil="true" />
              <Time>0001-01-01T00:00:00</Time>
            </TestResultDetail>
            <TestResultDetail>
              <Category>PressureDecay1</Category>
              <SubCategory>Diagnostic Line Pressure Decay Test - NSS v1.2</SubCategory>
              <SubSubCategory>Lane A</SubSubCategory>
              <Test>First Sample</Test>
              <Result>11:31:33.170</Result>
              <Pass xsi:nil="true" />
              <Time>2018-10-19T11:32:35.541082-04:00</Time>
            </TestResultDetail>
            <TestResultDetail>
              <Category>PressureDecay1</Category>
              <SubCategory>Diagnostic Line Pressure Decay Test - NSS v1.2</SubCategory>
              <SubSubCategory>Lane A</SubSubCategory>
              <Test>First Pressure</Test>
              <Result>17.701020</Result>
              <Pass xsi:nil="true" />
              <Time>0001-01-01T00:00:00</Time>
            </TestResultDetail>
            <TestResultDetail>
              <Category>PressureDecay1</Category>
              <SubCategory>Diagnostic Line Pressure Decay Test - NSS v1.2</SubCategory>
              <SubSubCategory>Lane A</SubSubCategory>
              <Test>Second Sample</Test>
              <Result>11:32:16.411</Result>
              <Pass xsi:nil="true" />
              <Time>0001-01-01T00:00:00</Time>
            </TestResultDetail>
            <TestResultDetail>
              <Category>PressureDecay1</Category>
              <SubCategory>Diagnostic Line Pressure Decay Test - NSS v1.2</SubCategory>
              <SubSubCategory>Lane A</SubSubCategory>
              <Test>Second Pressure</Test>
              <Result>13.767460</Result>
              <Pass xsi:nil="true" />
              <Time>0001-01-01T00:00:00</Time>
            </TestResultDetail>
            <TestResultDetail>
              <Category>PressureDecay1</Category>
              <SubCategory>Diagnostic Line Pressure Decay Test - NSS v1.2</SubCategory>
              <SubSubCategory>Lane A</SubSubCategory>
              <Test>Leak Rate</Test>
              <ExpectedResult>&lt; 5</ExpectedResult>
              <Result>0.088544</Result>
              <Pass>true</Pass>
              <Time>0001-01-01T00:00:00</Time>
            </TestResultDetail>
            <TestResultDetail>
              <Category>PressureDecay1</Category>
              <SubCategory>Diagnostic Line Pressure Decay Test - NSS v1.2</SubCategory>
              <SubSubCategory>Lane A</SubSubCategory>
              <Test>Target Pressure</Test>
              <Result>0.020000</Result>
              <Pass xsi:nil="true" />
              <Time>0001-01-01T00:00:00</Time>
            </TestResultDetail>
            <TestResultDetail>
              <Category>PressureDecay1</Category>
              <SubCategory>Diagnostic Line Pressure Decay Test - NSS v1.2</SubCategory>
              <SubSubCategory>Lane B</SubSubCategory>
              <Test>First Sample</Test>
              <Result>11:31:32.520</Result>
              <Pass xsi:nil="true" />
              <Time>2018-10-19T11:32:35.541082-04:00</Time>
            </TestResultDetail>
            <TestResultDetail>
              <Category>PressureDecay1</Category>
              <SubCategory>Diagnostic Line Pressure Decay Test - NSS v1.2</SubCategory>
              <SubSubCategory>Lane B</SubSubCategory>
              <Test>First Pressure</Test>
              <Result>18.311400</Result>
              <Pass xsi:nil="true" />
              <Time>0001-01-01T00:00:00</Time>
            </TestResultDetail>
            <TestResultDetail>
              <Category>PressureDecay1</Category>
              <SubCategory>Diagnostic Line Pressure Decay Test - NSS v1.2</SubCategory>
              <SubSubCategory>Lane B</SubSubCategory>
              <Test>Second Sample</Test>
              <Result>11:32:16.231</Result>
              <Pass xsi:nil="true" />
              <Time>0001-01-01T00:00:00</Time>
            </TestResultDetail>
            <TestResultDetail>
              <Category>PressureDecay1</Category>
              <SubCategory>Diagnostic Line Pressure Decay Test - NSS v1.2</SubCategory>
              <SubSubCategory>Lane B</SubSubCategory>
              <Test>Second Pressure</Test>
              <Result>17.361920</Result>
              <Pass xsi:nil="true" />
              <Time>0001-01-01T00:00:00</Time>
            </TestResultDetail>
            <TestResultDetail>
              <Category>PressureDecay1</Category>
              <SubCategory>Diagnostic Line Pressure Decay Test - NSS v1.2</SubCategory>
              <SubSubCategory>Lane B</SubSubCategory>
              <Test>Leak Rate</Test>
              <ExpectedResult>&lt; 5</ExpectedResult>
              <Result>0.023032</Result>
              <Pass>true</Pass>
              <Time>0001-01-01T00:00:00</Time>
            </TestResultDetail>
            <TestResultDetail>
              <Category>PressureDecay1</Category>
              <SubCategory>Diagnostic Line Pressure Decay Test - NSS v1.2</SubCategory>
              <SubSubCategory>Lane B</SubSubCategory>
              <Test>Target Pressure</Test>
              <Result>0.020000</Result>
              <Pass xsi:nil="true" />
              <Time>0001-01-01T00:00:00</Time>
            </TestResultDetail>
          </Items>
        </TestResultDetails>
      </value>
    </item>
    <item>
      <key>
        <string>FlowRate</string>
      </key>
      <value>
        <TestResultDetails>
          <TestOutputXmlPaths>
            <string>D:\Illumina\SystemCheckResults\FlowRate\NS500355 2018-10-19__11_40_39\NS500355_Flow Rate Test_Results.xml</string>
          </TestOutputXmlPaths>
          <Items>
            <TestResultDetail>
              <Category>Flow Rate</Category>
              <SubCategory>Lane A</SubCategory>
              <Test>Actual Flow Rate</Test>
              <ExpectedResult>3100.000000 +/- 700.000000</ExpectedResult>
              <Result>3201.590332</Result>
              <Pass>true</Pass>
              <Time>2018-10-19T11:51:16.3826512-04:00</Time>
            </TestResultDetail>
            <TestResultDetail>
              <Category>Flow Rate</Category>
              <SubCategory>Lane A</SubCategory>
              <Test>Flight Time</Test>
              <Result>128200</Result>
              <Pass xsi:nil="true" />
              <Time>2018-10-19T11:51:16.3826512-04:00</Time>
            </TestResultDetail>
            <TestResultDetail>
              <Category>Flow Rate</Category>
              <SubCategory>Lane A</SubCategory>
              <Test>Scale Factor</Test>
              <Result>0.968269</Result>
              <Pass xsi:nil="true" />
              <Time>2018-10-19T11:51:16.3826512-04:00</Time>
            </TestResultDetail>
            <TestResultDetail>
              <Category>Flow Rate</Category>
              <SubCategory>Lane A</SubCategory>
              <Test>Std</Test>
              <ExpectedResult>&lt; 3100.000000</ExpectedResult>
              <Result>18.726451</Result>
              <Pass>true</Pass>
              <Time>2018-10-19T11:51:16.3826512-04:00</Time>
            </TestResultDetail>
            <TestResultDetail>
              <Category>Flow Rate</Category>
              <SubCategory>Lane B</SubCategory>
              <Test>Actual Flow Rate</Test>
              <ExpectedResult>3100.000000 +/- 700.000000</ExpectedResult>
              <Result>3058.579102</Result>
              <Pass>true</Pass>
              <Time>2018-10-19T11:51:16.3826512-04:00</Time>
            </TestResultDetail>
            <TestResultDetail>
              <Category>Flow Rate</Category>
              <SubCategory>Lane B</SubCategory>
              <Test>Flight Time</Test>
              <Result>134200</Result>
              <Pass xsi:nil="true" />
              <Time>2018-10-19T11:51:16.3826512-04:00</Time>
            </TestResultDetail>
            <TestResultDetail>
              <Category>Flow Rate</Category>
              <SubCategory>Lane B</SubCategory>
              <Test>Scale Factor</Test>
              <Result>1.013543</Result>
              <Pass xsi:nil="true" />
              <Time>2018-10-19T11:51:16.3826512-04:00</Time>
            </TestResultDetail>
            <TestResultDetail>
              <Category>Flow Rate</Category>
              <SubCategory>Lane B</SubCategory>
              <Test>Std</Test>
              <ExpectedResult>&lt; 3100.000000</ExpectedResult>
              <Result>26.847951</Result>
              <Pass>true</Pass>
              <Time>2018-10-19T11:51:16.3826512-04:00</Time>
            </TestResultDetail>
          </Items>
        </TestResultDetails>
      </value>
    </item>
    <item>
      <key>
        <string>Impedance</string>
      </key>
      <value>
        <TestResultDetails>
          <TestOutputXmlPaths />
          <Items />
        </TestResultDetails>
      </value>
    </item>
    <item>
      <key>
        <string>PressureDecay2</string>
      </key>
      <value>
        <TestResultDetails>
          <TestOutputXmlPaths />
          <Items />
        </TestResultDetails>
      </value>
    </item>
    <item>
      <key>
        <string>Fans</string>
      </key>
      <value>
        <TestResultDetails>
          <TestOutputXmlPaths />
          <Items />
        </TestResultDetails>
      </value>
    </item>
    <item>
      <key>
        <string>Probes</string>
      </key>
      <value>
        <TestResultDetails>
          <TestOutputXmlPaths />
          <Items />
        </TestResultDetails>
      </value>
    </item>
    <item>
      <key>
        <string>FlowCellThermal</string>
      </key>
      <value>
        <TestResultDetails>
          <TestOutputXmlPaths />
          <Items />
        </TestResultDetails>
      </value>
    </item>
  </TestResultDetails>
</SystemCheckTestResultDetails>