Filename,D:\Illumina\SystemCheckResults\AllResultDetails\NS500355_2020-06-24__09_48_20_SystemCheckResultDetails.csv
Application,2.2.0.2
Location,Field
Instrument ID,NS500355
Integrated Chassis ID,ICA1415024
Imaging Module ID,ICA1415024
FPGA version,r.2016.3.0

Category,Detail 1, Detail 2,Test,Expected Result,Result,Pass,Time
BSM,Cycle 1,,BSM Z Up Distance,149259 +/- 3635,147732,True,6/24/2020 9:04:49 AM
BSM,Cycle 1,,BSM Z Up Avg Gain,62900 +/- 5000,62054,True,6/24/2020 9:04:49 AM
BSM,Cycle 1,,BSM Z Down Distance,149259 +/- 3635,147420,True,6/24/2020 9:04:49 AM
BSM,Cycle 1,,BSM Z Down Avg Gain,61800 +/- 5000,61995,True,6/24/2020 9:04:49 AM
FCLM FAM,,,FAM Y Load Distance,194968 +/- 1948,194331,True,6/24/2020 9:07:58 AM
FCLM FAM,,,FAM Y Load Avg Gain,58800 +/- 7200,60189,True,6/24/2020 9:07:58 AM
FCLM FAM,,,FAM Z Load Distance,19089 +/- 1093,18981,True,6/24/2020 9:07:58 AM
FCLM FAM,,,FCLM X Load Avg Gain,<= 65000,51293,True,6/24/2020 9:07:58 AM
FCLM FAM,,,FCLM Y Load Avg Gain,<= 65000,53866,True,6/24/2020 9:07:58 AM
FCLM FAM,,,FCLM Z Load Avg Gain,<= 65000,59616,True,6/24/2020 9:07:58 AM
FCLM FAM,,,FCLM Align Load Avg Gain,<= 65000,51224,True,6/24/2020 9:07:58 AM
FCLM FAM,,,FAM Y Unload Distance,194968 +/- 1948,194336,True,6/24/2020 9:07:58 AM
FCLM FAM,,,FAM Y Unload Avg Gain,58800 +/- 7200,59627,True,6/24/2020 9:07:58 AM
FCLM FAM,,,FAM Z Unload Distance,19089 +/- 1093,18900,True,6/24/2020 9:07:58 AM
FCLM FAM,,,FCLM X Unload Avg Gain,<= 75000,54080,True,6/24/2020 9:07:58 AM
FCLM FAM,,,FCLM Y Unload Avg Gain,<= 75000,52753,True,6/24/2020 9:07:58 AM
FCLM FAM,,,FCLM Z Unload Avg Gain,<= 75000,63089,True,6/24/2020 9:07:58 AM
FCLM FAM,,,FCLM Align Unload Avg Gain,<= 75000,55049,True,6/24/2020 9:07:58 AM
Z Travel Limits Test,Camera 1,,Z_min_range,X >= 299.0,299.957,True,6/24/2020 9:08:35 AM
Z-Stage Step and Settle Test,Camera 1,,Z_step_settle_max,X <= 70,53,True,6/24/2020 9:08:37 AM
Z-Stage Step and Settle Test,Camera 1,,Z_step_settle_min,,48,,6/24/2020 9:08:37 AM
Z-Stage Step and Settle Test,Camera 1,,Z_stability_oper_max,X <= 0.500,0.120,True,6/24/2020 9:08:37 AM
Z Travel Limits Test,Camera 2,,Z_min_range,X >= 299.0,299.973,True,6/24/2020 9:08:35 AM
Z-Stage Step and Settle Test,Camera 2,,Z_step_settle_max,X <= 70,53,True,6/24/2020 9:08:37 AM
Z-Stage Step and Settle Test,Camera 2,,Z_step_settle_min,,48,,6/24/2020 9:08:37 AM
Z-Stage Step and Settle Test,Camera 2,,Z_stability_oper_max,X <= 0.500,0.149,True,6/24/2020 9:08:37 AM
Z Travel Limits Test,Camera 3,,Z_min_range,X >= 299.0,299.957,True,6/24/2020 9:08:35 AM
Z-Stage Step and Settle Test,Camera 3,,Z_step_settle_max,X <= 70,53,True,6/24/2020 9:08:37 AM
Z-Stage Step and Settle Test,Camera 3,,Z_step_settle_min,,47,,6/24/2020 9:08:37 AM
Z-Stage Step and Settle Test,Camera 3,,Z_stability_oper_max,X <= 0.500,0.148,True,6/24/2020 9:08:37 AM
Z Travel Limits Test,Camera 4,,Z_min_range,X >= 299.0,299.973,True,6/24/2020 9:08:35 AM
Z-Stage Step and Settle Test,Camera 4,,Z_step_settle_max,X <= 70,53,True,6/24/2020 9:08:37 AM
Z-Stage Step and Settle Test,Camera 4,,Z_step_settle_min,,48,,6/24/2020 9:08:37 AM
Z-Stage Step and Settle Test,Camera 4,,Z_stability_oper_max,X <= 0.500,0.152,True,6/24/2020 9:08:37 AM
Z Travel Limits Test,Camera 5,,Z_min_range,X >= 299.0,299.988,True,6/24/2020 9:08:35 AM
Z-Stage Step and Settle Test,Camera 5,,Z_step_settle_max,X <= 70,53,True,6/24/2020 9:08:37 AM
Z-Stage Step and Settle Test,Camera 5,,Z_step_settle_min,,48,,6/24/2020 9:08:37 AM
Z-Stage Step and Settle Test,Camera 5,,Z_stability_oper_max,X <= 0.500,0.118,True,6/24/2020 9:08:37 AM
Z Travel Limits Test,Camera 6,,Z_min_range,X >= 299.0,299.973,True,6/24/2020 9:08:35 AM
Z-Stage Step and Settle Test,Camera 6,,Z_step_settle_max,X <= 70,53,True,6/24/2020 9:08:37 AM
Z-Stage Step and Settle Test,Camera 6,,Z_step_settle_min,,48,,6/24/2020 9:08:37 AM
Z-Stage Step and Settle Test,Camera 6,,Z_stability_oper_max,X <= 0.500,0.113,True,6/24/2020 9:08:37 AM
Camera XY Travel Limits Test,Stage,,X_range,X >= 22.95,23.00,True,6/24/2020 9:08:24 AM
Camera XY Travel Limits Test,Stage,,Y_range,X >= 28.45,28.50,True,6/24/2020 9:08:24 AM
XY Registration Test,Camera 1,,Theta_X_Tilt,="-0.172 <= X <= 0.172",0.004403745,True,6/24/2020 9:24:22 AM
XY Registration Test,Camera 1,,Theta_Y_Tilt,="-0.229 <= X <= 0.229",-0.01099777,True,6/24/2020 9:24:22 AM
XY Registration Test,Camera 2,,Theta_X_Tilt,="-0.172 <= X <= 0.172",0.02736351,True,6/24/2020 9:24:22 AM
XY Registration Test,Camera 2,,Theta_Y_Tilt,="-0.229 <= X <= 0.229",0.00910743,True,6/24/2020 9:24:22 AM
XY Registration Test,Camera 3,,Theta_X_Tilt,="-0.172 <= X <= 0.172",0.02145344,True,6/24/2020 9:24:22 AM
XY Registration Test,Camera 3,,Theta_Y_Tilt,="-0.229 <= X <= 0.229",0.0006156692,True,6/24/2020 9:24:22 AM
XY Registration Test,Camera 4,,Theta_X_Tilt,="-0.172 <= X <= 0.172",0.01166306,True,6/24/2020 9:24:22 AM
XY Registration Test,Camera 4,,Theta_Y_Tilt,="-0.229 <= X <= 0.229",-0.01639023,True,6/24/2020 9:24:22 AM
XY Registration Test,Camera 5,,Theta_X_Tilt,="-0.172 <= X <= 0.172",0.01961437,True,6/24/2020 9:24:22 AM
XY Registration Test,Camera 5,,Theta_Y_Tilt,="-0.229 <= X <= 0.229",-0.01135389,True,6/24/2020 9:24:22 AM
XY Registration Test,Camera 6,,Theta_X_Tilt,="-0.172 <= X <= 0.172",0.01244998,True,6/24/2020 9:24:22 AM
XY Registration Test,Camera 6,,Theta_Y_Tilt,="-0.229 <= X <= 0.229",0.01043634,True,6/24/2020 9:24:22 AM
XY Registration Test,Stage,,Y_skew,="-0.235 <= X <= 0.235",-0.0497473,True,6/24/2020 9:24:22 AM
Reagent Valve Response,Valve A,Position 1,Expected Steps,,1633,,6/24/2020 9:25:17 AM
Reagent Valve Response,Valve A,Position 1,Actual Steps,,1682,,1/1/0001 12:00:00 AM
Reagent Valve Response,Valve A,Position 1,Error Steps,< 100,49,True,1/1/0001 12:00:00 AM
Reagent Valve Response,Valve A,Position 2,Expected Steps,,204,,6/24/2020 9:25:18 AM
Reagent Valve Response,Valve A,Position 2,Actual Steps,,212,,1/1/0001 12:00:00 AM
Reagent Valve Response,Valve A,Position 2,Error Steps,< 100,8,True,1/1/0001 12:00:00 AM
Reagent Valve Response,Valve A,Position 3,Expected Steps,,204,,6/24/2020 9:25:19 AM
Reagent Valve Response,Valve A,Position 3,Actual Steps,,213,,1/1/0001 12:00:00 AM
Reagent Valve Response,Valve A,Position 3,Error Steps,< 100,9,True,1/1/0001 12:00:00 AM
Reagent Valve Response,Valve A,Position 4,Expected Steps,,204,,6/24/2020 9:25:19 AM
Reagent Valve Response,Valve A,Position 4,Actual Steps,,211,,1/1/0001 12:00:00 AM
Reagent Valve Response,Valve A,Position 4,Error Steps,< 100,7,True,1/1/0001 12:00:00 AM
Reagent Valve Response,Valve A,Position 5,Expected Steps,,204,,6/24/2020 9:25:20 AM
Reagent Valve Response,Valve A,Position 5,Actual Steps,,219,,1/1/0001 12:00:00 AM
Reagent Valve Response,Valve A,Position 5,Error Steps,< 100,15,True,1/1/0001 12:00:00 AM
Reagent Valve Response,Valve A,Position 6,Expected Steps,,204,,6/24/2020 9:25:21 AM
Reagent Valve Response,Valve A,Position 6,Actual Steps,,211,,1/1/0001 12:00:00 AM
Reagent Valve Response,Valve A,Position 6,Error Steps,< 100,7,True,1/1/0001 12:00:00 AM
Reagent Valve Response,Valve A,Position 7,Expected Steps,,204,,6/24/2020 9:25:21 AM
Reagent Valve Response,Valve A,Position 7,Actual Steps,,212,,1/1/0001 12:00:00 AM
Reagent Valve Response,Valve A,Position 7,Error Steps,< 100,8,True,1/1/0001 12:00:00 AM
Reagent Valve Response,Valve A,Position 8,Expected Steps,,204,,6/24/2020 9:25:22 AM
Reagent Valve Response,Valve A,Position 8,Actual Steps,,213,,1/1/0001 12:00:00 AM
Reagent Valve Response,Valve A,Position 8,Error Steps,< 100,9,True,1/1/0001 12:00:00 AM
Reagent Valve Response,Valve A,Position 9,Expected Steps,,204,,6/24/2020 9:25:23 AM
Reagent Valve Response,Valve A,Position 9,Actual Steps,,219,,1/1/0001 12:00:00 AM
Reagent Valve Response,Valve A,Position 9,Error Steps,< 100,15,True,1/1/0001 12:00:00 AM
Reagent Valve Response,Valve A,Position 10,Expected Steps,,204,,6/24/2020 9:25:24 AM
Reagent Valve Response,Valve A,Position 10,Actual Steps,,211,,1/1/0001 12:00:00 AM
Reagent Valve Response,Valve A,Position 10,Error Steps,< 100,7,True,1/1/0001 12:00:00 AM
Reagent Valve Response,Valve A,Position 11,Expected Steps,,204,,6/24/2020 9:25:24 AM
Reagent Valve Response,Valve A,Position 11,Actual Steps,,210,,1/1/0001 12:00:00 AM
Reagent Valve Response,Valve A,Position 11,Error Steps,< 100,6,True,1/1/0001 12:00:00 AM
Reagent Valve Response,Valve A,Position 12,Expected Steps,,204,,6/24/2020 9:25:25 AM
Reagent Valve Response,Valve A,Position 12,Actual Steps,,211,,1/1/0001 12:00:00 AM
Reagent Valve Response,Valve A,Position 12,Error Steps,< 100,7,True,1/1/0001 12:00:00 AM
Reagent Valve Response,Valve A,Position 13,Expected Steps,,204,,6/24/2020 9:25:26 AM
Reagent Valve Response,Valve A,Position 13,Actual Steps,,212,,1/1/0001 12:00:00 AM
Reagent Valve Response,Valve A,Position 13,Error Steps,< 100,8,True,1/1/0001 12:00:00 AM
Reagent Valve Response,Valve A,Position 14,Expected Steps,,204,,6/24/2020 9:25:26 AM
Reagent Valve Response,Valve A,Position 14,Actual Steps,,210,,1/1/0001 12:00:00 AM
Reagent Valve Response,Valve A,Position 14,Error Steps,< 100,6,True,1/1/0001 12:00:00 AM
Reagent Valve Response,Valve A,Position 15,Expected Steps,,204,,6/24/2020 9:25:27 AM
Reagent Valve Response,Valve A,Position 15,Actual Steps,,211,,1/1/0001 12:00:00 AM
Reagent Valve Response,Valve A,Position 15,Error Steps,< 100,7,True,1/1/0001 12:00:00 AM
Reagent Valve Response,Valve A,Position 16,Expected Steps,,204,,6/24/2020 9:25:28 AM
Reagent Valve Response,Valve A,Position 16,Actual Steps,,211,,1/1/0001 12:00:00 AM
Reagent Valve Response,Valve A,Position 16,Error Steps,< 100,7,True,1/1/0001 12:00:00 AM
Reagent Valve Response,Valve A,Position 17,Expected Steps,,204,,6/24/2020 9:25:29 AM
Reagent Valve Response,Valve A,Position 17,Actual Steps,,214,,1/1/0001 12:00:00 AM
Reagent Valve Response,Valve A,Position 17,Error Steps,< 100,10,True,1/1/0001 12:00:00 AM
Reagent Valve Response,Valve A,Position 18,Expected Steps,,204,,6/24/2020 9:25:29 AM
Reagent Valve Response,Valve A,Position 18,Actual Steps,,218,,1/1/0001 12:00:00 AM
Reagent Valve Response,Valve A,Position 18,Error Steps,< 100,14,True,1/1/0001 12:00:00 AM
Reagent Valve Response,Valve A,Position 19,Expected Steps,,204,,6/24/2020 9:25:30 AM
Reagent Valve Response,Valve A,Position 19,Actual Steps,,213,,1/1/0001 12:00:00 AM
Reagent Valve Response,Valve A,Position 19,Error Steps,< 100,9,True,1/1/0001 12:00:00 AM
Reagent Valve Response,Valve A,Position 20,Expected Steps,,204,,6/24/2020 9:25:31 AM
Reagent Valve Response,Valve A,Position 20,Actual Steps,,214,,1/1/0001 12:00:00 AM
Reagent Valve Response,Valve A,Position 20,Error Steps,< 100,10,True,1/1/0001 12:00:00 AM
Reagent Valve Response,Valve A,Position 21,Expected Steps,,204,,6/24/2020 9:25:31 AM
Reagent Valve Response,Valve A,Position 21,Actual Steps,,205,,1/1/0001 12:00:00 AM
Reagent Valve Response,Valve A,Position 21,Error Steps,< 100,1,True,1/1/0001 12:00:00 AM
Reagent Valve Response,Valve A,Position 22,Expected Steps,,204,,6/24/2020 9:25:32 AM
Reagent Valve Response,Valve A,Position 22,Actual Steps,,213,,1/1/0001 12:00:00 AM
Reagent Valve Response,Valve A,Position 22,Error Steps,< 100,9,True,1/1/0001 12:00:00 AM
Reagent Valve Response,Valve A,Position 23,Expected Steps,,204,,6/24/2020 9:25:33 AM
Reagent Valve Response,Valve A,Position 23,Actual Steps,,207,,1/1/0001 12:00:00 AM
Reagent Valve Response,Valve A,Position 23,Error Steps,< 100,3,True,1/1/0001 12:00:00 AM
Reagent Valve Response,Valve A,Position 24,Expected Steps,,204,,6/24/2020 9:25:34 AM
Reagent Valve Response,Valve A,Position 24,Actual Steps,,215,,1/1/0001 12:00:00 AM
Reagent Valve Response,Valve A,Position 24,Error Steps,< 100,11,True,1/1/0001 12:00:00 AM
Reagent Valve Response,Valve B,Position 1,Expected Steps,,2450,,6/24/2020 9:25:35 AM
Reagent Valve Response,Valve B,Position 1,Actual Steps,,2483,,1/1/0001 12:00:00 AM
Reagent Valve Response,Valve B,Position 1,Error Steps,< 100,33,True,1/1/0001 12:00:00 AM
Reagent Valve Response,Valve B,Position 2,Expected Steps,,204,,6/24/2020 9:25:36 AM
Reagent Valve Response,Valve B,Position 2,Actual Steps,,237,,1/1/0001 12:00:00 AM
Reagent Valve Response,Valve B,Position 2,Error Steps,< 100,33,True,1/1/0001 12:00:00 AM
Reagent Valve Response,Valve B,Position 3,Expected Steps,,204,,6/24/2020 9:25:37 AM
Reagent Valve Response,Valve B,Position 3,Actual Steps,,214,,1/1/0001 12:00:00 AM
Reagent Valve Response,Valve B,Position 3,Error Steps,< 100,10,True,1/1/0001 12:00:00 AM
Reagent Valve Response,Valve B,Position 4,Expected Steps,,204,,6/24/2020 9:25:37 AM
Reagent Valve Response,Valve B,Position 4,Actual Steps,,215,,1/1/0001 12:00:00 AM
Reagent Valve Response,Valve B,Position 4,Error Steps,< 100,11,True,1/1/0001 12:00:00 AM
Reagent Valve Response,Valve B,Position 5,Expected Steps,,204,,6/24/2020 9:25:38 AM
Reagent Valve Response,Valve B,Position 5,Actual Steps,,211,,1/1/0001 12:00:00 AM
Reagent Valve Response,Valve B,Position 5,Error Steps,< 100,7,True,1/1/0001 12:00:00 AM
Reagent Valve Response,Valve B,Position 6,Expected Steps,,204,,6/24/2020 9:25:39 AM
Reagent Valve Response,Valve B,Position 6,Actual Steps,,212,,1/1/0001 12:00:00 AM
Reagent Valve Response,Valve B,Position 6,Error Steps,< 100,8,True,1/1/0001 12:00:00 AM
Reagent Valve Response,Valve B,Position 7,Expected Steps,,204,,6/24/2020 9:25:39 AM
Reagent Valve Response,Valve B,Position 7,Actual Steps,,212,,1/1/0001 12:00:00 AM
Reagent Valve Response,Valve B,Position 7,Error Steps,< 100,8,True,1/1/0001 12:00:00 AM
Reagent Valve Response,Valve B,Position 8,Expected Steps,,204,,6/24/2020 9:25:40 AM
Reagent Valve Response,Valve B,Position 8,Actual Steps,,213,,1/1/0001 12:00:00 AM
Reagent Valve Response,Valve B,Position 8,Error Steps,< 100,9,True,1/1/0001 12:00:00 AM
Reagent Valve Response,Valve B,Position 9,Expected Steps,,204,,6/24/2020 9:25:41 AM
Reagent Valve Response,Valve B,Position 9,Actual Steps,,209,,1/1/0001 12:00:00 AM
Reagent Valve Response,Valve B,Position 9,Error Steps,< 100,5,True,1/1/0001 12:00:00 AM
Reagent Valve Response,Valve B,Position 10,Expected Steps,,204,,6/24/2020 9:25:42 AM
Reagent Valve Response,Valve B,Position 10,Actual Steps,,211,,1/1/0001 12:00:00 AM
Reagent Valve Response,Valve B,Position 10,Error Steps,< 100,7,True,1/1/0001 12:00:00 AM
Reagent Valve Response,Valve B,Position 11,Expected Steps,,204,,6/24/2020 9:25:42 AM
Reagent Valve Response,Valve B,Position 11,Actual Steps,,212,,1/1/0001 12:00:00 AM
Reagent Valve Response,Valve B,Position 11,Error Steps,< 100,8,True,1/1/0001 12:00:00 AM
Reagent Valve Response,Valve B,Position 12,Expected Steps,,204,,6/24/2020 9:25:43 AM
Reagent Valve Response,Valve B,Position 12,Actual Steps,,213,,1/1/0001 12:00:00 AM
Reagent Valve Response,Valve B,Position 12,Error Steps,< 100,9,True,1/1/0001 12:00:00 AM
Reagent Valve Response,Valve B,Position 13,Expected Steps,,204,,6/24/2020 9:25:44 AM
Reagent Valve Response,Valve B,Position 13,Actual Steps,,212,,1/1/0001 12:00:00 AM
Reagent Valve Response,Valve B,Position 13,Error Steps,< 100,8,True,1/1/0001 12:00:00 AM
Reagent Valve Response,Valve B,Position 14,Expected Steps,,204,,6/24/2020 9:25:44 AM
Reagent Valve Response,Valve B,Position 14,Actual Steps,,217,,1/1/0001 12:00:00 AM
Reagent Valve Response,Valve B,Position 14,Error Steps,< 100,13,True,1/1/0001 12:00:00 AM
Reagent Valve Response,Valve B,Position 15,Expected Steps,,204,,6/24/2020 9:25:45 AM
Reagent Valve Response,Valve B,Position 15,Actual Steps,,212,,1/1/0001 12:00:00 AM
Reagent Valve Response,Valve B,Position 15,Error Steps,< 100,8,True,1/1/0001 12:00:00 AM
Reagent Valve Response,Valve B,Position 16,Expected Steps,,204,,6/24/2020 9:25:46 AM
Reagent Valve Response,Valve B,Position 16,Actual Steps,,214,,1/1/0001 12:00:00 AM
Reagent Valve Response,Valve B,Position 16,Error Steps,< 100,10,True,1/1/0001 12:00:00 AM
Reagent Valve Response,Valve B,Position 17,Expected Steps,,204,,6/24/2020 9:25:47 AM
Reagent Valve Response,Valve B,Position 17,Actual Steps,,210,,1/1/0001 12:00:00 AM
Reagent Valve Response,Valve B,Position 17,Error Steps,< 100,6,True,1/1/0001 12:00:00 AM
Reagent Valve Response,Valve B,Position 18,Expected Steps,,204,,6/24/2020 9:25:47 AM
Reagent Valve Response,Valve B,Position 18,Actual Steps,,212,,1/1/0001 12:00:00 AM
Reagent Valve Response,Valve B,Position 18,Error Steps,< 100,8,True,1/1/0001 12:00:00 AM
Reagent Valve Response,Valve B,Position 19,Expected Steps,,204,,6/24/2020 9:25:48 AM
Reagent Valve Response,Valve B,Position 19,Actual Steps,,211,,1/1/0001 12:00:00 AM
Reagent Valve Response,Valve B,Position 19,Error Steps,< 100,7,True,1/1/0001 12:00:00 AM
Reagent Valve Response,Valve B,Position 20,Expected Steps,,204,,6/24/2020 9:25:49 AM
Reagent Valve Response,Valve B,Position 20,Actual Steps,,224,,1/1/0001 12:00:00 AM
Reagent Valve Response,Valve B,Position 20,Error Steps,< 100,20,True,1/1/0001 12:00:00 AM
Reagent Valve Response,Valve B,Position 21,Expected Steps,,204,,6/24/2020 9:25:49 AM
Reagent Valve Response,Valve B,Position 21,Actual Steps,,212,,1/1/0001 12:00:00 AM
Reagent Valve Response,Valve B,Position 21,Error Steps,< 100,8,True,1/1/0001 12:00:00 AM
Reagent Valve Response,Valve B,Position 22,Expected Steps,,204,,6/24/2020 9:25:50 AM
Reagent Valve Response,Valve B,Position 22,Actual Steps,,220,,1/1/0001 12:00:00 AM
Reagent Valve Response,Valve B,Position 22,Error Steps,< 100,16,True,1/1/0001 12:00:00 AM
Reagent Valve Response,Valve B,Position 23,Expected Steps,,204,,6/24/2020 9:25:51 AM
Reagent Valve Response,Valve B,Position 23,Actual Steps,,214,,1/1/0001 12:00:00 AM
Reagent Valve Response,Valve B,Position 23,Error Steps,< 100,10,True,1/1/0001 12:00:00 AM
Reagent Valve Response,Valve B,Position 24,Expected Steps,,204,,6/24/2020 9:25:52 AM
Reagent Valve Response,Valve B,Position 24,Actual Steps,,215,,1/1/0001 12:00:00 AM
Reagent Valve Response,Valve B,Position 24,Error Steps,< 100,11,True,1/1/0001 12:00:00 AM
Pump Valve Response,Pump A,Position 3000,Syringe Positions,3000,,True,6/24/2020 9:26:05 AM
Pump Valve Response,Pump A,Position 0,Syringe Positions,0,,True,1/1/0001 12:00:00 AM
Pump Valve Response,Pump A,Position 1,Valve Positions,1,,True,1/1/0001 12:00:00 AM
Pump Valve Response,Pump A,Position 2,Valve Positions,2,,True,1/1/0001 12:00:00 AM
Pump Valve Response,Pump A,Position 3,Valve Positions,3,,True,1/1/0001 12:00:00 AM
Pump Valve Response,Pump A,Position 4,Valve Positions,4,,True,1/1/0001 12:00:00 AM
Pump Valve Response,Pump A,Position 5,Valve Positions,5,,True,1/1/0001 12:00:00 AM
Pump Valve Response,Pump A,Position 6,Valve Positions,6,,True,1/1/0001 12:00:00 AM
Pump Valve Response,Pump B,Position 3000,Syringe Positions,3000,,True,6/24/2020 9:26:36 AM
Pump Valve Response,Pump B,Position 0,Syringe Positions,0,,True,1/1/0001 12:00:00 AM
Pump Valve Response,Pump B,Position 1,Valve Positions,1,,True,1/1/0001 12:00:00 AM
Pump Valve Response,Pump B,Position 2,Valve Positions,2,,True,1/1/0001 12:00:00 AM
Pump Valve Response,Pump B,Position 3,Valve Positions,3,,True,1/1/0001 12:00:00 AM
Pump Valve Response,Pump B,Position 4,Valve Positions,4,,True,1/1/0001 12:00:00 AM
Pump Valve Response,Pump B,Position 5,Valve Positions,5,,True,1/1/0001 12:00:00 AM
Pump Valve Response,Pump B,Position 6,Valve Positions,6,,True,1/1/0001 12:00:00 AM
PressureDecay1,Fluidic System Pressure Decay Test - NSS v1.2,Lane A,First Sample,,09:35:35.482,,6/24/2020 9:37:32 AM
PressureDecay1,Fluidic System Pressure Decay Test - NSS v1.2,Lane A,First Pressure,,17.090640,,1/1/0001 12:00:00 AM
PressureDecay1,Fluidic System Pressure Decay Test - NSS v1.2,Lane A,Second Sample,,09:36:19.492,,1/1/0001 12:00:00 AM
PressureDecay1,Fluidic System Pressure Decay Test - NSS v1.2,Lane A,Second Pressure,,16.887180,,1/1/0001 12:00:00 AM
PressureDecay1,Fluidic System Pressure Decay Test - NSS v1.2,Lane A,Leak Rate,< 5,0.004292,True,1/1/0001 12:00:00 AM
PressureDecay1,Fluidic System Pressure Decay Test - NSS v1.2,Lane A,Target Pressure,,0.020000,,1/1/0001 12:00:00 AM
PressureDecay1,Fluidic System Pressure Decay Test - NSS v1.2,Lane B,First Sample,,09:35:35.222,,6/24/2020 9:37:32 AM
PressureDecay1,Fluidic System Pressure Decay Test - NSS v1.2,Lane B,First Pressure,,17.158460,,1/1/0001 12:00:00 AM
PressureDecay1,Fluidic System Pressure Decay Test - NSS v1.2,Lane B,Second Sample,,09:36:19.232,,1/1/0001 12:00:00 AM
PressureDecay1,Fluidic System Pressure Decay Test - NSS v1.2,Lane B,Second Pressure,,16.819360,,1/1/0001 12:00:00 AM
PressureDecay1,Fluidic System Pressure Decay Test - NSS v1.2,Lane B,Leak Rate,< 5,0.008472,True,1/1/0001 12:00:00 AM
PressureDecay1,Fluidic System Pressure Decay Test - NSS v1.2,Lane B,Target Pressure,,0.020000,,1/1/0001 12:00:00 AM
Bubble Count,Lane A,Base Line to Post Aspirate Delta,Waste 1,0,0,True,6/24/2020 9:41:00 AM
Bubble Count,Lane A,Base Line to Post Aspirate Delta,Waste 2,0,0,True,6/24/2020 9:41:00 AM
Bubble Count,Lane A,Base Line to Post Aspirate Delta,Lane A1,>0,0,False,6/24/2020 9:41:00 AM
Bubble Count,Lane A,Base Line to Post Aspirate Delta,Lane B1,0,0,True,6/24/2020 9:41:00 AM
Bubble Count,Lane A,Post Aspirate to Post Dispense Delta,Waste 1,>10,2,False,6/24/2020 9:41:00 AM
Bubble Count,Lane A,Post Aspirate to Post Dispense Delta,Waste 2,>10,2,False,6/24/2020 9:41:00 AM
Bubble Count,Lane A,Post Aspirate to Post Dispense Delta,Lane A1,,0,,6/24/2020 9:41:00 AM
Bubble Count,Lane A,Post Aspirate to Post Dispense Delta,Lane B1,0,0,True,6/24/2020 9:41:00 AM
Bubble Count,Lane B,Base Line to Post Aspirate Delta,Waste 1,0,0,True,6/24/2020 9:41:00 AM
Bubble Count,Lane B,Base Line to Post Aspirate Delta,Waste 2,0,0,True,6/24/2020 9:41:00 AM
Bubble Count,Lane B,Base Line to Post Aspirate Delta,Lane A1,0,0,True,6/24/2020 9:41:00 AM
Bubble Count,Lane B,Base Line to Post Aspirate Delta,Lane B1,>0,0,False,6/24/2020 9:41:00 AM
Bubble Count,Lane B,Post Aspirate to Post Dispense Delta,Waste 1,>10,2,False,6/24/2020 9:41:00 AM
Bubble Count,Lane B,Post Aspirate to Post Dispense Delta,Waste 2,>10,2,False,6/24/2020 9:41:00 AM
Bubble Count,Lane B,Post Aspirate to Post Dispense Delta,Lane A1,0,0,True,6/24/2020 9:41:00 AM
Bubble Count,Lane B,Post Aspirate to Post Dispense Delta,Lane B1,,38,,6/24/2020 9:41:00 AM
Flow Rate,,,,,,False,1/1/0001 12:00:00 AM
Fan Test,Fan 0 - LED,,Speed (PPM),>= 5,8490,True,1/1/0001 12:00:00 AM
Fan Test,Fan 2 - Ebox1,,Speed (PPM),>= 5,32790,True,1/1/0001 12:00:00 AM
Fan Test,Fan 3 - Exhaust0,,Speed (PPM),>= 5,8295,True,1/1/0001 12:00:00 AM
Fan Test,Fan 4 - Exhaust1,,Speed (PPM),>= 5,8358,True,1/1/0001 12:00:00 AM
Fan Test,Fan 5 - Exhaust2,,Speed (PPM),>= 5,8141,True,1/1/0001 12:00:00 AM
Fan Test,Fan 6 - Flowcell,,Speed (PPM),>= 5,17951,True,1/1/0001 12:00:00 AM
Temp Probe Test,Probe 0 - Board0,,Temperature (C),>= 0,27.163,True,1/1/0001 12:00:00 AM
Temp Probe Test,Probe 1 - Board1,,Temperature (C),>= 0,41.488,True,1/1/0001 12:00:00 AM
Temp Probe Test,Probe 2 - Camera0,,Temperature (C),>= 0,29.75,True,1/1/0001 12:00:00 AM
Temp Probe Test,Probe 3 - Camera1,,Temperature (C),>= 0,29.813,True,1/1/0001 12:00:00 AM
Temp Probe Test,Probe 4 - Camera2,,Temperature (C),>= 0,29.4752,True,1/1/0001 12:00:00 AM
Temp Probe Test,Probe 5 - Camera3,,Temperature (C),>= 0,29.563,True,1/1/0001 12:00:00 AM
Temp Probe Test,Probe 6 - Camera4,,Temperature (C),>= 0,30,True,1/1/0001 12:00:00 AM
Temp Probe Test,Probe 7 - Camera5,,Temperature (C),>= 0,29.9128,True,1/1/0001 12:00:00 AM
Temp Probe Test,Probe 8 - ThermoCouple_Side,,Temperature (C),>= 0,25.9,True,1/1/0001 12:00:00 AM
Temp Probe Test,Probe 9 - ThermoCouple_Rear,,Temperature (C),>= 0,31.25,True,1/1/0001 12:00:00 AM
