Filename,D:\Illumina\SystemCheckResults\AllResultDetails\2015-03-31__10_45_59_SystemCheckResultDetails.csv
Application,1.3.0.20
Location,Field
Instrument ID,NS500355
Integrated Chassis ID,ICA1415024
Imaging Module ID,ICA1415024
FPGA version,r3456

Category,Detail 1, Detail 2,Test,Expected Result,Result,Pass,Time
BSM,Cycle 1,,BSM Z Up Distance,149259 +/- 3635,149792,True,3/31/2015 10:28:44 AM
BSM,Cycle 1,,BSM Z Up Avg Gain,62900 +/- 5000,62158,True,3/31/2015 10:28:44 AM
BSM,Cycle 1,,BSM Z Down Distance,149259 +/- 3635,150200,True,3/31/2015 10:28:44 AM
BSM,Cycle 1,,BSM Z Down Avg Gain,61800 +/- 5000,62050,True,3/31/2015 10:28:44 AM
FCLM FAM,,,FAM Y Load Distance,194968 +/- 1948,195150,True,3/31/2015 10:31:09 AM
FCLM FAM,,,FAM Y Load Avg Gain,58800 +/- 7200,59596,True,3/31/2015 10:31:09 AM
FCLM FAM,,,FAM Z Load Distance,19089 +/- 1093,18949,True,3/31/2015 10:31:09 AM
FCLM FAM,,,FCLM X Load Avg Gain,<= 65000,51979,True,3/31/2015 10:31:09 AM
FCLM FAM,,,FCLM Y Load Avg Gain,<= 65000,53775,True,3/31/2015 10:31:09 AM
FCLM FAM,,,FCLM Z Load Avg Gain,<= 65000,62472,True,3/31/2015 10:31:09 AM
FCLM FAM,,,FCLM Align Load Avg Gain,<= 65000,52959,True,3/31/2015 10:31:09 AM
FCLM FAM,,,FAM Y Unload Distance,194968 +/- 1948,195071,True,3/31/2015 10:31:09 AM
FCLM FAM,,,FAM Y Unload Avg Gain,58800 +/- 7200,59510,True,3/31/2015 10:31:09 AM
FCLM FAM,,,FAM Z Unload Distance,19089 +/- 1093,18862,True,3/31/2015 10:31:09 AM
FCLM FAM,,,FCLM X Unload Avg Gain,<= 75000,54837,True,3/31/2015 10:31:09 AM
FCLM FAM,,,FCLM Y Unload Avg Gain,<= 75000,53527,True,3/31/2015 10:31:09 AM
FCLM FAM,,,FCLM Z Unload Avg Gain,<= 75000,65968,True,3/31/2015 10:31:09 AM
FCLM FAM,,,FCLM Align Unload Avg Gain,<= 75000,55156,True,3/31/2015 10:31:09 AM
Z Travel Limits Test,Camera 1,,Z_min_range,X >= 299.0,299.957,True,3/31/2015 10:31:45 AM
Z-Stage Step and Settle Test,Camera 1,,Z_step_settle_max,X <= 70,53,True,3/31/2015 10:31:45 AM
Z-Stage Step and Settle Test,Camera 1,,Z_step_settle_min,,47,,3/31/2015 10:31:45 AM
Z-Stage Step and Settle Test,Camera 1,,Z_stability_oper_max,X <= 0.500,0.232,True,3/31/2015 10:31:45 AM
Z Travel Limits Test,Camera 2,,Z_min_range,X >= 299.0,299.896,True,3/31/2015 10:31:45 AM
Z-Stage Step and Settle Test,Camera 2,,Z_step_settle_max,X <= 70,53,True,3/31/2015 10:31:45 AM
Z-Stage Step and Settle Test,Camera 2,,Z_step_settle_min,,48,,3/31/2015 10:31:45 AM
Z-Stage Step and Settle Test,Camera 2,,Z_stability_oper_max,X <= 0.500,0.292,True,3/31/2015 10:31:45 AM
Z Travel Limits Test,Camera 3,,Z_min_range,X >= 299.0,299.896,True,3/31/2015 10:31:45 AM
Z-Stage Step and Settle Test,Camera 3,,Z_step_settle_max,X <= 70,53,True,3/31/2015 10:31:45 AM
Z-Stage Step and Settle Test,Camera 3,,Z_step_settle_min,,47,,3/31/2015 10:31:45 AM
Z-Stage Step and Settle Test,Camera 3,,Z_stability_oper_max,X <= 0.500,0.222,True,3/31/2015 10:31:45 AM
Z Travel Limits Test,Camera 4,,Z_min_range,X >= 299.0,299.988,True,3/31/2015 10:31:45 AM
Z-Stage Step and Settle Test,Camera 4,,Z_step_settle_max,X <= 70,53,True,3/31/2015 10:31:45 AM
Z-Stage Step and Settle Test,Camera 4,,Z_step_settle_min,,48,,3/31/2015 10:31:45 AM
Z-Stage Step and Settle Test,Camera 4,,Z_stability_oper_max,X <= 0.500,0.278,True,3/31/2015 10:31:45 AM
Z Travel Limits Test,Camera 5,,Z_min_range,X >= 299.0,299.973,True,3/31/2015 10:31:45 AM
Z-Stage Step and Settle Test,Camera 5,,Z_step_settle_max,X <= 70,53,True,3/31/2015 10:31:45 AM
Z-Stage Step and Settle Test,Camera 5,,Z_step_settle_min,,48,,3/31/2015 10:31:45 AM
Z-Stage Step and Settle Test,Camera 5,,Z_stability_oper_max,X <= 0.500,0.234,True,3/31/2015 10:31:45 AM
Z Travel Limits Test,Camera 6,,Z_min_range,X >= 299.0,300.003,True,3/31/2015 10:31:45 AM
Z-Stage Step and Settle Test,Camera 6,,Z_step_settle_max,X <= 70,53,True,3/31/2015 10:31:45 AM
Z-Stage Step and Settle Test,Camera 6,,Z_step_settle_min,,48,,3/31/2015 10:31:45 AM
Z-Stage Step and Settle Test,Camera 6,,Z_stability_oper_max,X <= 0.500,0.222,True,3/31/2015 10:31:45 AM
Camera XY Travel Limits Test,Stage,,X_range,X >= 19.85,19.90,True,3/31/2015 10:31:34 AM
Camera XY Travel Limits Test,Stage,,Y_range,X >= 23.25,23.30,True,3/31/2015 10:31:34 AM
