<?xml version="1.0"?>
<IcTestResult xmlns:xsd="http://www.w3.org/2001/XMLSchema" xmlns:xsi="http://www.w3.org/2001/XMLSchema-instance" Id="NS500355_2021-12-02T12:11:35">
  <TestName>TempProbeTest</TestName>
  <ModuleVersion>2.2.0.2</ModuleVersion>
  <InstrumentId>NS500355</InstrumentId>
  <IntegratedChassisId>ICA1415024</IntegratedChassisId>
  <ImagingModuleId>IMB1624024</ImagingModuleId>
  <FpgaVersion>r.2016.3.0</FpgaVersion>
  <CameraFWVersion>1.080</CameraFWVersion>
  <StageFWVersion>15059452_v0.07                 </StageFWVersion>
  <FlowCellSerial>HGWJ2BGXG</FlowCellSerial>
  <Location>Field</Location>
  <FileName>D:\Illumina\SystemCheckResults\TempProbeTest\NS500355 2021-12-02__12_11_35\NS500355_TempProbeTest_Results.xml</FileName>
  <RecipeName />
  <StartTime>2021-12-02T12:11:35.1402416-05:00</StartTime>
  <EndTime>2021-12-02T12:11:40.7202494-05:00</EndTime>
  <IntegratedChassis>
    <Metrics />
    <Cycles>
      <Cycle Number="1">
        <Metrics>
          <Temperature>
            <Metrics>
              <Metric Name="Probe_Name" Type="xsd:int" Value="Board0" />
              <Metric Name="Id" Type="xsd:float" Value="0" />
              <Metric Name="Target_Temp" Type="xsd:float" Value="0" />
              <Metric Name="Measured_Temp" Type="xsd:float" Value="42.667" />
              <Metric Name="Status" Type="xsd:float" Value="Pass" />
            </Metrics>
          </Temperature>
          <Temperature>
            <Metrics>
              <Metric Name="Probe_Name" Type="xsd:int" Value="Board1" />
              <Metric Name="Id" Type="xsd:float" Value="1" />
              <Metric Name="Target_Temp" Type="xsd:float" Value="0" />
              <Metric Name="Measured_Temp" Type="xsd:float" Value="46.946" />
              <Metric Name="Status" Type="xsd:float" Value="Pass" />
            </Metrics>
          </Temperature>
          <Temperature>
            <Metrics>
              <Metric Name="Probe_Name" Type="xsd:int" Value="Camera0" />
              <Metric Name="Id" Type="xsd:float" Value="4" />
              <Metric Name="Target_Temp" Type="xsd:float" Value="0" />
              <Metric Name="Measured_Temp" Type="xsd:float" Value="31.1376" />
              <Metric Name="Status" Type="xsd:float" Value="Pass" />
            </Metrics>
          </Temperature>
          <Temperature>
            <Metrics>
              <Metric Name="Probe_Name" Type="xsd:int" Value="Camera1" />
              <Metric Name="Id" Type="xsd:float" Value="5" />
              <Metric Name="Target_Temp" Type="xsd:float" Value="0" />
              <Metric Name="Measured_Temp" Type="xsd:float" Value="31.2004" />
              <Metric Name="Status" Type="xsd:float" Value="Pass" />
            </Metrics>
          </Temperature>
          <Temperature>
            <Metrics>
              <Metric Name="Probe_Name" Type="xsd:int" Value="Camera2" />
              <Metric Name="Id" Type="xsd:float" Value="6" />
              <Metric Name="Target_Temp" Type="xsd:float" Value="0" />
              <Metric Name="Measured_Temp" Type="xsd:float" Value="30.75" />
              <Metric Name="Status" Type="xsd:float" Value="Pass" />
            </Metrics>
          </Temperature>
          <Temperature>
            <Metrics>
              <Metric Name="Probe_Name" Type="xsd:int" Value="Camera3" />
              <Metric Name="Id" Type="xsd:float" Value="7" />
              <Metric Name="Target_Temp" Type="xsd:float" Value="0" />
              <Metric Name="Measured_Temp" Type="xsd:float" Value="30.7878" />
              <Metric Name="Status" Type="xsd:float" Value="Pass" />
            </Metrics>
          </Temperature>
          <Temperature>
            <Metrics>
              <Metric Name="Probe_Name" Type="xsd:int" Value="Camera4" />
              <Metric Name="Id" Type="xsd:float" Value="8" />
              <Metric Name="Target_Temp" Type="xsd:float" Value="0" />
              <Metric Name="Measured_Temp" Type="xsd:float" Value="31.3254" />
              <Metric Name="Status" Type="xsd:float" Value="Pass" />
            </Metrics>
          </Temperature>
          <Temperature>
            <Metrics>
              <Metric Name="Probe_Name" Type="xsd:int" Value="Camera5" />
              <Metric Name="Id" Type="xsd:float" Value="9" />
              <Metric Name="Target_Temp" Type="xsd:float" Value="0" />
              <Metric Name="Measured_Temp" Type="xsd:float" Value="31.25" />
              <Metric Name="Status" Type="xsd:float" Value="Pass" />
            </Metrics>
          </Temperature>
          <Temperature>
            <Metrics>
              <Metric Name="Probe_Name" Type="xsd:int" Value="ThermoCouple_Side" />
              <Metric Name="Id" Type="xsd:float" Value="2" />
              <Metric Name="Target_Temp" Type="xsd:float" Value="0" />
              <Metric Name="Measured_Temp" Type="xsd:float" Value="25.65" />
              <Metric Name="Status" Type="xsd:float" Value="Pass" />
            </Metrics>
          </Temperature>
          <Temperature>
            <Metrics>
              <Metric Name="Probe_Name" Type="xsd:int" Value="ThermoCouple_Rear" />
              <Metric Name="Id" Type="xsd:float" Value="3" />
              <Metric Name="Target_Temp" Type="xsd:float" Value="0" />
              <Metric Name="Measured_Temp" Type="xsd:float" Value="32.25" />
              <Metric Name="Status" Type="xsd:float" Value="Pass" />
            </Metrics>
          </Temperature>
        </Metrics>
      </Cycle>
    </Cycles>
    <LaneValves />
  </IntegratedChassis>
</IcTestResult>