<?xml version="1.0"?>
<IcTestResult xmlns:xsd="http://www.w3.org/2001/XMLSchema" xmlns:xsi="http://www.w3.org/2001/XMLSchema-instance" Id="NS500355_2021-12-02T11:52:44">
  <TestName>Pressure Decay</TestName>
  <ModuleVersion>2.2.0.2</ModuleVersion>
  <InstrumentId>NS500355</InstrumentId>
  <IntegratedChassisId>ICA1415024</IntegratedChassisId>
  <ImagingModuleId>IMB1624024</ImagingModuleId>
  <FpgaVersion>r.2016.3.0</FpgaVersion>
  <CameraFWVersion>1.080</CameraFWVersion>
  <StageFWVersion>15059452_v0.07                 </StageFWVersion>
  <FlowCellSerial>HGWJ2BGXG</FlowCellSerial>
  <Location>Field</Location>
  <FileName>D:\Illumina\SystemCheckResults\PressureDecay\NS500355 2021-12-02__11_52_44\NS500355_Pressure Decay_Results.xml</FileName>
  <RecipeName>Fluidic System Pressure Decay Test - NSS v1.2</RecipeName>
  <StartTime>2021-12-02T11:52:44.640654-05:00</StartTime>
  <EndTime>2021-12-02T12:03:23.2715481-05:00</EndTime>
  <IntegratedChassis>
    <Metrics />
    <Cycles />
    <LaneValves>
      <LaneValve Letter="A">
        <Metrics>
          <Metric Name="First_Sample" Type="xsd:dateTime" Value="12:01:25.471" />
          <Metric Name="First_Pressure" Type="xsd:float" Value="17.15846" />
          <Metric Name="Second_Sample" Type="xsd:dateTime" Value="12:02:09.641" />
          <Metric Name="Second_Pressure" Type="xsd:float" Value="17.02282" />
          <Metric Name="Leak_Rate" Type="xsd:float" Value="0.003432" />
          <Metric Name="Target" Type="xsd:float" Value="0.02" />
        </Metrics>
      </LaneValve>
      <LaneValve Letter="B">
        <Metrics>
          <Metric Name="First_Sample" Type="xsd:dateTime" Value="12:01:25.741" />
          <Metric Name="First_Pressure" Type="xsd:float" Value="17.09064" />
          <Metric Name="Second_Sample" Type="xsd:dateTime" Value="12:02:09.451" />
          <Metric Name="Second_Pressure" Type="xsd:float" Value="16.88718" />
          <Metric Name="Leak_Rate" Type="xsd:float" Value="0.004218" />
          <Metric Name="Target" Type="xsd:float" Value="0.02" />
        </Metrics>
      </LaneValve>
    </LaneValves>
  </IntegratedChassis>
</IcTestResult>