Filename, D:\Illumina\SystemCheckResults\FanTest\NS500355 2021-12-02__12_11_24\NS500355_FanTest_Results.csv
Application, 2.2.0.2
Test Name, FanTest
Location, Field
Instrument ID, NS500355
Integrated Chassis ID, ICA1415024
Imaging Module ID, IMB1624024
FPGA version, r.2016.3.0
Camera FW version, 1.080
Stage FW version, 15059452_v0.07                 
Flow Cell Serial Number, HGWJ2BGXG
Start Date, 12/2/2021
Start Time, 12:11:24 PM



FanName,Id,PPM,MeasuredPPM,Status
LED,0,5,8477,Pass
Ebox0,1,5,0,NotTested
Ebox1,2,5,30,Pass
Exhaust0,4,5,8267,Pass
Exhaust1,5,5,8321,Pass
Exhaust2,6,5,8164,Pass
Flowcell,3,5,17939,Pass
