Filename, D:\Illumina\SystemCheckResults\TempProbeTest\NS500355 2021-12-02__12_11_35\NS500355_TempProbeTest_Results.csv
Application, 2.2.0.2
Test Name, TempProbeTest
Location, Field
Instrument ID, NS500355
Integrated Chassis ID, ICA1415024
Imaging Module ID, IMB1624024
FPGA version, r.2016.3.0
Camera FW version, 1.080
Stage FW version, 15059452_v0.07                 
Flow Cell Serial Number, HGWJ2BGXG
Start Date, 12/2/2021
Start Time, 12:11:35 PM



TempProbeName,Id,Temp,MeasuredTemp,Status
Board0,0,0,42.667,Pass
Board1,1,0,46.946,Pass
Camera0,4,0,31.1376,Pass
Camera1,5,0,31.2004,Pass
Camera2,6,0,30.75,Pass
Camera3,7,0,30.7878,Pass
Camera4,8,0,31.3254,Pass
Camera5,9,0,31.25,Pass
ThermoCouple_Side,2,0,25.65,Pass
ThermoCouple_Rear,3,0,32.25,Pass
