<?xml version="1.0"?>
<IcTestResult xmlns:xsd="http://www.w3.org/2001/XMLSchema" xmlns:xsi="http://www.w3.org/2001/XMLSchema-instance" Id="NS500355_2021-12-02T12:11:24">
  <TestName>FanTest</TestName>
  <ModuleVersion>2.2.0.2</ModuleVersion>
  <InstrumentId>NS500355</InstrumentId>
  <IntegratedChassisId>ICA1415024</IntegratedChassisId>
  <ImagingModuleId>IMB1624024</ImagingModuleId>
  <FpgaVersion>r.2016.3.0</FpgaVersion>
  <CameraFWVersion>1.080</CameraFWVersion>
  <StageFWVersion>15059452_v0.07                 </StageFWVersion>
  <FlowCellSerial>HGWJ2BGXG</FlowCellSerial>
  <Location>Field</Location>
  <FileName>D:\Illumina\SystemCheckResults\FanTest\NS500355 2021-12-02__12_11_24\NS500355_FanTest_Results.xml</FileName>
  <RecipeName />
  <StartTime>2021-12-02T12:11:24.8602272-05:00</StartTime>
  <EndTime>2021-12-02T12:11:35.1102416-05:00</EndTime>
  <IntegratedChassis>
    <Metrics />
    <Cycles>
      <Cycle Number="1">
        <Metrics>
          <Temperature>
            <Metrics>
              <Metric Name="Fan_Name" Type="xsd:int" Value="LED" />
              <Metric Name="Id" Type="xsd:float" Value="0" />
              <Metric Name="Target_PPM" Type="xsd:float" Value="5" />
              <Metric Name="Measured_PPM" Type="xsd:float" Value="8477" />
              <Metric Name="Status" Type="xsd:float" Value="Pass" />
            </Metrics>
          </Temperature>
          <Temperature>
            <Metrics>
              <Metric Name="Fan_Name" Type="xsd:int" Value="Ebox1" />
              <Metric Name="Id" Type="xsd:float" Value="2" />
              <Metric Name="Target_PPM" Type="xsd:float" Value="5" />
              <Metric Name="Measured_PPM" Type="xsd:float" Value="30" />
              <Metric Name="Status" Type="xsd:float" Value="Pass" />
            </Metrics>
          </Temperature>
          <Temperature>
            <Metrics>
              <Metric Name="Fan_Name" Type="xsd:int" Value="Exhaust0" />
              <Metric Name="Id" Type="xsd:float" Value="4" />
              <Metric Name="Target_PPM" Type="xsd:float" Value="5" />
              <Metric Name="Measured_PPM" Type="xsd:float" Value="8267" />
              <Metric Name="Status" Type="xsd:float" Value="Pass" />
            </Metrics>
          </Temperature>
          <Temperature>
            <Metrics>
              <Metric Name="Fan_Name" Type="xsd:int" Value="Exhaust1" />
              <Metric Name="Id" Type="xsd:float" Value="5" />
              <Metric Name="Target_PPM" Type="xsd:float" Value="5" />
              <Metric Name="Measured_PPM" Type="xsd:float" Value="8321" />
              <Metric Name="Status" Type="xsd:float" Value="Pass" />
            </Metrics>
          </Temperature>
          <Temperature>
            <Metrics>
              <Metric Name="Fan_Name" Type="xsd:int" Value="Exhaust2" />
              <Metric Name="Id" Type="xsd:float" Value="6" />
              <Metric Name="Target_PPM" Type="xsd:float" Value="5" />
              <Metric Name="Measured_PPM" Type="xsd:float" Value="8164" />
              <Metric Name="Status" Type="xsd:float" Value="Pass" />
            </Metrics>
          </Temperature>
          <Temperature>
            <Metrics>
              <Metric Name="Fan_Name" Type="xsd:int" Value="Flowcell" />
              <Metric Name="Id" Type="xsd:float" Value="3" />
              <Metric Name="Target_PPM" Type="xsd:float" Value="5" />
              <Metric Name="Measured_PPM" Type="xsd:float" Value="17939" />
              <Metric Name="Status" Type="xsd:float" Value="Pass" />
            </Metrics>
          </Temperature>
        </Metrics>
      </Cycle>
    </Cycles>
    <LaneValves />
  </IntegratedChassis>
</IcTestResult>